#
# There is insufficient memory for the Java Runtime Environment to continue.
# Native memory allocation (malloc) failed to allocate 1323712 bytes. Error detail: Chunk::new
# Possible reasons:
#   The system is out of physical RAM or swap space
#   This process is running with CompressedOops enabled, and the Java Heap may be blocking the growth of the native heap
# Possible solutions:
#   Reduce memory load on the system
#   Increase physical memory or swap space
#   Check if swap backing store is full
#   Decrease Java heap size (-Xmx/-Xms)
#   Decrease number of Java threads
#   Decrease Java thread stack sizes (-Xss)
#   Set larger code cache with -XX:ReservedCodeCacheSize=
#   JVM is running with Unscaled Compressed Oops mode in which the Java heap is
#     placed in the first 4GB address space. The Java Heap base address is the
#     maximum limit for the native heap growth. Please use -XX:HeapBaseMinAddress
#     to set the Java Heap base and to place the Java Heap above 4GB virtual address.
# This output file may be truncated or incomplete.
#
#  Out of Memory Error (arena.cpp:168), pid=5124, tid=9272
#
# JRE version: OpenJDK Runtime Environment (21.0.10) (build 21.0.10+-14961533-b1163.108)
# Java VM: OpenJDK 64-Bit Server VM (21.0.10+-14961533-b1163.108, mixed mode, tiered, compressed oops, compressed class ptrs, g1 gc, windows-amd64)
# No core dump will be written. Minidumps are not enabled by default on client versions of Windows
#

---------------  S U M M A R Y ------------

Command Line: --add-opens=java.base/java.util=ALL-UNNAMED --add-opens=java.base/java.lang=ALL-UNNAMED --add-opens=java.base/java.lang.invoke=ALL-UNNAMED --add-opens=java.prefs/java.util.prefs=ALL-UNNAMED --add-opens=java.base/java.nio.charset=ALL-UNNAMED --add-opens=java.base/java.net=ALL-UNNAMED --add-opens=java.base/java.util.concurrent.atomic=ALL-UNNAMED -Xmx2048m -Dfile.encoding=UTF-8 -Duser.country=US -Duser.language=en -Duser.variant -javaagent:C:\Users\Annu pc\.gradle\wrapper\dists\gradle-8.7-bin\bhs2wmbdwecv87pi65oeuq5iu\gradle-8.7\lib\agents\gradle-instrumentation-agent-8.7.jar org.gradle.launcher.daemon.bootstrap.GradleDaemon 8.7

Host: Intel(R) Core(TM) i7-6700 CPU @ 3.40GHz, 8 cores, 15G,  Windows 11 , 64 bit Build 22621 (10.0.22621.5415)
Time: Mon Jun  8 18:06:05 2026 India Standard Time elapsed time: 34.597146 seconds (0d 0h 0m 34s)

---------------  T H R E A D  ---------------

Current thread (0x000001dbcb232a00):  JavaThread "C2 CompilerThread1" daemon [_thread_in_native, id=9272, stack(0x00000010abd00000,0x00000010abe00000) (1024K)]


Current CompileTask:
C2:34597 24054 % !   4       com.android.tools.r8.dex.C::k @ 99 (2698 bytes)

Stack: [0x00000010abd00000,0x00000010abe00000]
Native frames: (J=compiled Java code, j=interpreted, Vv=VM code, C=native code)
V  [jvm.dll+0x6d78a9]
V  [jvm.dll+0x8665b3]
V  [jvm.dll+0x868bde]
V  [jvm.dll+0x8692c3]
V  [jvm.dll+0x280ee6]
V  [jvm.dll+0xc07cd]
V  [jvm.dll+0xc0d03]
V  [jvm.dll+0x3ba0cb]
V  [jvm.dll+0x1dfe64]
V  [jvm.dll+0x249d24]
V  [jvm.dll+0x2491a1]
V  [jvm.dll+0x1c76e4]
V  [jvm.dll+0x25891e]
V  [jvm.dll+0x256e66]
V  [jvm.dll+0x3f513e]
V  [jvm.dll+0x80fd28]
V  [jvm.dll+0x6d60fd]
C  [ucrtbase.dll+0x29333]
C  [KERNEL32.DLL+0x1259d]
C  [ntdll.dll+0x5af78]


---------------  P R O C E S S  ---------------

Threads class SMR info:
_java_thread_list=0x000001dbcc8a6ed0, length=161, elements={
0x000001dba9186720, 0x000001dbc0998730, 0x000001dbc09ab240, 0x000001dbc099d890,
0x000001dbc09be050, 0x000001dbc09be6c0, 0x000001dbc09bed30, 0x000001dbc09bf3a0,
0x000001dbc09d7fa0, 0x000001dbc09feb30, 0x000001dbc50778e0, 0x000001dbc6952370,
0x000001dbc72233b0, 0x000001dbc70c3a80, 0x000001dbc70f3860, 0x000001dbc5fb2b30,
0x000001dbc5c6f2a0, 0x000001dbc69bb960, 0x000001dbc72039c0, 0x000001dbc7205400,
0x000001dbc7204050, 0x000001dbc72046e0, 0x000001dbc7202ca0, 0x000001dbc7203330,
0x000001dbc7205a90, 0x000001dbc99bb8d0, 0x000001dbc99ba520, 0x000001dbc99bb240,
0x000001dbc99b9e90, 0x000001dbc99babb0, 0x000001dbc99b9800, 0x000001dbc99bc5f0,
0x000001dbc8e136a0, 0x000001dbc8e150e0, 0x000001dbc8e122f0, 0x000001dbc8e12980,
0x000001dbc8e13010, 0x000001dbc7dacc10, 0x000001dbc7db1ad0, 0x000001dbc7dab860,
0x000001dbc7dab1d0, 0x000001dbc7dad930, 0x000001dbc7db0090, 0x000001dbc7daab40,
0x000001dbc7dad2a0, 0x000001dbc7dadfc0, 0x000001dbc7dabef0, 0x000001dbcbe641d0,
0x000001dbcbe64860, 0x000001dbcbe64ef0, 0x000001dbcbe65580, 0x000001dbcbe62e20,
0x000001dbcbe662a0, 0x000001dbcbe634b0, 0x000001dbcbe63b40, 0x000001dbcbe65c10,
0x000001dbc7dac580, 0x000001dbcc088140, 0x000001dbcc087ab0, 0x000001dbcc0887d0,
0x000001dbcc088e60, 0x000001dbcba5a630, 0x000001dbcba54a50, 0x000001dbcba58bf0,
0x000001dbcbf432b0, 0x000001dbcbf45380, 0x000001dbcbf43940, 0x000001dbcbf45a10,
0x000001dbcbf49520, 0x000001dbcbf43fd0, 0x000001dbcbf42c20, 0x000001dbcbf48800,
0x000001dbcbf460a0, 0x000001dbcbf44660, 0x000001dbcbf44cf0, 0x000001dbcba57840,
0x000001dbcba57ed0, 0x000001dbc7db1440, 0x000001dbd2698b30, 0x000001dbd2695d40,
0x000001dbd26984a0, 0x000001dbd2695020, 0x000001dbc5185280, 0x000001dbc5182b20,
0x000001dbc517e2f0, 0x000001dbc51831b0, 0x000001dbc51803c0, 0x000001dbc51810e0,
0x000001dbc517e980, 0x000001dbc5183840, 0x000001dbc5183ed0, 0x000001dbc517f010,
0x000001dbc5184bf0, 0x000001dbc5180a50, 0x000001dbc5181770, 0x000001dbc517dc60,
0x000001dbc6254030, 0x000001dbc62546c0, 0x000001dbcc582c40, 0x000001dbcc5804e0,
0x000001dbcc584680, 0x000001dbcc581f20, 0x000001dbcc581200, 0x000001dbcc5832d0,
0x000001dbcc5825b0, 0x000001dbcc5853a0, 0x000001dbcc580b70, 0x000001dbcc585a30,
0x000001dbcc5860c0, 0x000001dbcc583ff0, 0x000001dbcc57f130, 0x000001dbcc586750,
0x000001dbcc57fe50, 0x000001dbcc57f7c0, 0x000001dbcc581890, 0x000001dbc6256790,
0x000001dbc6255a70, 0x000001dbc6258860, 0x000001dbc6252c80, 0x000001dbc62574b0,
0x000001dbc6254d50, 0x000001dbc6258ef0, 0x000001dbc6256e20, 0x000001dbc6259580,
0x000001dbc6259c10, 0x000001dbc62539a0, 0x000001dbc62553e0, 0x000001dbc6256100,
0x000001dbc6257b40, 0x000001dbc62581d0, 0x000001dbd269b290, 0x000001dbd2699850,
0x000001dbd2697780, 0x000001dbd2694300, 0x000001dbd2699ee0, 0x000001dbd26991c0,
0x000001dbd269a570, 0x000001dbd26956b0, 0x000001dbd2697e10, 0x000001dbcc086700,
0x000001dbcc087420, 0x000001dbcb1d1440, 0x000001dbcb1d2160, 0x000001dbcb1d4f50,
0x000001dbcb1d55e0, 0x000001dbcb1d7020, 0x000001dbcb1d76b0, 0x000001dbcb232a00,
0x000001dbcb1d83d0, 0x000001dbcb1d5c70, 0x000001dbcb1d8a60, 0x000001dbcb1d90f0,
0x000001dbcb1d27f0, 0x000001dbcb1d9e10, 0x000001dbcb1da4a0, 0x000001dbcb1dab30,
0x000001dbcb22c3d0, 0x000001dbccecc380, 0x000001dbccec53f0, 0x000001dbccec9c20,
0x000001dbcb1d4230
}

Java Threads: ( => current thread )
  0x000001dba9186720 JavaThread "main"                              [_thread_blocked, id=13840, stack(0x00000010aab00000,0x00000010aac00000) (1024K)]
  0x000001dbc0998730 JavaThread "Common-Cleaner"             daemon [_thread_blocked, id=15108, stack(0x00000010ab300000,0x00000010ab400000) (1024K)]
  0x000001dbc09ab240 JavaThread "Reference Handler"          daemon [_thread_blocked, id=2240, stack(0x00000010ab400000,0x00000010ab500000) (1024K)]
  0x000001dbc099d890 JavaThread "Finalizer"                  daemon [_thread_blocked, id=6084, stack(0x00000010ab500000,0x00000010ab600000) (1024K)]
  0x000001dbc09be050 JavaThread "Signal Dispatcher"          daemon [_thread_blocked, id=13720, stack(0x00000010ab600000,0x00000010ab700000) (1024K)]
  0x000001dbc09be6c0 JavaThread "Attach Listener"            daemon [_thread_blocked, id=960, stack(0x00000010ab700000,0x00000010ab800000) (1024K)]
  0x000001dbc09bed30 JavaThread "Service Thread"             daemon [_thread_blocked, id=1892, stack(0x00000010ab800000,0x00000010ab900000) (1024K)]
  0x000001dbc09bf3a0 JavaThread "Monitor Deflation Thread"   daemon [_thread_blocked, id=15820, stack(0x00000010ab900000,0x00000010aba00000) (1024K)]
  0x000001dbc09d7fa0 JavaThread "C2 CompilerThread0"         daemon [_thread_in_vm, id=13920, stack(0x00000010aba00000,0x00000010abb00000) (1024K)]
  0x000001dbc09feb30 JavaThread "C1 CompilerThread0"         daemon [_thread_blocked, id=12316, stack(0x00000010abb00000,0x00000010abc00000) (1024K)]
  0x000001dbc50778e0 JavaThread "Notification Thread"        daemon [_thread_blocked, id=16324, stack(0x00000010abc00000,0x00000010abd00000) (1024K)]
  0x000001dbc6952370 JavaThread "Daemon health stats"               [_thread_blocked, id=2756, stack(0x00000010ac400000,0x00000010ac500000) (1024K)]
  0x000001dbc72233b0 JavaThread "Incoming local TCP Connector on port 54056"        [_thread_in_native, id=15524, stack(0x00000010ac500000,0x00000010ac600000) (1024K)]
  0x000001dbc70c3a80 JavaThread "Daemon periodic checks"            [_thread_blocked, id=10932, stack(0x00000010ac600000,0x00000010ac700000) (1024K)]
  0x000001dbc70f3860 JavaThread "Daemon"                            [_thread_blocked, id=2120, stack(0x00000010ac700000,0x00000010ac800000) (1024K)]
  0x000001dbc5fb2b30 JavaThread "Handler for socket connection from /127.0.0.1:54056 to /127.0.0.1:54057"        [_thread_in_native, id=1772, stack(0x00000010ac800000,0x00000010ac900000) (1024K)]
  0x000001dbc5c6f2a0 JavaThread "Cancel handler"                    [_thread_blocked, id=10044, stack(0x00000010ac900000,0x00000010aca00000) (1024K)]
  0x000001dbc69bb960 JavaThread "Daemon worker"                     [_thread_blocked, id=16872, stack(0x00000010aca00000,0x00000010acb00000) (1024K)]
  0x000001dbc72039c0 JavaThread "Asynchronous log dispatcher for DefaultDaemonConnection: socket connection from /127.0.0.1:54056 to /127.0.0.1:54057"        [_thread_blocked, id=4328, stack(0x00000010acb00000,0x00000010acc00000) (1024K)]
  0x000001dbc7205400 JavaThread "Stdin handler"                     [_thread_blocked, id=5520, stack(0x00000010acc00000,0x00000010acd00000) (1024K)]
  0x000001dbc7204050 JavaThread "Daemon client event forwarder"        [_thread_blocked, id=12692, stack(0x00000010acd00000,0x00000010ace00000) (1024K)]
  0x000001dbc72046e0 JavaThread "Cache worker for journal cache (C:\Users\Annu pc\.gradle\caches\journal-1)"        [_thread_blocked, id=2572, stack(0x00000010ad100000,0x00000010ad200000) (1024K)]
  0x000001dbc7202ca0 JavaThread "File lock request listener"        [_thread_in_native, id=14708, stack(0x00000010ad200000,0x00000010ad300000) (1024K)]
  0x000001dbc7203330 JavaThread "Cache worker for file hash cache (C:\Users\Annu pc\.gradle\caches\8.7\fileHashes)"        [_thread_blocked, id=10296, stack(0x00000010ad300000,0x00000010ad400000) (1024K)]
  0x000001dbc7205a90 JavaThread "Cache worker for file hash cache (D:\AOPAYFINANCEAPP\OQPAY-FinanceAndroidApplication\.gradle\8.7\fileHashes)"        [_thread_blocked, id=9508, stack(0x00000010ad400000,0x00000010ad500000) (1024K)]
  0x000001dbc99bb8d0 JavaThread "File watcher server"        daemon [_thread_in_native, id=1536, stack(0x00000010ad500000,0x00000010ad600000) (1024K)]
  0x000001dbc99ba520 JavaThread "File watcher consumer"      daemon [_thread_blocked, id=6120, stack(0x00000010ad600000,0x00000010ad700000) (1024K)]
  0x000001dbc99bb240 JavaThread "Cache worker for checksums cache (D:\AOPAYFINANCEAPP\OQPAY-FinanceAndroidApplication\.gradle\8.7\checksums)"        [_thread_blocked, id=10068, stack(0x00000010ad700000,0x00000010ad800000) (1024K)]
  0x000001dbc99b9e90 JavaThread "Cache worker for cache directory md-supplier (C:\Users\Annu pc\.gradle\caches\8.7\md-supplier)"        [_thread_blocked, id=1492, stack(0x00000010ad800000,0x00000010ad900000) (1024K)]
  0x000001dbc99babb0 JavaThread "Cache worker for cache directory md-rule (C:\Users\Annu pc\.gradle\caches\8.7\md-rule)"        [_thread_blocked, id=14580, stack(0x00000010ad900000,0x00000010ada00000) (1024K)]
  0x000001dbc99b9800 JavaThread "Cache worker for file content cache (C:\Users\Annu pc\.gradle\caches\8.7\fileContent)"        [_thread_blocked, id=14616, stack(0x00000010ada00000,0x00000010adb00000) (1024K)]
  0x000001dbc99bc5f0 JavaThread "jar transforms"                    [_thread_blocked, id=11184, stack(0x00000010adb00000,0x00000010adc00000) (1024K)]
  0x000001dbc8e136a0 JavaThread "jar transforms Thread 2"           [_thread_blocked, id=15132, stack(0x00000010adc00000,0x00000010add00000) (1024K)]
  0x000001dbc8e150e0 JavaThread "jar transforms Thread 3"           [_thread_blocked, id=9056, stack(0x00000010add00000,0x00000010ade00000) (1024K)]
  0x000001dbc8e122f0 JavaThread "Unconstrained build operations"        [_thread_blocked, id=5332, stack(0x00000010ade00000,0x00000010adf00000) (1024K)]
  0x000001dbc8e12980 JavaThread "Unconstrained build operations Thread 2"        [_thread_blocked, id=15272, stack(0x00000010adf00000,0x00000010ae000000) (1024K)]
  0x000001dbc8e13010 JavaThread "Unconstrained build operations Thread 3"        [_thread_blocked, id=3172, stack(0x00000010ae000000,0x00000010ae100000) (1024K)]
  0x000001dbc7dacc10 JavaThread "Unconstrained build operations Thread 4"        [_thread_blocked, id=5608, stack(0x00000010ae100000,0x00000010ae200000) (1024K)]
  0x000001dbc7db1ad0 JavaThread "Unconstrained build operations Thread 5"        [_thread_blocked, id=17160, stack(0x00000010ae200000,0x00000010ae300000) (1024K)]
  0x000001dbc7dab860 JavaThread "Unconstrained build operations Thread 6"        [_thread_blocked, id=8640, stack(0x00000010ae300000,0x00000010ae400000) (1024K)]
  0x000001dbc7dab1d0 JavaThread "Unconstrained build operations Thread 7"        [_thread_blocked, id=17348, stack(0x00000010ae400000,0x00000010ae500000) (1024K)]
  0x000001dbc7dad930 JavaThread "jar transforms Thread 4"           [_thread_blocked, id=14068, stack(0x00000010ae500000,0x00000010ae600000) (1024K)]
  0x000001dbc7db0090 JavaThread "jar transforms Thread 5"           [_thread_blocked, id=8452, stack(0x00000010ae600000,0x00000010ae700000) (1024K)]
  0x000001dbc7daab40 JavaThread "jar transforms Thread 6"           [_thread_blocked, id=2808, stack(0x00000010ae700000,0x00000010ae800000) (1024K)]
  0x000001dbc7dad2a0 JavaThread "jar transforms Thread 7"           [_thread_blocked, id=9432, stack(0x00000010ae800000,0x00000010ae900000) (1024K)]
  0x000001dbc7dadfc0 JavaThread "jar transforms Thread 8"           [_thread_blocked, id=9072, stack(0x00000010ae900000,0x00000010aea00000) (1024K)]
  0x000001dbc7dabef0 JavaThread "Cache worker for Build Output Cleanup Cache (D:\AOPAYFINANCEAPP\OQPAY-FinanceAndroidApplication\.gradle\buildOutputCleanup)"        [_thread_blocked, id=11536, stack(0x00000010aea00000,0x00000010aeb00000) (1024K)]
  0x000001dbcbe641d0 JavaThread "Unconstrained build operations Thread 8"        [_thread_blocked, id=10404, stack(0x00000010aeb00000,0x00000010aec00000) (1024K)]
  0x000001dbcbe64860 JavaThread "Unconstrained build operations Thread 9"        [_thread_blocked, id=9156, stack(0x00000010aec00000,0x00000010aed00000) (1024K)]
  0x000001dbcbe64ef0 JavaThread "Unconstrained build operations Thread 10"        [_thread_blocked, id=7684, stack(0x00000010aed00000,0x00000010aee00000) (1024K)]
  0x000001dbcbe65580 JavaThread "Unconstrained build operations Thread 11"        [_thread_blocked, id=14196, stack(0x00000010aee00000,0x00000010aef00000) (1024K)]
  0x000001dbcbe62e20 JavaThread "Unconstrained build operations Thread 12"        [_thread_blocked, id=11924, stack(0x00000010aef00000,0x00000010af000000) (1024K)]
  0x000001dbcbe662a0 JavaThread "Unconstrained build operations Thread 13"        [_thread_blocked, id=4812, stack(0x00000010af000000,0x00000010af100000) (1024K)]
  0x000001dbcbe634b0 JavaThread "Unconstrained build operations Thread 14"        [_thread_blocked, id=8860, stack(0x00000010af100000,0x00000010af200000) (1024K)]
  0x000001dbcbe63b40 JavaThread "Unconstrained build operations Thread 15"        [_thread_blocked, id=5584, stack(0x00000010af200000,0x00000010af300000) (1024K)]
  0x000001dbcbe65c10 JavaThread "Unconstrained build operations Thread 16"        [_thread_blocked, id=14204, stack(0x00000010af300000,0x00000010af400000) (1024K)]
  0x000001dbc7dac580 JavaThread "Unconstrained build operations Thread 17"        [_thread_blocked, id=1808, stack(0x00000010af400000,0x00000010af500000) (1024K)]
  0x000001dbcc088140 JavaThread "Unconstrained build operations Thread 18"        [_thread_blocked, id=5596, stack(0x00000010af500000,0x00000010af600000) (1024K)]
  0x000001dbcc087ab0 JavaThread "Unconstrained build operations Thread 19"        [_thread_blocked, id=10900, stack(0x00000010af600000,0x00000010af700000) (1024K)]
  0x000001dbcc0887d0 JavaThread "Unconstrained build operations Thread 20"        [_thread_blocked, id=6468, stack(0x00000010af700000,0x00000010af800000) (1024K)]
  0x000001dbcc088e60 JavaThread "Unconstrained build operations Thread 21"        [_thread_blocked, id=10436, stack(0x00000010af800000,0x00000010af900000) (1024K)]
  0x000001dbcba5a630 JavaThread "build event listener"              [_thread_blocked, id=3176, stack(0x00000010af900000,0x00000010afa00000) (1024K)]
  0x000001dbcba54a50 JavaThread "Memory manager"                    [_thread_blocked, id=8156, stack(0x00000010afa00000,0x00000010afb00000) (1024K)]
  0x000001dbcba58bf0 JavaThread "build event listener"              [_thread_blocked, id=6308, stack(0x00000010afb00000,0x00000010afc00000) (1024K)]
  0x000001dbcbf432b0 JavaThread "pool-3-thread-1"                   [_thread_blocked, id=14596, stack(0x00000010afc00000,0x00000010afd00000) (1024K)]
  0x000001dbcbf45380 JavaThread "build event listener"              [_thread_blocked, id=11072, stack(0x00000010afd00000,0x00000010afe00000) (1024K)]
  0x000001dbcbf43940 JavaThread "included builds"                   [_thread_blocked, id=5300, stack(0x00000010afe00000,0x00000010aff00000) (1024K)]
  0x000001dbcbf45a10 JavaThread "Execution worker"                  [_thread_blocked, id=3164, stack(0x00000010aff00000,0x00000010b0000000) (1024K)]
  0x000001dbcbf49520 JavaThread "Execution worker Thread 2"         [_thread_blocked, id=5196, stack(0x00000010b0000000,0x00000010b0100000) (1024K)]
  0x000001dbcbf43fd0 JavaThread "Execution worker Thread 3"         [_thread_blocked, id=4120, stack(0x00000010b0100000,0x00000010b0200000) (1024K)]
  0x000001dbcbf42c20 JavaThread "Execution worker Thread 4"         [_thread_blocked, id=15732, stack(0x00000010b0200000,0x00000010b0300000) (1024K)]
  0x000001dbcbf48800 JavaThread "Execution worker Thread 5"         [_thread_blocked, id=9616, stack(0x00000010b0300000,0x00000010b0400000) (1024K)]
  0x000001dbcbf460a0 JavaThread "Execution worker Thread 6"         [_thread_blocked, id=4520, stack(0x00000010b0400000,0x00000010b0500000) (1024K)]
  0x000001dbcbf44660 JavaThread "Execution worker Thread 7"         [_thread_blocked, id=324, stack(0x00000010b0500000,0x00000010b0600000) (1024K)]
  0x000001dbcbf44cf0 JavaThread "Cache worker for execution history cache (D:\AOPAYFINANCEAPP\OQPAY-FinanceAndroidApplication\.gradle\8.7\executionHistory)"        [_thread_blocked, id=6736, stack(0x00000010b0600000,0x00000010b0700000) (1024K)]
  0x000001dbcba57840 JavaThread "Unconstrained build operations Thread 22"        [_thread_blocked, id=16224, stack(0x00000010b0700000,0x00000010b0800000) (1024K)]
  0x000001dbcba57ed0 JavaThread "Unconstrained build operations Thread 23"        [_thread_blocked, id=13988, stack(0x00000010b0800000,0x00000010b0900000) (1024K)]
  0x000001dbc7db1440 JavaThread "Unconstrained build operations Thread 24"        [_thread_blocked, id=3488, stack(0x00000010b0900000,0x00000010b0a00000) (1024K)]
  0x000001dbd2698b30 JavaThread "Unconstrained build operations Thread 25"        [_thread_blocked, id=6344, stack(0x00000010b0a00000,0x00000010b0b00000) (1024K)]
  0x000001dbd2695d40 JavaThread "Unconstrained build operations Thread 26"        [_thread_blocked, id=13696, stack(0x00000010b0b00000,0x00000010b0c00000) (1024K)]
  0x000001dbd26984a0 JavaThread "Unconstrained build operations Thread 27"        [_thread_blocked, id=7452, stack(0x00000010b0c00000,0x00000010b0d00000) (1024K)]
  0x000001dbd2695020 JavaThread "Unconstrained build operations Thread 28"        [_thread_blocked, id=7872, stack(0x00000010b0d00000,0x00000010b0e00000) (1024K)]
  0x000001dbc5185280 JavaThread "Unconstrained build operations Thread 29"        [_thread_blocked, id=2068, stack(0x00000010b0e00000,0x00000010b0f00000) (1024K)]
  0x000001dbc5182b20 JavaThread "Unconstrained build operations Thread 30"        [_thread_blocked, id=9992, stack(0x00000010b0f00000,0x00000010b1000000) (1024K)]
  0x000001dbc517e2f0 JavaThread "Unconstrained build operations Thread 31"        [_thread_blocked, id=13560, stack(0x00000010b1000000,0x00000010b1100000) (1024K)]
  0x000001dbc51831b0 JavaThread "Unconstrained build operations Thread 32"        [_thread_blocked, id=15740, stack(0x00000010b1100000,0x00000010b1200000) (1024K)]
  0x000001dbc51803c0 JavaThread "Unconstrained build operations Thread 33"        [_thread_blocked, id=14908, stack(0x00000010b1200000,0x00000010b1300000) (1024K)]
  0x000001dbc51810e0 JavaThread "Unconstrained build operations Thread 34"        [_thread_blocked, id=4544, stack(0x00000010b1300000,0x00000010b1400000) (1024K)]
  0x000001dbc517e980 JavaThread "Unconstrained build operations Thread 35"        [_thread_blocked, id=17396, stack(0x00000010b1400000,0x00000010b1500000) (1024K)]
  0x000001dbc5183840 JavaThread "Unconstrained build operations Thread 36"        [_thread_blocked, id=7284, stack(0x00000010b1500000,0x00000010b1600000) (1024K)]
  0x000001dbc5183ed0 JavaThread "Unconstrained build operations Thread 37"        [_thread_blocked, id=6088, stack(0x00000010b1600000,0x00000010b1700000) (1024K)]
  0x000001dbc517f010 JavaThread "Unconstrained build operations Thread 38"        [_thread_blocked, id=4188, stack(0x00000010b1700000,0x00000010b1800000) (1024K)]
  0x000001dbc5184bf0 JavaThread "Unconstrained build operations Thread 39"        [_thread_blocked, id=10028, stack(0x00000010b1800000,0x00000010b1900000) (1024K)]
  0x000001dbc5180a50 JavaThread "Unconstrained build operations Thread 40"        [_thread_blocked, id=4008, stack(0x00000010b1900000,0x00000010b1a00000) (1024K)]
  0x000001dbc5181770 JavaThread "Unconstrained build operations Thread 41"        [_thread_blocked, id=8644, stack(0x00000010b1a00000,0x00000010b1b00000) (1024K)]
  0x000001dbc517dc60 JavaThread "Unconstrained build operations Thread 42"        [_thread_blocked, id=11152, stack(0x00000010b1b00000,0x00000010b1c00000) (1024K)]
  0x000001dbc6254030 JavaThread "WorkerExecutor Queue"              [_thread_blocked, id=3056, stack(0x00000010b1c00000,0x00000010b1d00000) (1024K)]
  0x000001dbc62546c0 JavaThread "WorkerExecutor Queue Thread 2"        [_thread_in_native, id=3376, stack(0x00000010b1d00000,0x00000010b1e00000) (1024K)]
  0x000001dbcc582c40 JavaThread "Unconstrained build operations Thread 43"        [_thread_blocked, id=7080, stack(0x00000010b1e00000,0x00000010b1f00000) (1024K)]
  0x000001dbcc5804e0 JavaThread "WorkerExecutor Queue Thread 3"        [_thread_in_Java, id=8840, stack(0x00000010b1f00000,0x00000010b2000000) (1024K)]
  0x000001dbcc584680 JavaThread "Unconstrained build operations Thread 44"        [_thread_blocked, id=11192, stack(0x00000010b2000000,0x00000010b2100000) (1024K)]
  0x000001dbcc581f20 JavaThread "Unconstrained build operations Thread 45"        [_thread_blocked, id=6952, stack(0x00000010b2100000,0x00000010b2200000) (1024K)]
  0x000001dbcc581200 JavaThread "Unconstrained build operations Thread 46"        [_thread_blocked, id=13916, stack(0x00000010b2200000,0x00000010b2300000) (1024K)]
  0x000001dbcc5832d0 JavaThread "Unconstrained build operations Thread 47"        [_thread_blocked, id=11992, stack(0x00000010b2300000,0x00000010b2400000) (1024K)]
  0x000001dbcc5825b0 JavaThread "Unconstrained build operations Thread 48"        [_thread_blocked, id=5468, stack(0x00000010b2400000,0x00000010b2500000) (1024K)]
  0x000001dbcc5853a0 JavaThread "Unconstrained build operations Thread 49"        [_thread_blocked, id=14320, stack(0x00000010b2500000,0x00000010b2600000) (1024K)]
  0x000001dbcc580b70 JavaThread "Unconstrained build operations Thread 50"        [_thread_blocked, id=16392, stack(0x00000010b2600000,0x00000010b2700000) (1024K)]
  0x000001dbcc585a30 JavaThread "Unconstrained build operations Thread 51"        [_thread_blocked, id=9972, stack(0x00000010b2700000,0x00000010b2800000) (1024K)]
  0x000001dbcc5860c0 JavaThread "Unconstrained build operations Thread 52"        [_thread_blocked, id=8928, stack(0x00000010b2800000,0x00000010b2900000) (1024K)]
  0x000001dbcc583ff0 JavaThread "Unconstrained build operations Thread 53"        [_thread_blocked, id=15236, stack(0x00000010b2900000,0x00000010b2a00000) (1024K)]
  0x000001dbcc57f130 JavaThread "Unconstrained build operations Thread 54"        [_thread_blocked, id=8384, stack(0x00000010b2a00000,0x00000010b2b00000) (1024K)]
  0x000001dbcc586750 JavaThread "Unconstrained build operations Thread 55"        [_thread_blocked, id=9388, stack(0x00000010b2b00000,0x00000010b2c00000) (1024K)]
  0x000001dbcc57fe50 JavaThread "Unconstrained build operations Thread 56"        [_thread_blocked, id=17204, stack(0x00000010b2c00000,0x00000010b2d00000) (1024K)]
  0x000001dbcc57f7c0 JavaThread "Unconstrained build operations Thread 57"        [_thread_blocked, id=3252, stack(0x00000010b2d00000,0x00000010b2e00000) (1024K)]
  0x000001dbcc581890 JavaThread "Unconstrained build operations Thread 58"        [_thread_blocked, id=10348, stack(0x00000010b2e00000,0x00000010b2f00000) (1024K)]
  0x000001dbc6256790 JavaThread "Unconstrained build operations Thread 59"        [_thread_blocked, id=5544, stack(0x00000010b2f00000,0x00000010b3000000) (1024K)]
  0x000001dbc6255a70 JavaThread "Unconstrained build operations Thread 60"        [_thread_blocked, id=9636, stack(0x00000010b3000000,0x00000010b3100000) (1024K)]
  0x000001dbc6258860 JavaThread "Unconstrained build operations Thread 61"        [_thread_blocked, id=10836, stack(0x00000010b3100000,0x00000010b3200000) (1024K)]
  0x000001dbc6252c80 JavaThread "Unconstrained build operations Thread 62"        [_thread_blocked, id=12228, stack(0x00000010b3200000,0x00000010b3300000) (1024K)]
  0x000001dbc62574b0 JavaThread "Unconstrained build operations Thread 63"        [_thread_blocked, id=13884, stack(0x00000010b3300000,0x00000010b3400000) (1024K)]
  0x000001dbc6254d50 JavaThread "Unconstrained build operations Thread 64"        [_thread_blocked, id=8056, stack(0x00000010b3400000,0x00000010b3500000) (1024K)]
  0x000001dbc6258ef0 JavaThread "Unconstrained build operations Thread 65"        [_thread_blocked, id=6636, stack(0x00000010b3500000,0x00000010b3600000) (1024K)]
  0x000001dbc6256e20 JavaThread "Unconstrained build operations Thread 66"        [_thread_blocked, id=6224, stack(0x00000010b3600000,0x00000010b3700000) (1024K)]
  0x000001dbc6259580 JavaThread "Unconstrained build operations Thread 67"        [_thread_blocked, id=15864, stack(0x00000010b3700000,0x00000010b3800000) (1024K)]
  0x000001dbc6259c10 JavaThread "Unconstrained build operations Thread 68"        [_thread_blocked, id=17376, stack(0x00000010b3800000,0x00000010b3900000) (1024K)]
  0x000001dbc62539a0 JavaThread "Unconstrained build operations Thread 69"        [_thread_blocked, id=3008, stack(0x00000010b3900000,0x00000010b3a00000) (1024K)]
  0x000001dbc62553e0 JavaThread "Unconstrained build operations Thread 70"        [_thread_blocked, id=2356, stack(0x00000010b3a00000,0x00000010b3b00000) (1024K)]
  0x000001dbc6256100 JavaThread "Unconstrained build operations Thread 71"        [_thread_blocked, id=5308, stack(0x00000010b3b00000,0x00000010b3c00000) (1024K)]
  0x000001dbc6257b40 JavaThread "Unconstrained build operations Thread 72"        [_thread_blocked, id=12448, stack(0x00000010b3c00000,0x00000010b3d00000) (1024K)]
  0x000001dbc62581d0 JavaThread "Unconstrained build operations Thread 73"        [_thread_blocked, id=11164, stack(0x00000010b3d00000,0x00000010b3e00000) (1024K)]
  0x000001dbd269b290 JavaThread "Unconstrained build operations Thread 74"        [_thread_blocked, id=5092, stack(0x00000010b3e00000,0x00000010b3f00000) (1024K)]
  0x000001dbd2699850 JavaThread "Unconstrained build operations Thread 75"        [_thread_blocked, id=15764, stack(0x00000010b3f00000,0x00000010b4000000) (1024K)]
  0x000001dbd2697780 JavaThread "Unconstrained build operations Thread 76"        [_thread_blocked, id=13348, stack(0x00000010b4000000,0x00000010b4100000) (1024K)]
  0x000001dbd2694300 JavaThread "Unconstrained build operations Thread 77"        [_thread_blocked, id=15804, stack(0x00000010b4100000,0x00000010b4200000) (1024K)]
  0x000001dbd2699ee0 JavaThread "Unconstrained build operations Thread 78"        [_thread_blocked, id=14008, stack(0x00000010b4200000,0x00000010b4300000) (1024K)]
  0x000001dbd26991c0 JavaThread "Unconstrained build operations Thread 79"        [_thread_blocked, id=15152, stack(0x00000010b4300000,0x00000010b4400000) (1024K)]
  0x000001dbd269a570 JavaThread "Unconstrained build operations Thread 80"        [_thread_blocked, id=10048, stack(0x00000010b4400000,0x00000010b4500000) (1024K)]
  0x000001dbd26956b0 JavaThread "WorkerExecutor Queue Thread 4"        [_thread_in_Java, id=3576, stack(0x00000010b4500000,0x00000010b4600000) (1024K)]
  0x000001dbd2697e10 JavaThread "pool-4-thread-1"                   [_thread_blocked, id=5440, stack(0x00000010b4600000,0x00000010b4700000) (1024K)]
  0x000001dbcc086700 JavaThread "stderr"                            [_thread_in_native, id=13592, stack(0x00000010b4700000,0x00000010b4800000) (1024K)]
  0x000001dbcc087420 JavaThread "stdout"                            [_thread_in_native, id=7100, stack(0x00000010b4800000,0x00000010b4900000) (1024K)]
  0x000001dbcb1d1440 JavaThread "WorkerExecutor Queue Thread 5"        [_thread_blocked, id=14268, stack(0x00000010b4900000,0x00000010b4a00000) (1024K)]
  0x000001dbcb1d2160 JavaThread "RMI Scheduler(0)"           daemon [_thread_blocked, id=9704, stack(0x00000010b4a00000,0x00000010b4b00000) (1024K)]
  0x000001dbcb1d4f50 JavaThread "RMI GC Daemon"              daemon [_thread_blocked, id=4856, stack(0x00000010b4c00000,0x00000010b4d00000) (1024K)]
  0x000001dbcb1d55e0 JavaThread "RMI TCP Accept-0"           daemon [_thread_in_native, id=17296, stack(0x00000010b4d00000,0x00000010b4e00000) (1024K)]
  0x000001dbcb1d7020 JavaThread "RMI Reaper"                        [_thread_blocked, id=7260, stack(0x00000010b4e00000,0x00000010b4f00000) (1024K)]
  0x000001dbcb1d76b0 JavaThread "RMI TCP Connection(1)-127.0.0.1" daemon [_thread_in_native, id=7704, stack(0x00000010b4f00000,0x00000010b5000000) (1024K)]
=>0x000001dbcb232a00 JavaThread "C2 CompilerThread1"         daemon [_thread_in_native, id=9272, stack(0x00000010abd00000,0x00000010abe00000) (1024K)]
  0x000001dbcb1d83d0 JavaThread "Cache worker for Java compile cache (C:\Users\Annu pc\.gradle\caches\8.7\javaCompile)"        [_thread_blocked, id=2448, stack(0x00000010aa800000,0x00000010aa900000) (1024K)]
  0x000001dbcb1d5c70 JavaThread "Build operations"                  [_thread_blocked, id=13208, stack(0x00000010b5000000,0x00000010b5100000) (1024K)]
  0x000001dbcb1d8a60 JavaThread "Build operations Thread 2"         [_thread_blocked, id=14932, stack(0x00000010b5100000,0x00000010b5200000) (1024K)]
  0x000001dbcb1d90f0 JavaThread "Build operations Thread 3"         [_thread_blocked, id=16772, stack(0x00000010b5200000,0x00000010b5300000) (1024K)]
  0x000001dbcb1d27f0 JavaThread "Build operations Thread 4"         [_thread_blocked, id=14352, stack(0x00000010b5300000,0x00000010b5400000) (1024K)]
  0x000001dbcb1d9e10 JavaThread "Build operations Thread 5"         [_thread_blocked, id=18000, stack(0x00000010b5400000,0x00000010b5500000) (1024K)]
  0x000001dbcb1da4a0 JavaThread "Build operations Thread 6"         [_thread_blocked, id=4556, stack(0x00000010b5500000,0x00000010b5600000) (1024K)]
  0x000001dbcb1dab30 JavaThread "Build operations Thread 7"         [_thread_blocked, id=9892, stack(0x00000010b5600000,0x00000010b5700000) (1024K)]
  0x000001dbcb22c3d0 JavaThread "C2 CompilerThread2"         daemon [_thread_in_vm, id=5736, stack(0x00000010ac300000,0x00000010ac400000) (1024K)]
  0x000001dbccecc380 JavaThread "WorkerExecutor Queue Thread 6"        [_thread_in_Java, id=2660, stack(0x00000010b4b00000,0x00000010b4c00000) (1024K)]
  0x000001dbccec53f0 JavaThread "WorkerExecutor Queue Thread 7"        [_thread_blocked, id=17792, stack(0x00000010b5700000,0x00000010b5800000) (1024K)]
  0x000001dbccec9c20 JavaThread "WorkerExecutor Queue Thread 8"        [_thread_blocked, id=8660, stack(0x00000010b5800000,0x00000010b5900000) (1024K)]
  0x000001dbcb1d4230 JavaThread "WorkerExecutor Queue Thread 9"        [_thread_blocked, id=16708, stack(0x00000010b5900000,0x00000010b5a00000) (1024K)]
Total: 161

Other Threads:
  0x000001dbc08970d0 VMThread "VM Thread"                           [id=13928, stack(0x00000010ab200000,0x00000010ab300000) (1024K)]
  0x000001dbc0921150 WatcherThread "VM Periodic Task Thread"        [id=10460, stack(0x00000010ab100000,0x00000010ab200000) (1024K)]
  0x000001dba91df590 WorkerThread "GC Thread#0"                     [id=1132, stack(0x00000010aac00000,0x00000010aad00000) (1024K)]
  0x000001dbc57eb990 WorkerThread "GC Thread#1"                     [id=9784, stack(0x00000010abe00000,0x00000010abf00000) (1024K)]
  0x000001dbc5560090 WorkerThread "GC Thread#2"                     [id=5264, stack(0x00000010abf00000,0x00000010ac000000) (1024K)]
  0x000001dbc57503a0 WorkerThread "GC Thread#3"                     [id=9768, stack(0x00000010ac000000,0x00000010ac100000) (1024K)]
  0x000001dbc56c5f90 WorkerThread "GC Thread#4"                     [id=14608, stack(0x00000010ac100000,0x00000010ac200000) (1024K)]
  0x000001dbc5731430 WorkerThread "GC Thread#5"                     [id=17620, stack(0x00000010ac200000,0x00000010ac300000) (1024K)]
  0x000001dbc69bbfd0 WorkerThread "GC Thread#6"                     [id=16864, stack(0x00000010ace00000,0x00000010acf00000) (1024K)]
  0x000001dbc5edebd0 WorkerThread "GC Thread#7"                     [id=6888, stack(0x00000010acf00000,0x00000010ad000000) (1024K)]
  0x000001dba91f06f0 ConcurrentGCThread "G1 Main Marker"            [id=6668, stack(0x00000010aad00000,0x00000010aae00000) (1024K)]
  0x000001dba91f19a0 WorkerThread "G1 Conc#0"                       [id=12616, stack(0x00000010aae00000,0x00000010aaf00000) (1024K)]
  0x000001dbc693f4b0 WorkerThread "G1 Conc#1"                       [id=15776, stack(0x00000010ad000000,0x00000010ad100000) (1024K)]
  0x000001dbc0792e00 ConcurrentGCThread "G1 Refine#0"               [id=16332, stack(0x00000010aaf00000,0x00000010ab000000) (1024K)]
  0x000001dbc0793240 ConcurrentGCThread "G1 Service"                [id=15192, stack(0x00000010ab000000,0x00000010ab100000) (1024K)]
Total: 15

Threads with active compile tasks:
C2 CompilerThread0  34646 25251       4       com.android.tools.r8.dex.L::a (135 bytes)
C2 CompilerThread1  34646 24054 % !   4       com.android.tools.r8.dex.C::k @ 99 (2698 bytes)
C2 CompilerThread2  34646 25390       4       com.android.tools.r8.utils.structural.x::a (23 bytes)
Total: 3

VM state: not at safepoint (normal execution)

VM Mutex/Monitor currently owned by a thread: None

Heap address: 0x0000000080000000, size: 2048 MB, Compressed Oops mode: 32-bit

CDS archive(s) not mapped
Compressed class space mapped at: 0x0000000100000000-0x0000000140000000, reserved size: 1073741824
Narrow klass base: 0x0000000000000000, Narrow klass shift: 3, Narrow klass range: 0x140000000

GC Precious Log:
 CardTable entry size: 512
 Card Set container configuration: InlinePtr #cards 5 size 8 Array Of Cards #cards 12 size 40 Howl #buckets 4 coarsen threshold 1843 Howl Bitmap #cards 512 size 80 coarsen threshold 460 Card regions per heap region 1 cards per card region 2048
 CPUs: 8 total, 8 available
 Memory: 16300M
 Large Page Support: Disabled
 NUMA Support: Disabled
 Compressed Oops: Enabled (32-bit)
 Heap Region Size: 1M
 Heap Min Capacity: 8M
 Heap Initial Capacity: 256M
 Heap Max Capacity: 2G
 Pre-touch: Disabled
 Parallel Workers: 8
 Concurrent Workers: 2
 Concurrent Refinement Workers: 8
 Periodic GC: Disabled

Heap:
 garbage-first heap   total 433152K, used 266206K [0x0000000080000000, 0x0000000100000000)
  region size 1024K, 36 young (36864K), 5 survivors (5120K)
 Metaspace       used 164171K, committed 166528K, reserved 1245184K
  class space    used 22696K, committed 23872K, reserved 1048576K

Heap Regions: E=young(eden), S=young(survivor), O=old, HS=humongous(starts), HC=humongous(continues), CS=collection set, F=free, TAMS=top-at-mark-start, PB=parsable bottom
|   0|0x0000000080000000, 0x0000000080100000, 0x0000000080100000|100%| O|  |TAMS 0x0000000080100000| PB 0x0000000080000000| Untracked 
|   1|0x0000000080100000, 0x0000000080200000, 0x0000000080200000|100%|HS|  |TAMS 0x0000000080200000| PB 0x0000000080100000| Complete 
|   2|0x0000000080200000, 0x0000000080300000, 0x0000000080300000|100%|HC|  |TAMS 0x0000000080300000| PB 0x0000000080200000| Complete 
|   3|0x0000000080300000, 0x0000000080400000, 0x0000000080400000|100%|HC|  |TAMS 0x0000000080400000| PB 0x0000000080300000| Complete 
|   4|0x0000000080400000, 0x0000000080500000, 0x0000000080500000|100%|HC|  |TAMS 0x0000000080500000| PB 0x0000000080400000| Complete 
|   5|0x0000000080500000, 0x0000000080600000, 0x0000000080600000|100%| O|  |TAMS 0x0000000080600000| PB 0x0000000080500000| Untracked 
|   6|0x0000000080600000, 0x0000000080700000, 0x0000000080700000|100%| O|  |TAMS 0x0000000080700000| PB 0x0000000080600000| Untracked 
|   7|0x0000000080700000, 0x0000000080800000, 0x0000000080800000|100%| O|  |TAMS 0x0000000080800000| PB 0x0000000080700000| Untracked 
|   8|0x0000000080800000, 0x0000000080900000, 0x0000000080900000|100%| O|  |TAMS 0x0000000080900000| PB 0x0000000080800000| Untracked 
|   9|0x0000000080900000, 0x0000000080a00000, 0x0000000080a00000|100%| O|  |TAMS 0x0000000080a00000| PB 0x0000000080900000| Untracked 
|  10|0x0000000080a00000, 0x0000000080b00000, 0x0000000080b00000|100%| O|  |TAMS 0x0000000080b00000| PB 0x0000000080a00000| Untracked 
|  11|0x0000000080b00000, 0x0000000080c00000, 0x0000000080c00000|100%| O|  |TAMS 0x0000000080c00000| PB 0x0000000080b00000| Untracked 
|  12|0x0000000080c00000, 0x0000000080d00000, 0x0000000080d00000|100%| O|  |TAMS 0x0000000080d00000| PB 0x0000000080c00000| Untracked 
|  13|0x0000000080d00000, 0x0000000080e00000, 0x0000000080e00000|100%| O|  |TAMS 0x0000000080e00000| PB 0x0000000080d00000| Untracked 
|  14|0x0000000080e00000, 0x0000000080f00000, 0x0000000080f00000|100%| O|  |TAMS 0x0000000080f00000| PB 0x0000000080e00000| Untracked 
|  15|0x0000000080f00000, 0x0000000081000000, 0x0000000081000000|100%| O|  |TAMS 0x0000000081000000| PB 0x0000000080f00000| Untracked 
|  16|0x0000000081000000, 0x0000000081100000, 0x0000000081100000|100%| O|  |TAMS 0x0000000081100000| PB 0x0000000081000000| Untracked 
|  17|0x0000000081100000, 0x0000000081200000, 0x0000000081200000|100%| O|  |TAMS 0x0000000081200000| PB 0x0000000081100000| Untracked 
|  18|0x0000000081200000, 0x0000000081300000, 0x0000000081300000|100%| O|  |TAMS 0x0000000081300000| PB 0x0000000081200000| Untracked 
|  19|0x0000000081300000, 0x0000000081400000, 0x0000000081400000|100%|HS|  |TAMS 0x0000000081400000| PB 0x0000000081300000| Complete 
|  20|0x0000000081400000, 0x0000000081500000, 0x0000000081500000|100%|HC|  |TAMS 0x0000000081500000| PB 0x0000000081400000| Complete 
|  21|0x0000000081500000, 0x0000000081600000, 0x0000000081600000|100%| O|  |TAMS 0x0000000081600000| PB 0x0000000081500000| Untracked 
|  22|0x0000000081600000, 0x0000000081700000, 0x0000000081700000|100%| O|  |TAMS 0x0000000081700000| PB 0x0000000081600000| Untracked 
|  23|0x0000000081700000, 0x0000000081800000, 0x0000000081800000|100%| O|  |TAMS 0x0000000081800000| PB 0x0000000081700000| Untracked 
|  24|0x0000000081800000, 0x0000000081900000, 0x0000000081900000|100%| O|  |TAMS 0x0000000081900000| PB 0x0000000081800000| Untracked 
|  25|0x0000000081900000, 0x0000000081a00000, 0x0000000081a00000|100%| O|  |TAMS 0x0000000081a00000| PB 0x0000000081900000| Untracked 
|  26|0x0000000081a00000, 0x0000000081b00000, 0x0000000081b00000|100%| O|  |TAMS 0x0000000081b00000| PB 0x0000000081a00000| Untracked 
|  27|0x0000000081b00000, 0x0000000081c00000, 0x0000000081c00000|100%| O|  |TAMS 0x0000000081c00000| PB 0x0000000081b00000| Untracked 
|  28|0x0000000081c00000, 0x0000000081d00000, 0x0000000081d00000|100%| O|  |TAMS 0x0000000081d00000| PB 0x0000000081c00000| Untracked 
|  29|0x0000000081d00000, 0x0000000081e00000, 0x0000000081e00000|100%| O|  |TAMS 0x0000000081e00000| PB 0x0000000081d00000| Untracked 
|  30|0x0000000081e00000, 0x0000000081f00000, 0x0000000081f00000|100%| O|  |TAMS 0x0000000081f00000| PB 0x0000000081e00000| Untracked 
|  31|0x0000000081f00000, 0x0000000082000000, 0x0000000082000000|100%| O|  |TAMS 0x0000000082000000| PB 0x0000000081f00000| Untracked 
|  32|0x0000000082000000, 0x0000000082100000, 0x0000000082100000|100%| O|  |TAMS 0x0000000082100000| PB 0x0000000082000000| Untracked 
|  33|0x0000000082100000, 0x0000000082200000, 0x0000000082200000|100%| O|  |TAMS 0x0000000082200000| PB 0x0000000082100000| Untracked 
|  34|0x0000000082200000, 0x0000000082300000, 0x0000000082300000|100%| O|  |TAMS 0x0000000082300000| PB 0x0000000082200000| Untracked 
|  35|0x0000000082300000, 0x0000000082400000, 0x0000000082400000|100%| O|  |TAMS 0x0000000082400000| PB 0x0000000082300000| Untracked 
|  36|0x0000000082400000, 0x0000000082500000, 0x0000000082500000|100%| O|  |TAMS 0x0000000082500000| PB 0x0000000082400000| Untracked 
|  37|0x0000000082500000, 0x0000000082600000, 0x0000000082600000|100%| O|  |TAMS 0x0000000082600000| PB 0x0000000082500000| Untracked 
|  38|0x0000000082600000, 0x0000000082700000, 0x0000000082700000|100%| O|  |TAMS 0x0000000082700000| PB 0x0000000082600000| Untracked 
|  39|0x0000000082700000, 0x0000000082800000, 0x0000000082800000|100%| O|  |TAMS 0x0000000082800000| PB 0x0000000082700000| Untracked 
|  40|0x0000000082800000, 0x0000000082900000, 0x0000000082900000|100%| O|  |TAMS 0x0000000082900000| PB 0x0000000082800000| Untracked 
|  41|0x0000000082900000, 0x0000000082a00000, 0x0000000082a00000|100%| O|  |TAMS 0x0000000082a00000| PB 0x0000000082900000| Untracked 
|  42|0x0000000082a00000, 0x0000000082b00000, 0x0000000082b00000|100%| O|  |TAMS 0x0000000082b00000| PB 0x0000000082a00000| Untracked 
|  43|0x0000000082b00000, 0x0000000082c00000, 0x0000000082c00000|100%|HS|  |TAMS 0x0000000082c00000| PB 0x0000000082b00000| Complete 
|  44|0x0000000082c00000, 0x0000000082d00000, 0x0000000082d00000|100%|HS|  |TAMS 0x0000000082d00000| PB 0x0000000082c00000| Complete 
|  45|0x0000000082d00000, 0x0000000082e00000, 0x0000000082e00000|100%|HS|  |TAMS 0x0000000082e00000| PB 0x0000000082d00000| Complete 
|  46|0x0000000082e00000, 0x0000000082f00000, 0x0000000082f00000|100%| O|  |TAMS 0x0000000082f00000| PB 0x0000000082e00000| Untracked 
|  47|0x0000000082f00000, 0x0000000083000000, 0x0000000083000000|100%| O|  |TAMS 0x0000000083000000| PB 0x0000000082f00000| Untracked 
|  48|0x0000000083000000, 0x0000000083100000, 0x0000000083100000|100%| O|  |TAMS 0x0000000083100000| PB 0x0000000083000000| Untracked 
|  49|0x0000000083100000, 0x0000000083200000, 0x0000000083200000|100%| O|  |TAMS 0x0000000083200000| PB 0x0000000083100000| Untracked 
|  50|0x0000000083200000, 0x0000000083300000, 0x0000000083300000|100%|HS|  |TAMS 0x0000000083300000| PB 0x0000000083200000| Complete 
|  51|0x0000000083300000, 0x0000000083400000, 0x0000000083400000|100%|HC|  |TAMS 0x0000000083400000| PB 0x0000000083300000| Complete 
|  52|0x0000000083400000, 0x0000000083500000, 0x0000000083500000|100%|HS|  |TAMS 0x0000000083500000| PB 0x0000000083400000| Complete 
|  53|0x0000000083500000, 0x0000000083600000, 0x0000000083600000|100%|HC|  |TAMS 0x0000000083600000| PB 0x0000000083500000| Complete 
|  54|0x0000000083600000, 0x0000000083700000, 0x0000000083700000|100%|HS|  |TAMS 0x0000000083700000| PB 0x0000000083600000| Complete 
|  55|0x0000000083700000, 0x0000000083800000, 0x0000000083800000|100%|HC|  |TAMS 0x0000000083800000| PB 0x0000000083700000| Complete 
|  56|0x0000000083800000, 0x0000000083900000, 0x0000000083900000|100%|HC|  |TAMS 0x0000000083900000| PB 0x0000000083800000| Complete 
|  57|0x0000000083900000, 0x0000000083a00000, 0x0000000083a00000|100%|HC|  |TAMS 0x0000000083a00000| PB 0x0000000083900000| Complete 
|  58|0x0000000083a00000, 0x0000000083b00000, 0x0000000083b00000|100%|HS|  |TAMS 0x0000000083b00000| PB 0x0000000083a00000| Complete 
|  59|0x0000000083b00000, 0x0000000083c00000, 0x0000000083c00000|100%| O|  |TAMS 0x0000000083c00000| PB 0x0000000083b00000| Untracked 
|  60|0x0000000083c00000, 0x0000000083d00000, 0x0000000083d00000|100%|HS|  |TAMS 0x0000000083d00000| PB 0x0000000083c00000| Complete 
|  61|0x0000000083d00000, 0x0000000083e00000, 0x0000000083e00000|100%|HS|  |TAMS 0x0000000083e00000| PB 0x0000000083d00000| Complete 
|  62|0x0000000083e00000, 0x0000000083f00000, 0x0000000083f00000|100%| O|  |TAMS 0x0000000083f00000| PB 0x0000000083e00000| Untracked 
|  63|0x0000000083f00000, 0x0000000084000000, 0x0000000084000000|100%| O|  |TAMS 0x0000000084000000| PB 0x0000000083f00000| Untracked 
|  64|0x0000000084000000, 0x0000000084100000, 0x0000000084100000|100%| O|  |TAMS 0x0000000084100000| PB 0x0000000084000000| Untracked 
|  65|0x0000000084100000, 0x0000000084200000, 0x0000000084200000|100%| O|  |TAMS 0x0000000084200000| PB 0x0000000084100000| Untracked 
|  66|0x0000000084200000, 0x0000000084300000, 0x0000000084300000|100%| O|  |TAMS 0x0000000084300000| PB 0x0000000084200000| Untracked 
|  67|0x0000000084300000, 0x0000000084400000, 0x0000000084400000|100%| O|  |TAMS 0x0000000084400000| PB 0x0000000084300000| Untracked 
|  68|0x0000000084400000, 0x0000000084500000, 0x0000000084500000|100%| O|  |TAMS 0x0000000084500000| PB 0x0000000084400000| Untracked 
|  69|0x0000000084500000, 0x0000000084600000, 0x0000000084600000|100%| O|  |TAMS 0x0000000084600000| PB 0x0000000084500000| Untracked 
|  70|0x0000000084600000, 0x0000000084700000, 0x0000000084700000|100%|HS|  |TAMS 0x0000000084700000| PB 0x0000000084600000| Complete 
|  71|0x0000000084700000, 0x0000000084800000, 0x0000000084800000|100%| O|  |TAMS 0x0000000084800000| PB 0x0000000084700000| Untracked 
|  72|0x0000000084800000, 0x0000000084900000, 0x0000000084900000|100%| O|  |TAMS 0x0000000084900000| PB 0x0000000084800000| Untracked 
|  73|0x0000000084900000, 0x0000000084a00000, 0x0000000084a00000|100%| O|  |TAMS 0x0000000084a00000| PB 0x0000000084900000| Untracked 
|  74|0x0000000084a00000, 0x0000000084b00000, 0x0000000084b00000|100%|HS|  |TAMS 0x0000000084b00000| PB 0x0000000084a00000| Complete 
|  75|0x0000000084b00000, 0x0000000084c00000, 0x0000000084c00000|100%|HC|  |TAMS 0x0000000084c00000| PB 0x0000000084b00000| Complete 
|  76|0x0000000084c00000, 0x0000000084d00000, 0x0000000084d00000|100%|HC|  |TAMS 0x0000000084d00000| PB 0x0000000084c00000| Complete 
|  77|0x0000000084d00000, 0x0000000084e00000, 0x0000000084e00000|100%|HC|  |TAMS 0x0000000084e00000| PB 0x0000000084d00000| Complete 
|  78|0x0000000084e00000, 0x0000000084f00000, 0x0000000084f00000|100%| O|  |TAMS 0x0000000084f00000| PB 0x0000000084e00000| Untracked 
|  79|0x0000000084f00000, 0x0000000085000000, 0x0000000085000000|100%| O|  |TAMS 0x0000000085000000| PB 0x0000000084f00000| Untracked 
|  80|0x0000000085000000, 0x0000000085100000, 0x0000000085100000|100%| O|  |TAMS 0x0000000085100000| PB 0x0000000085000000| Untracked 
|  81|0x0000000085100000, 0x0000000085200000, 0x0000000085200000|100%| O|  |TAMS 0x0000000085200000| PB 0x0000000085100000| Untracked 
|  82|0x0000000085200000, 0x0000000085300000, 0x0000000085300000|100%| O|  |TAMS 0x0000000085300000| PB 0x0000000085200000| Untracked 
|  83|0x0000000085300000, 0x0000000085400000, 0x0000000085400000|100%| O|  |TAMS 0x0000000085400000| PB 0x0000000085300000| Untracked 
|  84|0x0000000085400000, 0x0000000085500000, 0x0000000085500000|100%| O|  |TAMS 0x0000000085500000| PB 0x0000000085400000| Untracked 
|  85|0x0000000085500000, 0x0000000085600000, 0x0000000085600000|100%| O|  |TAMS 0x0000000085600000| PB 0x0000000085500000| Untracked 
|  86|0x0000000085600000, 0x0000000085700000, 0x0000000085700000|100%| O|  |TAMS 0x0000000085700000| PB 0x0000000085600000| Untracked 
|  87|0x0000000085700000, 0x0000000085800000, 0x0000000085800000|100%| O|  |TAMS 0x0000000085800000| PB 0x0000000085700000| Untracked 
|  88|0x0000000085800000, 0x0000000085900000, 0x0000000085900000|100%| O|  |TAMS 0x0000000085900000| PB 0x0000000085800000| Untracked 
|  89|0x0000000085900000, 0x0000000085a00000, 0x0000000085a00000|100%| O|  |TAMS 0x0000000085a00000| PB 0x0000000085900000| Untracked 
|  90|0x0000000085a00000, 0x0000000085b00000, 0x0000000085b00000|100%| O|  |TAMS 0x0000000085b00000| PB 0x0000000085a00000| Untracked 
|  91|0x0000000085b00000, 0x0000000085c00000, 0x0000000085c00000|100%| O|  |TAMS 0x0000000085c00000| PB 0x0000000085b00000| Untracked 
|  92|0x0000000085c00000, 0x0000000085d00000, 0x0000000085d00000|100%| O|  |TAMS 0x0000000085d00000| PB 0x0000000085c00000| Untracked 
|  93|0x0000000085d00000, 0x0000000085e00000, 0x0000000085e00000|100%| O|  |TAMS 0x0000000085e00000| PB 0x0000000085d00000| Untracked 
|  94|0x0000000085e00000, 0x0000000085f00000, 0x0000000085f00000|100%| O|  |TAMS 0x0000000085f00000| PB 0x0000000085e00000| Untracked 
|  95|0x0000000085f00000, 0x0000000086000000, 0x0000000086000000|100%| O|  |TAMS 0x0000000086000000| PB 0x0000000085f00000| Untracked 
|  96|0x0000000086000000, 0x0000000086100000, 0x0000000086100000|100%| O|  |TAMS 0x0000000086100000| PB 0x0000000086000000| Untracked 
|  97|0x0000000086100000, 0x0000000086200000, 0x0000000086200000|100%| O|  |TAMS 0x0000000086200000| PB 0x0000000086100000| Untracked 
|  98|0x0000000086200000, 0x0000000086300000, 0x0000000086300000|100%| O|  |TAMS 0x0000000086300000| PB 0x0000000086200000| Untracked 
|  99|0x0000000086300000, 0x0000000086400000, 0x0000000086400000|100%| O|  |TAMS 0x0000000086400000| PB 0x0000000086300000| Untracked 
| 100|0x0000000086400000, 0x0000000086500000, 0x0000000086500000|100%| O|  |TAMS 0x0000000086500000| PB 0x0000000086400000| Untracked 
| 101|0x0000000086500000, 0x0000000086600000, 0x0000000086600000|100%| O|  |TAMS 0x0000000086600000| PB 0x0000000086500000| Untracked 
| 102|0x0000000086600000, 0x0000000086700000, 0x0000000086700000|100%| O|  |TAMS 0x0000000086700000| PB 0x0000000086600000| Untracked 
| 103|0x0000000086700000, 0x0000000086800000, 0x0000000086800000|100%| O|  |TAMS 0x0000000086800000| PB 0x0000000086700000| Untracked 
| 104|0x0000000086800000, 0x0000000086900000, 0x0000000086900000|100%| O|  |TAMS 0x0000000086900000| PB 0x0000000086800000| Untracked 
| 105|0x0000000086900000, 0x0000000086a00000, 0x0000000086a00000|100%| O|  |TAMS 0x0000000086a00000| PB 0x0000000086900000| Untracked 
| 106|0x0000000086a00000, 0x0000000086b00000, 0x0000000086b00000|100%| O|  |TAMS 0x0000000086b00000| PB 0x0000000086a00000| Untracked 
| 107|0x0000000086b00000, 0x0000000086c00000, 0x0000000086c00000|100%| O|  |TAMS 0x0000000086c00000| PB 0x0000000086b00000| Untracked 
| 108|0x0000000086c00000, 0x0000000086d00000, 0x0000000086d00000|100%| O|  |TAMS 0x0000000086d00000| PB 0x0000000086c00000| Untracked 
| 109|0x0000000086d00000, 0x0000000086e00000, 0x0000000086e00000|100%| O|  |TAMS 0x0000000086e00000| PB 0x0000000086d00000| Untracked 
| 110|0x0000000086e00000, 0x0000000086f00000, 0x0000000086f00000|100%| O|  |TAMS 0x0000000086f00000| PB 0x0000000086e00000| Untracked 
| 111|0x0000000086f00000, 0x0000000087000000, 0x0000000087000000|100%| O|  |TAMS 0x0000000087000000| PB 0x0000000086f00000| Untracked 
| 112|0x0000000087000000, 0x0000000087100000, 0x0000000087100000|100%| O|  |TAMS 0x0000000087100000| PB 0x0000000087000000| Untracked 
| 113|0x0000000087100000, 0x0000000087200000, 0x0000000087200000|100%| O|  |TAMS 0x0000000087200000| PB 0x0000000087100000| Untracked 
| 114|0x0000000087200000, 0x0000000087300000, 0x0000000087300000|100%| O|  |TAMS 0x0000000087300000| PB 0x0000000087200000| Untracked 
| 115|0x0000000087300000, 0x0000000087400000, 0x0000000087400000|100%| O|  |TAMS 0x0000000087400000| PB 0x0000000087300000| Untracked 
| 116|0x0000000087400000, 0x0000000087500000, 0x0000000087500000|100%| O|  |TAMS 0x0000000087500000| PB 0x0000000087400000| Untracked 
| 117|0x0000000087500000, 0x0000000087600000, 0x0000000087600000|100%| O|  |TAMS 0x0000000087600000| PB 0x0000000087500000| Untracked 
| 118|0x0000000087600000, 0x0000000087700000, 0x0000000087700000|100%| O|  |TAMS 0x0000000087700000| PB 0x0000000087600000| Untracked 
| 119|0x0000000087700000, 0x0000000087800000, 0x0000000087800000|100%| O|  |TAMS 0x0000000087800000| PB 0x0000000087700000| Untracked 
| 120|0x0000000087800000, 0x0000000087900000, 0x0000000087900000|100%| O|  |TAMS 0x0000000087900000| PB 0x0000000087800000| Untracked 
| 121|0x0000000087900000, 0x0000000087a00000, 0x0000000087a00000|100%| O|  |TAMS 0x0000000087a00000| PB 0x0000000087900000| Untracked 
| 122|0x0000000087a00000, 0x0000000087b00000, 0x0000000087b00000|100%| O|  |TAMS 0x0000000087b00000| PB 0x0000000087a00000| Untracked 
| 123|0x0000000087b00000, 0x0000000087c00000, 0x0000000087c00000|100%| O|  |TAMS 0x0000000087c00000| PB 0x0000000087b00000| Untracked 
| 124|0x0000000087c00000, 0x0000000087d00000, 0x0000000087d00000|100%| O|  |TAMS 0x0000000087d00000| PB 0x0000000087c00000| Untracked 
| 125|0x0000000087d00000, 0x0000000087e00000, 0x0000000087e00000|100%| O|  |TAMS 0x0000000087e00000| PB 0x0000000087d00000| Untracked 
| 126|0x0000000087e00000, 0x0000000087f00000, 0x0000000087f00000|100%| O|  |TAMS 0x0000000087f00000| PB 0x0000000087e00000| Untracked 
| 127|0x0000000087f00000, 0x0000000088000000, 0x0000000088000000|100%| O|  |TAMS 0x0000000088000000| PB 0x0000000087f00000| Untracked 
| 128|0x0000000088000000, 0x0000000088100000, 0x0000000088100000|100%| O|  |TAMS 0x0000000088100000| PB 0x0000000088000000| Untracked 
| 129|0x0000000088100000, 0x0000000088200000, 0x0000000088200000|100%| O|  |TAMS 0x0000000088200000| PB 0x0000000088100000| Untracked 
| 130|0x0000000088200000, 0x0000000088300000, 0x0000000088300000|100%| O|  |TAMS 0x0000000088300000| PB 0x0000000088200000| Untracked 
| 131|0x0000000088300000, 0x0000000088400000, 0x0000000088400000|100%| O|  |TAMS 0x0000000088400000| PB 0x0000000088300000| Untracked 
| 132|0x0000000088400000, 0x0000000088500000, 0x0000000088500000|100%| O|  |TAMS 0x0000000088500000| PB 0x0000000088400000| Untracked 
| 133|0x0000000088500000, 0x0000000088600000, 0x0000000088600000|100%| O|  |TAMS 0x0000000088600000| PB 0x0000000088500000| Untracked 
| 134|0x0000000088600000, 0x0000000088700000, 0x0000000088700000|100%| O|  |TAMS 0x0000000088700000| PB 0x0000000088600000| Untracked 
| 135|0x0000000088700000, 0x0000000088800000, 0x0000000088800000|100%| O|  |TAMS 0x0000000088800000| PB 0x0000000088700000| Untracked 
| 136|0x0000000088800000, 0x0000000088900000, 0x0000000088900000|100%| O|  |TAMS 0x0000000088900000| PB 0x0000000088800000| Untracked 
| 137|0x0000000088900000, 0x0000000088a00000, 0x0000000088a00000|100%| O|  |TAMS 0x0000000088a00000| PB 0x0000000088900000| Untracked 
| 138|0x0000000088a00000, 0x0000000088b00000, 0x0000000088b00000|100%| O|  |TAMS 0x0000000088b00000| PB 0x0000000088a00000| Untracked 
| 139|0x0000000088b00000, 0x0000000088c00000, 0x0000000088c00000|100%| O|  |TAMS 0x0000000088c00000| PB 0x0000000088b00000| Untracked 
| 140|0x0000000088c00000, 0x0000000088d00000, 0x0000000088d00000|100%| O|  |TAMS 0x0000000088d00000| PB 0x0000000088c00000| Untracked 
| 141|0x0000000088d00000, 0x0000000088e00000, 0x0000000088e00000|100%| O|  |TAMS 0x0000000088e00000| PB 0x0000000088d00000| Untracked 
| 142|0x0000000088e00000, 0x0000000088f00000, 0x0000000088f00000|100%| O|  |TAMS 0x0000000088f00000| PB 0x0000000088e00000| Untracked 
| 143|0x0000000088f00000, 0x0000000089000000, 0x0000000089000000|100%| O|  |TAMS 0x0000000089000000| PB 0x0000000088f00000| Untracked 
| 144|0x0000000089000000, 0x0000000089100000, 0x0000000089100000|100%| O|  |TAMS 0x0000000089100000| PB 0x0000000089000000| Untracked 
| 145|0x0000000089100000, 0x0000000089200000, 0x0000000089200000|100%| O|  |TAMS 0x0000000089200000| PB 0x0000000089100000| Untracked 
| 146|0x0000000089200000, 0x0000000089300000, 0x0000000089300000|100%| O|  |TAMS 0x0000000089300000| PB 0x0000000089200000| Untracked 
| 147|0x0000000089300000, 0x0000000089400000, 0x0000000089400000|100%| O|  |TAMS 0x0000000089400000| PB 0x0000000089300000| Untracked 
| 148|0x0000000089400000, 0x0000000089500000, 0x0000000089500000|100%| O|  |TAMS 0x0000000089500000| PB 0x0000000089400000| Untracked 
| 149|0x0000000089500000, 0x0000000089600000, 0x0000000089600000|100%| O|  |TAMS 0x0000000089600000| PB 0x0000000089500000| Untracked 
| 150|0x0000000089600000, 0x0000000089700000, 0x0000000089700000|100%| O|  |TAMS 0x0000000089700000| PB 0x0000000089600000| Untracked 
| 151|0x0000000089700000, 0x0000000089800000, 0x0000000089800000|100%| O|  |TAMS 0x0000000089800000| PB 0x0000000089700000| Untracked 
| 152|0x0000000089800000, 0x0000000089900000, 0x0000000089900000|100%| O|  |TAMS 0x0000000089900000| PB 0x0000000089800000| Untracked 
| 153|0x0000000089900000, 0x0000000089a00000, 0x0000000089a00000|100%| O|  |TAMS 0x0000000089a00000| PB 0x0000000089900000| Untracked 
| 154|0x0000000089a00000, 0x0000000089b00000, 0x0000000089b00000|100%| O|  |TAMS 0x0000000089b00000| PB 0x0000000089a00000| Untracked 
| 155|0x0000000089b00000, 0x0000000089c00000, 0x0000000089c00000|100%| O|  |TAMS 0x0000000089c00000| PB 0x0000000089b00000| Untracked 
| 156|0x0000000089c00000, 0x0000000089d00000, 0x0000000089d00000|100%| O|  |TAMS 0x0000000089d00000| PB 0x0000000089c00000| Untracked 
| 157|0x0000000089d00000, 0x0000000089e00000, 0x0000000089e00000|100%| O|  |TAMS 0x0000000089e00000| PB 0x0000000089d00000| Untracked 
| 158|0x0000000089e00000, 0x0000000089f00000, 0x0000000089f00000|100%| O|  |TAMS 0x0000000089f00000| PB 0x0000000089e00000| Untracked 
| 159|0x0000000089f00000, 0x000000008a000000, 0x000000008a000000|100%| O|  |TAMS 0x000000008a000000| PB 0x0000000089f00000| Untracked 
| 160|0x000000008a000000, 0x000000008a100000, 0x000000008a100000|100%| O|  |TAMS 0x000000008a100000| PB 0x000000008a000000| Untracked 
| 161|0x000000008a100000, 0x000000008a200000, 0x000000008a200000|100%| O|  |TAMS 0x000000008a200000| PB 0x000000008a100000| Untracked 
| 162|0x000000008a200000, 0x000000008a300000, 0x000000008a300000|100%| O|  |TAMS 0x000000008a300000| PB 0x000000008a200000| Untracked 
| 163|0x000000008a300000, 0x000000008a400000, 0x000000008a400000|100%| O|  |TAMS 0x000000008a400000| PB 0x000000008a300000| Untracked 
| 164|0x000000008a400000, 0x000000008a500000, 0x000000008a500000|100%| O|  |TAMS 0x000000008a500000| PB 0x000000008a400000| Untracked 
| 165|0x000000008a500000, 0x000000008a600000, 0x000000008a600000|100%| O|  |TAMS 0x000000008a600000| PB 0x000000008a500000| Untracked 
| 166|0x000000008a600000, 0x000000008a700000, 0x000000008a700000|100%| O|  |TAMS 0x000000008a700000| PB 0x000000008a600000| Untracked 
| 167|0x000000008a700000, 0x000000008a800000, 0x000000008a800000|100%| O|  |TAMS 0x000000008a800000| PB 0x000000008a700000| Untracked 
| 168|0x000000008a800000, 0x000000008a900000, 0x000000008a900000|100%| O|  |TAMS 0x000000008a900000| PB 0x000000008a800000| Untracked 
| 169|0x000000008a900000, 0x000000008aa00000, 0x000000008aa00000|100%| O|  |TAMS 0x000000008aa00000| PB 0x000000008a900000| Untracked 
| 170|0x000000008aa00000, 0x000000008ab00000, 0x000000008ab00000|100%| O|  |TAMS 0x000000008ab00000| PB 0x000000008aa00000| Untracked 
| 171|0x000000008ab00000, 0x000000008ac00000, 0x000000008ac00000|100%| O|  |TAMS 0x000000008ac00000| PB 0x000000008ab00000| Untracked 
| 172|0x000000008ac00000, 0x000000008ad00000, 0x000000008ad00000|100%| O|  |TAMS 0x000000008ad00000| PB 0x000000008ac00000| Untracked 
| 173|0x000000008ad00000, 0x000000008ae00000, 0x000000008ae00000|100%| O|  |TAMS 0x000000008ae00000| PB 0x000000008ad00000| Untracked 
| 174|0x000000008ae00000, 0x000000008af00000, 0x000000008af00000|100%| O|  |TAMS 0x000000008af00000| PB 0x000000008ae00000| Untracked 
| 175|0x000000008af00000, 0x000000008b000000, 0x000000008b000000|100%| O|  |TAMS 0x000000008b000000| PB 0x000000008af00000| Untracked 
| 176|0x000000008b000000, 0x000000008b100000, 0x000000008b100000|100%| O|  |TAMS 0x000000008b100000| PB 0x000000008b000000| Untracked 
| 177|0x000000008b100000, 0x000000008b200000, 0x000000008b200000|100%| O|  |TAMS 0x000000008b200000| PB 0x000000008b100000| Untracked 
| 178|0x000000008b200000, 0x000000008b300000, 0x000000008b300000|100%|HS|  |TAMS 0x000000008b300000| PB 0x000000008b200000| Complete 
| 179|0x000000008b300000, 0x000000008b400000, 0x000000008b400000|100%| O|  |TAMS 0x000000008b400000| PB 0x000000008b300000| Untracked 
| 180|0x000000008b400000, 0x000000008b500000, 0x000000008b500000|100%| O|  |TAMS 0x000000008b500000| PB 0x000000008b400000| Untracked 
| 181|0x000000008b500000, 0x000000008b600000, 0x000000008b600000|100%| O|  |TAMS 0x000000008b600000| PB 0x000000008b500000| Untracked 
| 182|0x000000008b600000, 0x000000008b700000, 0x000000008b700000|100%| O|  |TAMS 0x000000008b700000| PB 0x000000008b600000| Untracked 
| 183|0x000000008b700000, 0x000000008b800000, 0x000000008b800000|100%| O|  |TAMS 0x000000008b800000| PB 0x000000008b700000| Untracked 
| 184|0x000000008b800000, 0x000000008b900000, 0x000000008b900000|100%| O|  |TAMS 0x000000008b900000| PB 0x000000008b800000| Untracked 
| 185|0x000000008b900000, 0x000000008ba00000, 0x000000008ba00000|100%| O|  |TAMS 0x000000008ba00000| PB 0x000000008b900000| Untracked 
| 186|0x000000008ba00000, 0x000000008bb00000, 0x000000008bb00000|100%|HS|  |TAMS 0x000000008bb00000| PB 0x000000008ba00000| Complete 
| 187|0x000000008bb00000, 0x000000008bc00000, 0x000000008bc00000|100%|HS|  |TAMS 0x000000008bb00000| PB 0x000000008bb00000| Complete 
| 188|0x000000008bc00000, 0x000000008bc00000, 0x000000008bd00000|  0%| F|  |TAMS 0x000000008bc00000| PB 0x000000008bc00000| Untracked 
| 189|0x000000008bd00000, 0x000000008bd00000, 0x000000008be00000|  0%| F|  |TAMS 0x000000008bd00000| PB 0x000000008bd00000| Untracked 
| 190|0x000000008be00000, 0x000000008be00000, 0x000000008bf00000|  0%| F|  |TAMS 0x000000008be00000| PB 0x000000008be00000| Untracked 
| 191|0x000000008bf00000, 0x000000008c000000, 0x000000008c000000|100%| O|  |TAMS 0x000000008c000000| PB 0x000000008bf00000| Untracked 
| 192|0x000000008c000000, 0x000000008c100000, 0x000000008c100000|100%| O|  |TAMS 0x000000008c100000| PB 0x000000008c000000| Untracked 
| 193|0x000000008c100000, 0x000000008c200000, 0x000000008c200000|100%| O|  |TAMS 0x000000008c200000| PB 0x000000008c100000| Untracked 
| 194|0x000000008c200000, 0x000000008c300000, 0x000000008c300000|100%| O|  |TAMS 0x000000008c300000| PB 0x000000008c200000| Untracked 
| 195|0x000000008c300000, 0x000000008c300000, 0x000000008c400000|  0%| F|  |TAMS 0x000000008c300000| PB 0x000000008c300000| Untracked 
| 196|0x000000008c400000, 0x000000008c400000, 0x000000008c500000|  0%| F|  |TAMS 0x000000008c400000| PB 0x000000008c400000| Untracked 
| 197|0x000000008c500000, 0x000000008c500000, 0x000000008c600000|  0%| F|  |TAMS 0x000000008c500000| PB 0x000000008c500000| Untracked 
| 198|0x000000008c600000, 0x000000008c600000, 0x000000008c700000|  0%| F|  |TAMS 0x000000008c600000| PB 0x000000008c600000| Untracked 
| 199|0x000000008c700000, 0x000000008c700000, 0x000000008c800000|  0%| F|  |TAMS 0x000000008c700000| PB 0x000000008c700000| Untracked 
| 200|0x000000008c800000, 0x000000008c800000, 0x000000008c900000|  0%| F|  |TAMS 0x000000008c800000| PB 0x000000008c800000| Untracked 
| 201|0x000000008c900000, 0x000000008c900000, 0x000000008ca00000|  0%| F|  |TAMS 0x000000008c900000| PB 0x000000008c900000| Untracked 
| 202|0x000000008ca00000, 0x000000008ca00000, 0x000000008cb00000|  0%| F|  |TAMS 0x000000008ca00000| PB 0x000000008ca00000| Untracked 
| 203|0x000000008cb00000, 0x000000008cb00000, 0x000000008cc00000|  0%| F|  |TAMS 0x000000008cb00000| PB 0x000000008cb00000| Untracked 
| 204|0x000000008cc00000, 0x000000008cc00000, 0x000000008cd00000|  0%| F|  |TAMS 0x000000008cc00000| PB 0x000000008cc00000| Untracked 
| 205|0x000000008cd00000, 0x000000008cd00000, 0x000000008ce00000|  0%| F|  |TAMS 0x000000008cd00000| PB 0x000000008cd00000| Untracked 
| 206|0x000000008ce00000, 0x000000008cf00000, 0x000000008cf00000|100%| O|  |TAMS 0x000000008cf00000| PB 0x000000008ce00000| Untracked 
| 207|0x000000008cf00000, 0x000000008d000000, 0x000000008d000000|100%| O|  |TAMS 0x000000008d000000| PB 0x000000008cf00000| Untracked 
| 208|0x000000008d000000, 0x000000008d100000, 0x000000008d100000|100%| O|  |TAMS 0x000000008d100000| PB 0x000000008d000000| Untracked 
| 209|0x000000008d100000, 0x000000008d200000, 0x000000008d200000|100%| O|  |TAMS 0x000000008d200000| PB 0x000000008d100000| Untracked 
| 210|0x000000008d200000, 0x000000008d300000, 0x000000008d300000|100%| O|  |TAMS 0x000000008d300000| PB 0x000000008d200000| Untracked 
| 211|0x000000008d300000, 0x000000008d400000, 0x000000008d400000|100%| O|  |TAMS 0x000000008d400000| PB 0x000000008d300000| Untracked 
| 212|0x000000008d400000, 0x000000008d500000, 0x000000008d500000|100%| O|  |TAMS 0x000000008d500000| PB 0x000000008d400000| Untracked 
| 213|0x000000008d500000, 0x000000008d600000, 0x000000008d600000|100%| O|  |TAMS 0x000000008d600000| PB 0x000000008d500000| Untracked 
| 214|0x000000008d600000, 0x000000008d6f7b40, 0x000000008d700000| 96%| O|  |TAMS 0x000000008d6f7b40| PB 0x000000008d600000| Untracked 
| 215|0x000000008d700000, 0x000000008d700000, 0x000000008d800000|  0%| F|  |TAMS 0x000000008d700000| PB 0x000000008d700000| Untracked 
| 216|0x000000008d800000, 0x000000008d800000, 0x000000008d900000|  0%| F|  |TAMS 0x000000008d800000| PB 0x000000008d800000| Untracked 
| 217|0x000000008d900000, 0x000000008d900000, 0x000000008da00000|  0%| F|  |TAMS 0x000000008d900000| PB 0x000000008d900000| Untracked 
| 218|0x000000008da00000, 0x000000008da00000, 0x000000008db00000|  0%| F|  |TAMS 0x000000008da00000| PB 0x000000008da00000| Untracked 
| 219|0x000000008db00000, 0x000000008db00000, 0x000000008dc00000|  0%| F|  |TAMS 0x000000008db00000| PB 0x000000008db00000| Untracked 
| 220|0x000000008dc00000, 0x000000008dc00000, 0x000000008dd00000|  0%| F|  |TAMS 0x000000008dc00000| PB 0x000000008dc00000| Untracked 
| 221|0x000000008dd00000, 0x000000008dd00000, 0x000000008de00000|  0%| F|  |TAMS 0x000000008dd00000| PB 0x000000008dd00000| Untracked 
| 222|0x000000008de00000, 0x000000008de00000, 0x000000008df00000|  0%| F|  |TAMS 0x000000008de00000| PB 0x000000008de00000| Untracked 
| 223|0x000000008df00000, 0x000000008df00000, 0x000000008e000000|  0%| F|  |TAMS 0x000000008df00000| PB 0x000000008df00000| Untracked 
| 224|0x000000008e000000, 0x000000008e000000, 0x000000008e100000|  0%| F|  |TAMS 0x000000008e000000| PB 0x000000008e000000| Untracked 
| 225|0x000000008e100000, 0x000000008e100000, 0x000000008e200000|  0%| F|  |TAMS 0x000000008e100000| PB 0x000000008e100000| Untracked 
| 226|0x000000008e200000, 0x000000008e200000, 0x000000008e300000|  0%| F|  |TAMS 0x000000008e200000| PB 0x000000008e200000| Untracked 
| 227|0x000000008e300000, 0x000000008e300000, 0x000000008e400000|  0%| F|  |TAMS 0x000000008e300000| PB 0x000000008e300000| Untracked 
| 228|0x000000008e400000, 0x000000008e400000, 0x000000008e500000|  0%| F|  |TAMS 0x000000008e400000| PB 0x000000008e400000| Untracked 
| 229|0x000000008e500000, 0x000000008e500000, 0x000000008e600000|  0%| F|  |TAMS 0x000000008e500000| PB 0x000000008e500000| Untracked 
| 230|0x000000008e600000, 0x000000008e600000, 0x000000008e700000|  0%| F|  |TAMS 0x000000008e600000| PB 0x000000008e600000| Untracked 
| 231|0x000000008e700000, 0x000000008e700000, 0x000000008e800000|  0%| F|  |TAMS 0x000000008e700000| PB 0x000000008e700000| Untracked 
| 232|0x000000008e800000, 0x000000008e800000, 0x000000008e900000|  0%| F|  |TAMS 0x000000008e800000| PB 0x000000008e800000| Untracked 
| 233|0x000000008e900000, 0x000000008e900000, 0x000000008ea00000|  0%| F|  |TAMS 0x000000008e900000| PB 0x000000008e900000| Untracked 
| 234|0x000000008ea00000, 0x000000008ea00000, 0x000000008eb00000|  0%| F|  |TAMS 0x000000008ea00000| PB 0x000000008ea00000| Untracked 
| 235|0x000000008eb00000, 0x000000008eb00000, 0x000000008ec00000|  0%| F|  |TAMS 0x000000008eb00000| PB 0x000000008eb00000| Untracked 
| 236|0x000000008ec00000, 0x000000008ec00000, 0x000000008ed00000|  0%| F|  |TAMS 0x000000008ec00000| PB 0x000000008ec00000| Untracked 
| 237|0x000000008ed00000, 0x000000008ed00000, 0x000000008ee00000|  0%| F|  |TAMS 0x000000008ed00000| PB 0x000000008ed00000| Untracked 
| 238|0x000000008ee00000, 0x000000008ee00000, 0x000000008ef00000|  0%| F|  |TAMS 0x000000008ee00000| PB 0x000000008ee00000| Untracked 
| 239|0x000000008ef00000, 0x000000008ef00000, 0x000000008f000000|  0%| F|  |TAMS 0x000000008ef00000| PB 0x000000008ef00000| Untracked 
| 240|0x000000008f000000, 0x000000008f000000, 0x000000008f100000|  0%| F|  |TAMS 0x000000008f000000| PB 0x000000008f000000| Untracked 
| 241|0x000000008f100000, 0x000000008f100000, 0x000000008f200000|  0%| F|  |TAMS 0x000000008f100000| PB 0x000000008f100000| Untracked 
| 242|0x000000008f200000, 0x000000008f200000, 0x000000008f300000|  0%| F|  |TAMS 0x000000008f200000| PB 0x000000008f200000| Untracked 
| 243|0x000000008f300000, 0x000000008f300000, 0x000000008f400000|  0%| F|  |TAMS 0x000000008f300000| PB 0x000000008f300000| Untracked 
| 244|0x000000008f400000, 0x000000008f400000, 0x000000008f500000|  0%| F|  |TAMS 0x000000008f400000| PB 0x000000008f400000| Untracked 
| 245|0x000000008f500000, 0x000000008f500000, 0x000000008f600000|  0%| F|  |TAMS 0x000000008f500000| PB 0x000000008f500000| Untracked 
| 246|0x000000008f600000, 0x000000008f600000, 0x000000008f700000|  0%| F|  |TAMS 0x000000008f600000| PB 0x000000008f600000| Untracked 
| 247|0x000000008f700000, 0x000000008f700000, 0x000000008f800000|  0%| F|  |TAMS 0x000000008f700000| PB 0x000000008f700000| Untracked 
| 248|0x000000008f800000, 0x000000008f800000, 0x000000008f900000|  0%| F|  |TAMS 0x000000008f800000| PB 0x000000008f800000| Untracked 
| 249|0x000000008f900000, 0x000000008f900000, 0x000000008fa00000|  0%| F|  |TAMS 0x000000008f900000| PB 0x000000008f900000| Untracked 
| 250|0x000000008fa00000, 0x000000008fa00000, 0x000000008fb00000|  0%| F|  |TAMS 0x000000008fa00000| PB 0x000000008fa00000| Untracked 
| 251|0x000000008fb00000, 0x000000008fb00000, 0x000000008fc00000|  0%| F|  |TAMS 0x000000008fb00000| PB 0x000000008fb00000| Untracked 
| 252|0x000000008fc00000, 0x000000008fc00000, 0x000000008fd00000|  0%| F|  |TAMS 0x000000008fc00000| PB 0x000000008fc00000| Untracked 
| 253|0x000000008fd00000, 0x000000008fd00000, 0x000000008fe00000|  0%| F|  |TAMS 0x000000008fd00000| PB 0x000000008fd00000| Untracked 
| 254|0x000000008fe00000, 0x000000008fe00000, 0x000000008ff00000|  0%| F|  |TAMS 0x000000008fe00000| PB 0x000000008fe00000| Untracked 
| 255|0x000000008ff00000, 0x000000008ff00000, 0x0000000090000000|  0%| F|  |TAMS 0x000000008ff00000| PB 0x000000008ff00000| Untracked 
| 256|0x0000000090000000, 0x0000000090000000, 0x0000000090100000|  0%| F|  |TAMS 0x0000000090000000| PB 0x0000000090000000| Untracked 
| 257|0x0000000090100000, 0x0000000090100000, 0x0000000090200000|  0%| F|  |TAMS 0x0000000090100000| PB 0x0000000090100000| Untracked 
| 258|0x0000000090200000, 0x0000000090200000, 0x0000000090300000|  0%| F|  |TAMS 0x0000000090200000| PB 0x0000000090200000| Untracked 
| 259|0x0000000090300000, 0x0000000090300000, 0x0000000090400000|  0%| F|  |TAMS 0x0000000090300000| PB 0x0000000090300000| Untracked 
| 260|0x0000000090400000, 0x0000000090400000, 0x0000000090500000|  0%| F|  |TAMS 0x0000000090400000| PB 0x0000000090400000| Untracked 
| 261|0x0000000090500000, 0x0000000090500000, 0x0000000090600000|  0%| F|  |TAMS 0x0000000090500000| PB 0x0000000090500000| Untracked 
| 262|0x0000000090600000, 0x0000000090600000, 0x0000000090700000|  0%| F|  |TAMS 0x0000000090600000| PB 0x0000000090600000| Untracked 
| 263|0x0000000090700000, 0x0000000090700000, 0x0000000090800000|  0%| F|  |TAMS 0x0000000090700000| PB 0x0000000090700000| Untracked 
| 264|0x0000000090800000, 0x0000000090800000, 0x0000000090900000|  0%| F|  |TAMS 0x0000000090800000| PB 0x0000000090800000| Untracked 
| 265|0x0000000090900000, 0x0000000090900000, 0x0000000090a00000|  0%| F|  |TAMS 0x0000000090900000| PB 0x0000000090900000| Untracked 
| 266|0x0000000090a00000, 0x0000000090a00000, 0x0000000090b00000|  0%| F|  |TAMS 0x0000000090a00000| PB 0x0000000090a00000| Untracked 
| 267|0x0000000090b00000, 0x0000000090b00000, 0x0000000090c00000|  0%| F|  |TAMS 0x0000000090b00000| PB 0x0000000090b00000| Untracked 
| 268|0x0000000090c00000, 0x0000000090c00000, 0x0000000090d00000|  0%| F|  |TAMS 0x0000000090c00000| PB 0x0000000090c00000| Untracked 
| 269|0x0000000090d00000, 0x0000000090d00000, 0x0000000090e00000|  0%| F|  |TAMS 0x0000000090d00000| PB 0x0000000090d00000| Untracked 
| 270|0x0000000090e00000, 0x0000000090e00000, 0x0000000090f00000|  0%| F|  |TAMS 0x0000000090e00000| PB 0x0000000090e00000| Untracked 
| 271|0x0000000090f00000, 0x0000000090f00000, 0x0000000091000000|  0%| F|  |TAMS 0x0000000090f00000| PB 0x0000000090f00000| Untracked 
| 272|0x0000000091000000, 0x0000000091000000, 0x0000000091100000|  0%| F|  |TAMS 0x0000000091000000| PB 0x0000000091000000| Untracked 
| 273|0x0000000091100000, 0x0000000091100000, 0x0000000091200000|  0%| F|  |TAMS 0x0000000091100000| PB 0x0000000091100000| Untracked 
| 274|0x0000000091200000, 0x0000000091200000, 0x0000000091300000|  0%| F|  |TAMS 0x0000000091200000| PB 0x0000000091200000| Untracked 
| 275|0x0000000091300000, 0x0000000091300000, 0x0000000091400000|  0%| F|  |TAMS 0x0000000091300000| PB 0x0000000091300000| Untracked 
| 276|0x0000000091400000, 0x0000000091400000, 0x0000000091500000|  0%| F|  |TAMS 0x0000000091400000| PB 0x0000000091400000| Untracked 
| 277|0x0000000091500000, 0x0000000091500000, 0x0000000091600000|  0%| F|  |TAMS 0x0000000091500000| PB 0x0000000091500000| Untracked 
| 278|0x0000000091600000, 0x0000000091600000, 0x0000000091700000|  0%| F|  |TAMS 0x0000000091600000| PB 0x0000000091600000| Untracked 
| 279|0x0000000091700000, 0x0000000091700000, 0x0000000091800000|  0%| F|  |TAMS 0x0000000091700000| PB 0x0000000091700000| Untracked 
| 280|0x0000000091800000, 0x0000000091800000, 0x0000000091900000|  0%| F|  |TAMS 0x0000000091800000| PB 0x0000000091800000| Untracked 
| 281|0x0000000091900000, 0x0000000091900000, 0x0000000091a00000|  0%| F|  |TAMS 0x0000000091900000| PB 0x0000000091900000| Untracked 
| 282|0x0000000091a00000, 0x0000000091a00000, 0x0000000091b00000|  0%| F|  |TAMS 0x0000000091a00000| PB 0x0000000091a00000| Untracked 
| 283|0x0000000091b00000, 0x0000000091b00000, 0x0000000091c00000|  0%| F|  |TAMS 0x0000000091b00000| PB 0x0000000091b00000| Untracked 
| 284|0x0000000091c00000, 0x0000000091c00000, 0x0000000091d00000|  0%| F|  |TAMS 0x0000000091c00000| PB 0x0000000091c00000| Untracked 
| 285|0x0000000091d00000, 0x0000000091d00000, 0x0000000091e00000|  0%| F|  |TAMS 0x0000000091d00000| PB 0x0000000091d00000| Untracked 
| 286|0x0000000091e00000, 0x0000000091e00000, 0x0000000091f00000|  0%| F|  |TAMS 0x0000000091e00000| PB 0x0000000091e00000| Untracked 
| 287|0x0000000091f00000, 0x0000000091f00000, 0x0000000092000000|  0%| F|  |TAMS 0x0000000091f00000| PB 0x0000000091f00000| Untracked 
| 288|0x0000000092000000, 0x0000000092000000, 0x0000000092100000|  0%| F|  |TAMS 0x0000000092000000| PB 0x0000000092000000| Untracked 
| 289|0x0000000092100000, 0x0000000092100000, 0x0000000092200000|  0%| F|  |TAMS 0x0000000092100000| PB 0x0000000092100000| Untracked 
| 290|0x0000000092200000, 0x0000000092200000, 0x0000000092300000|  0%| F|  |TAMS 0x0000000092200000| PB 0x0000000092200000| Untracked 
| 291|0x0000000092300000, 0x0000000092300000, 0x0000000092400000|  0%| F|  |TAMS 0x0000000092300000| PB 0x0000000092300000| Untracked 
| 292|0x0000000092400000, 0x0000000092400000, 0x0000000092500000|  0%| F|  |TAMS 0x0000000092400000| PB 0x0000000092400000| Untracked 
| 293|0x0000000092500000, 0x0000000092500000, 0x0000000092600000|  0%| F|  |TAMS 0x0000000092500000| PB 0x0000000092500000| Untracked 
| 294|0x0000000092600000, 0x0000000092600000, 0x0000000092700000|  0%| F|  |TAMS 0x0000000092600000| PB 0x0000000092600000| Untracked 
| 295|0x0000000092700000, 0x0000000092700000, 0x0000000092800000|  0%| F|  |TAMS 0x0000000092700000| PB 0x0000000092700000| Untracked 
| 296|0x0000000092800000, 0x0000000092800000, 0x0000000092900000|  0%| F|  |TAMS 0x0000000092800000| PB 0x0000000092800000| Untracked 
| 297|0x0000000092900000, 0x0000000092900000, 0x0000000092a00000|  0%| F|  |TAMS 0x0000000092900000| PB 0x0000000092900000| Untracked 
| 298|0x0000000092a00000, 0x0000000092a00000, 0x0000000092b00000|  0%| F|  |TAMS 0x0000000092a00000| PB 0x0000000092a00000| Untracked 
| 299|0x0000000092b00000, 0x0000000092b00000, 0x0000000092c00000|  0%| F|  |TAMS 0x0000000092b00000| PB 0x0000000092b00000| Untracked 
| 300|0x0000000092c00000, 0x0000000092c00000, 0x0000000092d00000|  0%| F|  |TAMS 0x0000000092c00000| PB 0x0000000092c00000| Untracked 
| 301|0x0000000092d00000, 0x0000000092d00000, 0x0000000092e00000|  0%| F|  |TAMS 0x0000000092d00000| PB 0x0000000092d00000| Untracked 
| 302|0x0000000092e00000, 0x0000000092e00000, 0x0000000092f00000|  0%| F|  |TAMS 0x0000000092e00000| PB 0x0000000092e00000| Untracked 
| 303|0x0000000092f00000, 0x0000000092f00000, 0x0000000093000000|  0%| F|  |TAMS 0x0000000092f00000| PB 0x0000000092f00000| Untracked 
| 304|0x0000000093000000, 0x0000000093000000, 0x0000000093100000|  0%| F|  |TAMS 0x0000000093000000| PB 0x0000000093000000| Untracked 
| 305|0x0000000093100000, 0x0000000093100000, 0x0000000093200000|  0%| F|  |TAMS 0x0000000093100000| PB 0x0000000093100000| Untracked 
| 306|0x0000000093200000, 0x0000000093200000, 0x0000000093300000|  0%| F|  |TAMS 0x0000000093200000| PB 0x0000000093200000| Untracked 
| 307|0x0000000093300000, 0x0000000093300000, 0x0000000093400000|  0%| F|  |TAMS 0x0000000093300000| PB 0x0000000093300000| Untracked 
| 308|0x0000000093400000, 0x0000000093400000, 0x0000000093500000|  0%| F|  |TAMS 0x0000000093400000| PB 0x0000000093400000| Untracked 
| 309|0x0000000093500000, 0x0000000093500000, 0x0000000093600000|  0%| F|  |TAMS 0x0000000093500000| PB 0x0000000093500000| Untracked 
| 310|0x0000000093600000, 0x0000000093600000, 0x0000000093700000|  0%| F|  |TAMS 0x0000000093600000| PB 0x0000000093600000| Untracked 
| 311|0x0000000093700000, 0x0000000093700000, 0x0000000093800000|  0%| F|  |TAMS 0x0000000093700000| PB 0x0000000093700000| Untracked 
| 312|0x0000000093800000, 0x0000000093800000, 0x0000000093900000|  0%| F|  |TAMS 0x0000000093800000| PB 0x0000000093800000| Untracked 
| 313|0x0000000093900000, 0x0000000093900000, 0x0000000093a00000|  0%| F|  |TAMS 0x0000000093900000| PB 0x0000000093900000| Untracked 
| 314|0x0000000093a00000, 0x0000000093a00000, 0x0000000093b00000|  0%| F|  |TAMS 0x0000000093a00000| PB 0x0000000093a00000| Untracked 
| 315|0x0000000093b00000, 0x0000000093b00000, 0x0000000093c00000|  0%| F|  |TAMS 0x0000000093b00000| PB 0x0000000093b00000| Untracked 
| 316|0x0000000093c00000, 0x0000000093c00000, 0x0000000093d00000|  0%| F|  |TAMS 0x0000000093c00000| PB 0x0000000093c00000| Untracked 
| 317|0x0000000093d00000, 0x0000000093d00000, 0x0000000093e00000|  0%| F|  |TAMS 0x0000000093d00000| PB 0x0000000093d00000| Untracked 
| 318|0x0000000093e00000, 0x0000000093e00000, 0x0000000093f00000|  0%| F|  |TAMS 0x0000000093e00000| PB 0x0000000093e00000| Untracked 
| 319|0x0000000093f00000, 0x0000000093f00000, 0x0000000094000000|  0%| F|  |TAMS 0x0000000093f00000| PB 0x0000000093f00000| Untracked 
| 320|0x0000000094000000, 0x0000000094000000, 0x0000000094100000|  0%| F|  |TAMS 0x0000000094000000| PB 0x0000000094000000| Untracked 
| 321|0x0000000094100000, 0x0000000094100000, 0x0000000094200000|  0%| F|  |TAMS 0x0000000094100000| PB 0x0000000094100000| Untracked 
| 322|0x0000000094200000, 0x0000000094200000, 0x0000000094300000|  0%| F|  |TAMS 0x0000000094200000| PB 0x0000000094200000| Untracked 
| 323|0x0000000094300000, 0x0000000094300000, 0x0000000094400000|  0%| F|  |TAMS 0x0000000094300000| PB 0x0000000094300000| Untracked 
| 324|0x0000000094400000, 0x0000000094400000, 0x0000000094500000|  0%| F|  |TAMS 0x0000000094400000| PB 0x0000000094400000| Untracked 
| 325|0x0000000094500000, 0x0000000094500000, 0x0000000094600000|  0%| F|  |TAMS 0x0000000094500000| PB 0x0000000094500000| Untracked 
| 326|0x0000000094600000, 0x0000000094600000, 0x0000000094700000|  0%| F|  |TAMS 0x0000000094600000| PB 0x0000000094600000| Untracked 
| 327|0x0000000094700000, 0x0000000094700000, 0x0000000094800000|  0%| F|  |TAMS 0x0000000094700000| PB 0x0000000094700000| Untracked 
| 328|0x0000000094800000, 0x0000000094800000, 0x0000000094900000|  0%| F|  |TAMS 0x0000000094800000| PB 0x0000000094800000| Untracked 
| 329|0x0000000094900000, 0x0000000094900000, 0x0000000094a00000|  0%| F|  |TAMS 0x0000000094900000| PB 0x0000000094900000| Untracked 
| 330|0x0000000094a00000, 0x0000000094a00000, 0x0000000094b00000|  0%| F|  |TAMS 0x0000000094a00000| PB 0x0000000094a00000| Untracked 
| 331|0x0000000094b00000, 0x0000000094b00000, 0x0000000094c00000|  0%| F|  |TAMS 0x0000000094b00000| PB 0x0000000094b00000| Untracked 
| 332|0x0000000094c00000, 0x0000000094c00000, 0x0000000094d00000|  0%| F|  |TAMS 0x0000000094c00000| PB 0x0000000094c00000| Untracked 
| 333|0x0000000094d00000, 0x0000000094d00000, 0x0000000094e00000|  0%| F|  |TAMS 0x0000000094d00000| PB 0x0000000094d00000| Untracked 
| 334|0x0000000094e00000, 0x0000000094e00000, 0x0000000094f00000|  0%| F|  |TAMS 0x0000000094e00000| PB 0x0000000094e00000| Untracked 
| 335|0x0000000094f00000, 0x0000000094f00000, 0x0000000095000000|  0%| F|  |TAMS 0x0000000094f00000| PB 0x0000000094f00000| Untracked 
| 336|0x0000000095000000, 0x0000000095000000, 0x0000000095100000|  0%| F|  |TAMS 0x0000000095000000| PB 0x0000000095000000| Untracked 
| 337|0x0000000095100000, 0x0000000095100000, 0x0000000095200000|  0%| F|  |TAMS 0x0000000095100000| PB 0x0000000095100000| Untracked 
| 338|0x0000000095200000, 0x0000000095200000, 0x0000000095300000|  0%| F|  |TAMS 0x0000000095200000| PB 0x0000000095200000| Untracked 
| 339|0x0000000095300000, 0x0000000095300000, 0x0000000095400000|  0%| F|  |TAMS 0x0000000095300000| PB 0x0000000095300000| Untracked 
| 340|0x0000000095400000, 0x0000000095400000, 0x0000000095500000|  0%| F|  |TAMS 0x0000000095400000| PB 0x0000000095400000| Untracked 
| 341|0x0000000095500000, 0x0000000095500000, 0x0000000095600000|  0%| F|  |TAMS 0x0000000095500000| PB 0x0000000095500000| Untracked 
| 342|0x0000000095600000, 0x0000000095600000, 0x0000000095700000|  0%| F|  |TAMS 0x0000000095600000| PB 0x0000000095600000| Untracked 
| 343|0x0000000095700000, 0x0000000095700000, 0x0000000095800000|  0%| F|  |TAMS 0x0000000095700000| PB 0x0000000095700000| Untracked 
| 344|0x0000000095800000, 0x0000000095800000, 0x0000000095900000|  0%| F|  |TAMS 0x0000000095800000| PB 0x0000000095800000| Untracked 
| 345|0x0000000095900000, 0x0000000095900000, 0x0000000095a00000|  0%| F|  |TAMS 0x0000000095900000| PB 0x0000000095900000| Untracked 
| 346|0x0000000095a00000, 0x0000000095a00000, 0x0000000095b00000|  0%| F|  |TAMS 0x0000000095a00000| PB 0x0000000095a00000| Untracked 
| 347|0x0000000095b00000, 0x0000000095b00000, 0x0000000095c00000|  0%| F|  |TAMS 0x0000000095b00000| PB 0x0000000095b00000| Untracked 
| 348|0x0000000095c00000, 0x0000000095c00000, 0x0000000095d00000|  0%| F|  |TAMS 0x0000000095c00000| PB 0x0000000095c00000| Untracked 
| 349|0x0000000095d00000, 0x0000000095d00000, 0x0000000095e00000|  0%| F|  |TAMS 0x0000000095d00000| PB 0x0000000095d00000| Untracked 
| 350|0x0000000095e00000, 0x0000000095e00000, 0x0000000095f00000|  0%| F|  |TAMS 0x0000000095e00000| PB 0x0000000095e00000| Untracked 
| 351|0x0000000095f00000, 0x0000000095f00000, 0x0000000096000000|  0%| F|  |TAMS 0x0000000095f00000| PB 0x0000000095f00000| Untracked 
| 352|0x0000000096000000, 0x0000000096000000, 0x0000000096100000|  0%| F|  |TAMS 0x0000000096000000| PB 0x0000000096000000| Untracked 
| 353|0x0000000096100000, 0x0000000096100000, 0x0000000096200000|  0%| F|  |TAMS 0x0000000096100000| PB 0x0000000096100000| Untracked 
| 354|0x0000000096200000, 0x0000000096200000, 0x0000000096300000|  0%| F|  |TAMS 0x0000000096200000| PB 0x0000000096200000| Untracked 
| 355|0x0000000096300000, 0x0000000096300000, 0x0000000096400000|  0%| F|  |TAMS 0x0000000096300000| PB 0x0000000096300000| Untracked 
| 356|0x0000000096400000, 0x0000000096400000, 0x0000000096500000|  0%| F|  |TAMS 0x0000000096400000| PB 0x0000000096400000| Untracked 
| 357|0x0000000096500000, 0x0000000096500000, 0x0000000096600000|  0%| F|  |TAMS 0x0000000096500000| PB 0x0000000096500000| Untracked 
| 358|0x0000000096600000, 0x0000000096600000, 0x0000000096700000|  0%| F|  |TAMS 0x0000000096600000| PB 0x0000000096600000| Untracked 
| 359|0x0000000096700000, 0x0000000096700000, 0x0000000096800000|  0%| F|  |TAMS 0x0000000096700000| PB 0x0000000096700000| Untracked 
| 360|0x0000000096800000, 0x000000009687d7d8, 0x0000000096900000| 49%| E|  |TAMS 0x0000000096800000| PB 0x0000000096800000| Complete 
| 361|0x0000000096900000, 0x0000000096a00000, 0x0000000096a00000|100%| E|CS|TAMS 0x0000000096900000| PB 0x0000000096900000| Complete 
| 362|0x0000000096a00000, 0x0000000096b00000, 0x0000000096b00000|100%| E|CS|TAMS 0x0000000096a00000| PB 0x0000000096a00000| Complete 
| 363|0x0000000096b00000, 0x0000000096c00000, 0x0000000096c00000|100%| E|  |TAMS 0x0000000096b00000| PB 0x0000000096b00000| Complete 
| 364|0x0000000096c00000, 0x0000000096d00000, 0x0000000096d00000|100%| E|CS|TAMS 0x0000000096c00000| PB 0x0000000096c00000| Complete 
| 365|0x0000000096d00000, 0x0000000096e00000, 0x0000000096e00000|100%| E|CS|TAMS 0x0000000096d00000| PB 0x0000000096d00000| Complete 
| 366|0x0000000096e00000, 0x0000000096f00000, 0x0000000096f00000|100%| E|CS|TAMS 0x0000000096e00000| PB 0x0000000096e00000| Complete 
|1992|0x00000000fc800000, 0x00000000fc900000, 0x00000000fc900000|100%| O|  |TAMS 0x00000000fc900000| PB 0x00000000fc800000| Untracked 
|1993|0x00000000fc900000, 0x00000000fca00000, 0x00000000fca00000|100%| O|  |TAMS 0x00000000fca00000| PB 0x00000000fc900000| Untracked 
|1994|0x00000000fca00000, 0x00000000fcb00000, 0x00000000fcb00000|100%| O|  |TAMS 0x00000000fcb00000| PB 0x00000000fca00000| Untracked 
|1995|0x00000000fcb00000, 0x00000000fcc00000, 0x00000000fcc00000|100%| O|  |TAMS 0x00000000fcc00000| PB 0x00000000fcb00000| Untracked 
|1996|0x00000000fcc00000, 0x00000000fcd00000, 0x00000000fcd00000|100%| O|  |TAMS 0x00000000fcd00000| PB 0x00000000fcc00000| Untracked 
|1997|0x00000000fcd00000, 0x00000000fce00000, 0x00000000fce00000|100%| O|  |TAMS 0x00000000fce00000| PB 0x00000000fcd00000| Untracked 
|1998|0x00000000fce00000, 0x00000000fcf00000, 0x00000000fcf00000|100%| O|  |TAMS 0x00000000fcf00000| PB 0x00000000fce00000| Untracked 
|1999|0x00000000fcf00000, 0x00000000fd000000, 0x00000000fd000000|100%| O|  |TAMS 0x00000000fd000000| PB 0x00000000fcf00000| Untracked 
|2000|0x00000000fd000000, 0x00000000fd100000, 0x00000000fd100000|100%| E|CS|TAMS 0x00000000fd000000| PB 0x00000000fd000000| Complete 
|2001|0x00000000fd100000, 0x00000000fd200000, 0x00000000fd200000|100%| E|CS|TAMS 0x00000000fd100000| PB 0x00000000fd100000| Complete 
|2002|0x00000000fd200000, 0x00000000fd300000, 0x00000000fd300000|100%| E|CS|TAMS 0x00000000fd200000| PB 0x00000000fd200000| Complete 
|2003|0x00000000fd300000, 0x00000000fd400000, 0x00000000fd400000|100%| E|CS|TAMS 0x00000000fd300000| PB 0x00000000fd300000| Complete 
|2004|0x00000000fd400000, 0x00000000fd500000, 0x00000000fd500000|100%| E|CS|TAMS 0x00000000fd400000| PB 0x00000000fd400000| Complete 
|2005|0x00000000fd500000, 0x00000000fd600000, 0x00000000fd600000|100%| E|CS|TAMS 0x00000000fd500000| PB 0x00000000fd500000| Complete 
|2006|0x00000000fd600000, 0x00000000fd700000, 0x00000000fd700000|100%| E|CS|TAMS 0x00000000fd600000| PB 0x00000000fd600000| Complete 
|2007|0x00000000fd700000, 0x00000000fd800000, 0x00000000fd800000|100%| E|CS|TAMS 0x00000000fd700000| PB 0x00000000fd700000| Complete 
|2008|0x00000000fd800000, 0x00000000fd900000, 0x00000000fd900000|100%| E|CS|TAMS 0x00000000fd800000| PB 0x00000000fd800000| Complete 
|2009|0x00000000fd900000, 0x00000000fda00000, 0x00000000fda00000|100%| E|CS|TAMS 0x00000000fd900000| PB 0x00000000fd900000| Complete 
|2010|0x00000000fda00000, 0x00000000fdb00000, 0x00000000fdb00000|100%| E|CS|TAMS 0x00000000fda00000| PB 0x00000000fda00000| Complete 
|2011|0x00000000fdb00000, 0x00000000fdc00000, 0x00000000fdc00000|100%| E|CS|TAMS 0x00000000fdb00000| PB 0x00000000fdb00000| Complete 
|2012|0x00000000fdc00000, 0x00000000fdd00000, 0x00000000fdd00000|100%| E|CS|TAMS 0x00000000fdc00000| PB 0x00000000fdc00000| Complete 
|2013|0x00000000fdd00000, 0x00000000fde00000, 0x00000000fde00000|100%| E|CS|TAMS 0x00000000fdd00000| PB 0x00000000fdd00000| Complete 
|2014|0x00000000fde00000, 0x00000000fdf00000, 0x00000000fdf00000|100%| E|CS|TAMS 0x00000000fde00000| PB 0x00000000fde00000| Complete 
|2015|0x00000000fdf00000, 0x00000000fe000000, 0x00000000fe000000|100%| E|CS|TAMS 0x00000000fdf00000| PB 0x00000000fdf00000| Complete 
|2016|0x00000000fe000000, 0x00000000fe100000, 0x00000000fe100000|100%| E|CS|TAMS 0x00000000fe000000| PB 0x00000000fe000000| Complete 
|2017|0x00000000fe100000, 0x00000000fe200000, 0x00000000fe200000|100%| E|CS|TAMS 0x00000000fe100000| PB 0x00000000fe100000| Complete 
|2018|0x00000000fe200000, 0x00000000fe300000, 0x00000000fe300000|100%| E|CS|TAMS 0x00000000fe200000| PB 0x00000000fe200000| Complete 
|2019|0x00000000fe300000, 0x00000000fe400000, 0x00000000fe400000|100%| E|CS|TAMS 0x00000000fe300000| PB 0x00000000fe300000| Complete 
|2020|0x00000000fe400000, 0x00000000fe500000, 0x00000000fe500000|100%| E|CS|TAMS 0x00000000fe400000| PB 0x00000000fe400000| Complete 
|2021|0x00000000fe500000, 0x00000000fe600000, 0x00000000fe600000|100%| S|CS|TAMS 0x00000000fe500000| PB 0x00000000fe500000| Complete 
|2022|0x00000000fe600000, 0x00000000fe700000, 0x00000000fe700000|100%| S|CS|TAMS 0x00000000fe600000| PB 0x00000000fe600000| Complete 
|2023|0x00000000fe700000, 0x00000000fe800000, 0x00000000fe800000|100%| S|CS|TAMS 0x00000000fe700000| PB 0x00000000fe700000| Complete 
|2024|0x00000000fe800000, 0x00000000fe900000, 0x00000000fe900000|100%| S|CS|TAMS 0x00000000fe800000| PB 0x00000000fe800000| Complete 
|2025|0x00000000fe900000, 0x00000000fea00000, 0x00000000fea00000|100%| S|CS|TAMS 0x00000000fe900000| PB 0x00000000fe900000| Complete 
|2026|0x00000000fea00000, 0x00000000feb00000, 0x00000000feb00000|100%| O|  |TAMS 0x00000000feb00000| PB 0x00000000fea00000| Untracked 
|2027|0x00000000feb00000, 0x00000000fec00000, 0x00000000fec00000|100%| E|CS|TAMS 0x00000000feb00000| PB 0x00000000feb00000| Complete 
|2028|0x00000000fec00000, 0x00000000fed00000, 0x00000000fed00000|100%| O|  |TAMS 0x00000000fed00000| PB 0x00000000fec00000| Untracked 
|2029|0x00000000fed00000, 0x00000000fee00000, 0x00000000fee00000|100%| O|  |TAMS 0x00000000fee00000| PB 0x00000000fed00000| Untracked 
|2030|0x00000000fee00000, 0x00000000fef00000, 0x00000000fef00000|100%| O|  |TAMS 0x00000000fef00000| PB 0x00000000fee00000| Untracked 
|2031|0x00000000fef00000, 0x00000000ff000000, 0x00000000ff000000|100%| O|  |TAMS 0x00000000ff000000| PB 0x00000000fef00000| Untracked 
|2032|0x00000000ff000000, 0x00000000ff100000, 0x00000000ff100000|100%| O|  |TAMS 0x00000000ff100000| PB 0x00000000ff000000| Untracked 
|2033|0x00000000ff100000, 0x00000000ff200000, 0x00000000ff200000|100%| O|  |TAMS 0x00000000ff200000| PB 0x00000000ff100000| Untracked 
|2034|0x00000000ff200000, 0x00000000ff300000, 0x00000000ff300000|100%| O|  |TAMS 0x00000000ff300000| PB 0x00000000ff200000| Untracked 
|2035|0x00000000ff300000, 0x00000000ff400000, 0x00000000ff400000|100%| E|CS|TAMS 0x00000000ff300000| PB 0x00000000ff300000| Complete 
|2036|0x00000000ff400000, 0x00000000ff500000, 0x00000000ff500000|100%| E|CS|TAMS 0x00000000ff400000| PB 0x00000000ff400000| Complete 
|2037|0x00000000ff500000, 0x00000000ff600000, 0x00000000ff600000|100%| E|CS|TAMS 0x00000000ff500000| PB 0x00000000ff500000| Complete 
|2038|0x00000000ff600000, 0x00000000ff700000, 0x00000000ff700000|100%| O|  |TAMS 0x00000000ff700000| PB 0x00000000ff600000| Untracked 
|2039|0x00000000ff700000, 0x00000000ff800000, 0x00000000ff800000|100%| O|  |TAMS 0x00000000ff800000| PB 0x00000000ff700000| Untracked 
|2040|0x00000000ff800000, 0x00000000ff900000, 0x00000000ff900000|100%| O|  |TAMS 0x00000000ff900000| PB 0x00000000ff800000| Untracked 
|2041|0x00000000ff900000, 0x00000000ffa00000, 0x00000000ffa00000|100%| E|CS|TAMS 0x00000000ff900000| PB 0x00000000ff900000| Complete 
|2042|0x00000000ffa00000, 0x00000000ffb00000, 0x00000000ffb00000|100%| O|  |TAMS 0x00000000ffb00000| PB 0x00000000ffa00000| Untracked 
|2043|0x00000000ffb00000, 0x00000000ffc00000, 0x00000000ffc00000|100%| O|  |TAMS 0x00000000ffc00000| PB 0x00000000ffb00000| Untracked 
|2044|0x00000000ffc00000, 0x00000000ffd00000, 0x00000000ffd00000|100%| O|  |TAMS 0x00000000ffd00000| PB 0x00000000ffc00000| Untracked 
|2045|0x00000000ffd00000, 0x00000000ffe00000, 0x00000000ffe00000|100%| O|  |TAMS 0x00000000ffe00000| PB 0x00000000ffd00000| Untracked 
|2046|0x00000000ffe00000, 0x00000000fff00000, 0x00000000fff00000|100%| O|  |TAMS 0x00000000fff00000| PB 0x00000000ffe00000| Untracked 
|2047|0x00000000fff00000, 0x0000000100000000, 0x0000000100000000|100%| O|  |TAMS 0x0000000100000000| PB 0x00000000fff00000| Untracked 

Card table byte_map: [0x000001dbbba20000,0x000001dbbbe20000] _byte_map_base: 0x000001dbbb620000

Marking Bits: (CMBitMap*) 0x000001dba91dfca0
 Bits: [0x000001dbbbe20000, 0x000001dbbde20000)

Polling page: 0x000001dba7040000

Metaspace:

Usage:
  Non-class:    138.16 MB used.
      Class:     22.16 MB used.
       Both:    160.33 MB used.

Virtual space:
  Non-class space:      192.00 MB reserved,     139.38 MB ( 73%) committed,  3 nodes.
      Class space:        1.00 GB reserved,      23.31 MB (  2%) committed,  1 nodes.
             Both:        1.19 GB reserved,     162.69 MB ( 13%) committed. 

Chunk freelists:
   Non-Class:  4.67 MB
       Class:  8.64 MB
        Both:  13.31 MB

MaxMetaspaceSize: unlimited
CompressedClassSpaceSize: 1.00 GB
Initial GC threshold: 21.00 MB
Current GC threshold: 265.94 MB
CDS: off
 - commit_granule_bytes: 65536.
 - commit_granule_words: 8192.
 - virtual_space_node_default_size: 8388608.
 - enlarge_chunks_in_place: 1.
 - use_allocation_guard: 0.


Internal statistics:

num_allocs_failed_limit: 12.
num_arena_births: 4662.
num_arena_deaths: 20.
num_vsnodes_births: 4.
num_vsnodes_deaths: 0.
num_space_committed: 2602.
num_space_uncommitted: 0.
num_chunks_returned_to_freelist: 42.
num_chunks_taken_from_freelist: 11431.
num_chunk_merges: 24.
num_chunk_splits: 7631.
num_chunks_enlarged: 5027.
num_inconsistent_stats: 0.

CodeHeap 'non-profiled nmethods': size=120000Kb used=14342Kb max_used=14632Kb free=105657Kb
 bounds [0x000001dbb3dc0000, 0x000001dbb4c20000, 0x000001dbbb2f0000]
CodeHeap 'profiled nmethods': size=120000Kb used=38145Kb max_used=38145Kb free=81855Kb
 bounds [0x000001dbac2f0000, 0x000001dbae840000, 0x000001dbb3820000]
CodeHeap 'non-nmethods': size=5760Kb used=2831Kb max_used=2919Kb free=2928Kb
 bounds [0x000001dbb3820000, 0x000001dbb3b00000, 0x000001dbb3dc0000]
CodeCache: size=245760Kb, used=55318Kb, max_used=55696Kb, free=190440Kb
 total_blobs=20511, nmethods=19414, adapters=1000, full_count=0
Compilation: enabled, stopped_count=0, restarted_count=0

Compilation events (20 events):
Event: 34.572 Thread 0x000001dbc09feb30 25311       2       com.android.tools.r8.dex.code.Q0::a (33 bytes)
Event: 34.572 Thread 0x000001dbc09feb30 nmethod 25311 0x000001dbae812f90 code [0x000001dbae813160, 0x000001dbae813350]
Event: 34.574 Thread 0x000001dbc09feb30 25313       3       com.android.tools.r8.dex.code.d0::a (59 bytes)
Event: 34.575 Thread 0x000001dbc09feb30 nmethod 25313 0x000001dbae813490 code [0x000001dbae8136a0, 0x000001dbae813b98]
Event: 34.575 Thread 0x000001dbc09feb30 25314       2       com.android.tools.r8.dex.code.I0::a (20 bytes)
Event: 34.575 Thread 0x000001dbc09d7fa0 nmethod 25262 0x000001dbb491be90 code [0x000001dbb491c100, 0x000001dbb491d108]
Event: 34.575 Thread 0x000001dbc09feb30 nmethod 25314 0x000001dbae813e10 code [0x000001dbae813fc0, 0x000001dbae814148]
Event: 34.575 Thread 0x000001dbc09d7fa0 25247       4       com.android.tools.r8.dex.L$$Lambda/0x000000010170c478::accept (12 bytes)
Event: 34.575 Thread 0x000001dbc09feb30 25315       2       com.android.tools.r8.dex.code.X1::Q (4 bytes)
Event: 34.576 Thread 0x000001dbc09feb30 nmethod 25315 0x000001dbae814290 code [0x000001dbae814420, 0x000001dbae814530]
Event: 34.578 Thread 0x000001dbc09feb30 25316       3       com.android.tools.r8.graph.O0::K0 (5 bytes)
Event: 34.578 Thread 0x000001dbc09feb30 nmethod 25316 0x000001dbae814610 code [0x000001dbae8147c0, 0x000001dbae8149b0]
Event: 34.584 Thread 0x000001dbc09feb30 25317       2       com.android.tools.r8.dex.code.Q0::a (1 bytes)
Event: 34.585 Thread 0x000001dbc09feb30 nmethod 25317 0x000001dbae814a90 code [0x000001dbae814c20, 0x000001dbae814d28]
Event: 34.586 Thread 0x000001dbc09feb30 25318       2       com.android.tools.r8.dex.code.I0::a (1 bytes)
Event: 34.586 Thread 0x000001dbc09feb30 nmethod 25318 0x000001dbae814e10 code [0x000001dbae814fa0, 0x000001dbae8150a8]
Event: 34.594 Thread 0x000001dbc09feb30 25319       2       com.android.tools.r8.internal.W5::put (43 bytes)
Event: 34.594 Thread 0x000001dbc09feb30 nmethod 25319 0x000001dbae815190 code [0x000001dbae815380, 0x000001dbae8155e8]
Event: 34.595 Thread 0x000001dbc09feb30 25321       2       com.android.tools.r8.graph.S0::hashCode (11 bytes)
Event: 34.595 Thread 0x000001dbc09feb30 nmethod 25321 0x000001dbae815710 code [0x000001dbae8158e0, 0x000001dbae815b48]

GC Heap History (20 events):
Event: 18.646 GC heap before
{Heap before GC invocations=52 (full 0):
 garbage-first heap   total 355328K, used 296969K [0x0000000080000000, 0x0000000100000000)
  region size 1024K, 128 young (131072K), 12 survivors (12288K)
 Metaspace       used 129654K, committed 131840K, reserved 1179648K
  class space    used 17659K, committed 18752K, reserved 1048576K
}
Event: 18.652 GC heap after
{Heap after GC invocations=53 (full 0):
 garbage-first heap   total 355328K, used 179912K [0x0000000080000000, 0x0000000100000000)
  region size 1024K, 3 young (3072K), 3 survivors (3072K)
 Metaspace       used 129654K, committed 131840K, reserved 1179648K
  class space    used 17659K, committed 18752K, reserved 1048576K
}
Event: 30.330 GC heap before
{Heap before GC invocations=53 (full 0):
 garbage-first heap   total 355328K, used 323272K [0x0000000080000000, 0x0000000100000000)
  region size 1024K, 144 young (147456K), 3 survivors (3072K)
 Metaspace       used 134406K, committed 136768K, reserved 1179648K
  class space    used 18307K, committed 19456K, reserved 1048576K
}
Event: 30.349 GC heap after
{Heap after GC invocations=54 (full 0):
 garbage-first heap   total 355328K, used 183267K [0x0000000080000000, 0x0000000100000000)
  region size 1024K, 16 young (16384K), 16 survivors (16384K)
 Metaspace       used 134406K, committed 136768K, reserved 1179648K
  class space    used 18307K, committed 19456K, reserved 1048576K
}
Event: 30.915 GC heap before
{Heap before GC invocations=54 (full 0):
 garbage-first heap   total 355328K, used 243683K [0x0000000080000000, 0x0000000100000000)
  region size 1024K, 77 young (78848K), 16 survivors (16384K)
 Metaspace       used 141128K, committed 143424K, reserved 1179648K
  class space    used 19194K, committed 20288K, reserved 1048576K
}
Event: 30.926 GC heap after
{Heap after GC invocations=55 (full 0):
 garbage-first heap   total 355328K, used 191136K [0x0000000080000000, 0x0000000100000000)
  region size 1024K, 11 young (11264K), 11 survivors (11264K)
 Metaspace       used 141128K, committed 143424K, reserved 1179648K
  class space    used 19194K, committed 20288K, reserved 1048576K
}
Event: 31.972 GC heap before
{Heap before GC invocations=56 (full 0):
 garbage-first heap   total 355328K, used 327328K [0x0000000080000000, 0x0000000100000000)
  region size 1024K, 139 young (142336K), 11 survivors (11264K)
 Metaspace       used 144135K, committed 146432K, reserved 1179648K
  class space    used 19621K, committed 20736K, reserved 1048576K
}
Event: 32.001 GC heap after
{Heap after GC invocations=57 (full 0):
 garbage-first heap   total 355328K, used 199892K [0x0000000080000000, 0x0000000100000000)
  region size 1024K, 17 young (17408K), 17 survivors (17408K)
 Metaspace       used 144135K, committed 146432K, reserved 1179648K
  class space    used 19621K, committed 20736K, reserved 1048576K
}
Event: 32.418 GC heap before
{Heap before GC invocations=57 (full 0):
 garbage-first heap   total 355328K, used 320724K [0x0000000080000000, 0x0000000100000000)
  region size 1024K, 136 young (139264K), 17 survivors (17408K)
 Metaspace       used 151446K, committed 153728K, reserved 1245184K
  class space    used 20730K, committed 21824K, reserved 1048576K
}
Event: 32.434 GC heap after
{Heap after GC invocations=58 (full 0):
 garbage-first heap   total 355328K, used 203671K [0x0000000080000000, 0x0000000100000000)
  region size 1024K, 14 young (14336K), 14 survivors (14336K)
 Metaspace       used 151446K, committed 153728K, reserved 1245184K
  class space    used 20730K, committed 21824K, reserved 1048576K
}
Event: 32.939 GC heap before
{Heap before GC invocations=58 (full 0):
 garbage-first heap   total 355328K, used 319383K [0x0000000080000000, 0x0000000100000000)
  region size 1024K, 128 young (131072K), 14 survivors (14336K)
 Metaspace       used 160432K, committed 162752K, reserved 1245184K
  class space    used 22262K, committed 23360K, reserved 1048576K
}
Event: 32.950 GC heap after
{Heap after GC invocations=59 (full 0):
 garbage-first heap   total 355328K, used 209336K [0x0000000080000000, 0x0000000100000000)
  region size 1024K, 6 young (6144K), 6 survivors (6144K)
 Metaspace       used 160432K, committed 162752K, reserved 1245184K
  class space    used 22262K, committed 23360K, reserved 1048576K
}
Event: 33.902 GC heap before
{Heap before GC invocations=60 (full 0):
 garbage-first heap   total 355328K, used 325048K [0x0000000080000000, 0x0000000100000000)
  region size 1024K, 119 young (121856K), 6 survivors (6144K)
 Metaspace       used 162677K, committed 165056K, reserved 1245184K
  class space    used 22513K, committed 23616K, reserved 1048576K
}
Event: 33.909 GC heap after
{Heap after GC invocations=61 (full 0):
 garbage-first heap   total 355328K, used 208892K [0x0000000080000000, 0x0000000100000000)
  region size 1024K, 6 young (6144K), 6 survivors (6144K)
 Metaspace       used 162677K, committed 165056K, reserved 1245184K
  class space    used 22513K, committed 23616K, reserved 1048576K
}
Event: 34.341 GC heap before
{Heap before GC invocations=61 (full 0):
 garbage-first heap   total 355328K, used 329724K [0x0000000080000000, 0x0000000100000000)
  region size 1024K, 124 young (126976K), 6 survivors (6144K)
 Metaspace       used 164016K, committed 166400K, reserved 1245184K
  class space    used 22689K, committed 23872K, reserved 1048576K
}
Event: 34.362 GC heap after
{Heap after GC invocations=62 (full 0):
 garbage-first heap   total 363520K, used 227391K [0x0000000080000000, 0x0000000100000000)
  region size 1024K, 16 young (16384K), 16 survivors (16384K)
 Metaspace       used 164016K, committed 166400K, reserved 1245184K
  class space    used 22689K, committed 23872K, reserved 1048576K
}
Event: 34.425 GC heap before
{Heap before GC invocations=62 (full 0):
 garbage-first heap   total 363520K, used 241727K [0x0000000080000000, 0x0000000100000000)
  region size 1024K, 32 young (32768K), 16 survivors (16384K)
 Metaspace       used 164058K, committed 166464K, reserved 1245184K
  class space    used 22692K, committed 23872K, reserved 1048576K
}
Event: 34.440 GC heap after
{Heap after GC invocations=63 (full 0):
 garbage-first heap   total 433152K, used 233321K [0x0000000080000000, 0x0000000100000000)
  region size 1024K, 4 young (4096K), 4 survivors (4096K)
 Metaspace       used 164058K, committed 166464K, reserved 1245184K
  class space    used 22692K, committed 23872K, reserved 1048576K
}
Event: 34.458 GC heap before
{Heap before GC invocations=63 (full 0):
 garbage-first heap   total 433152K, used 238441K [0x0000000080000000, 0x0000000100000000)
  region size 1024K, 9 young (9216K), 4 survivors (4096K)
 Metaspace       used 164075K, committed 166464K, reserved 1245184K
  class space    used 22696K, committed 23872K, reserved 1048576K
}
Event: 34.461 GC heap after
{Heap after GC invocations=64 (full 0):
 garbage-first heap   total 433152K, used 235486K [0x0000000080000000, 0x0000000100000000)
  region size 1024K, 5 young (5120K), 5 survivors (5120K)
 Metaspace       used 164075K, committed 166464K, reserved 1245184K
  class space    used 22696K, committed 23872K, reserved 1048576K
}

Dll operation events (3 events):
Event: 0.007 Loaded shared library C:\Program Files\Android\Android Studio\jbr\bin\java.dll
Event: 0.012 Loaded shared library C:\Program Files\Android\Android Studio\jbr\bin\zip.dll
Event: 0.513 Loaded shared library C:\Program Files\Android\Android Studio\jbr\bin\verify.dll

Deoptimization events (20 events):
Event: 34.445 Thread 0x000001dbcc5804e0 Uncommon trap: trap_request=0xffffff45 fr.pc=0x000001dbb40ac348 relative=0x0000000000006548
Event: 34.445 Thread 0x000001dbcc5804e0 Uncommon trap: reason=unstable_if action=reinterpret pc=0x000001dbb40ac348 method=java.util.concurrent.ConcurrentHashMap.get(Ljava/lang/Object;)Ljava/lang/Object; @ 152 c2
Event: 34.445 Thread 0x000001dbcc5804e0 DEOPT PACKING pc=0x000001dbb40ac348 sp=0x00000010b1ffb780
Event: 34.445 Thread 0x000001dbcc5804e0 DEOPT UNPACKING pc=0x000001dbb38743a2 sp=0x00000010b1ffb5c8 mode 2
Event: 34.445 Thread 0x000001dbcc5804e0 Uncommon trap: trap_request=0xffffff45 fr.pc=0x000001dbb4573888 relative=0x00000000000001a8
Event: 34.445 Thread 0x000001dbcc5804e0 Uncommon trap: reason=unstable_if action=reinterpret pc=0x000001dbb4573888 method=java.util.concurrent.ConcurrentHashMap.get(Ljava/lang/Object;)Ljava/lang/Object; @ 152 c2
Event: 34.445 Thread 0x000001dbcc5804e0 DEOPT PACKING pc=0x000001dbb4573888 sp=0x00000010b1ffb570
Event: 34.445 Thread 0x000001dbcc5804e0 DEOPT UNPACKING pc=0x000001dbb38743a2 sp=0x00000010b1ffb4e8 mode 2
Event: 34.462 Thread 0x000001dbcb1d1440 Uncommon trap: trap_request=0xffffffde fr.pc=0x000001dbb46bab80 relative=0x00000000000003c0
Event: 34.462 Thread 0x000001dbcb1d1440 Uncommon trap: reason=class_check action=maybe_recompile pc=0x000001dbb46bab80 method=com.android.tools.r8.dex.y.c(I)V @ 124 c2
Event: 34.462 Thread 0x000001dbcb1d1440 DEOPT PACKING pc=0x000001dbb46bab80 sp=0x00000010b49fcce0
Event: 34.462 Thread 0x000001dbcb1d1440 DEOPT UNPACKING pc=0x000001dbb38743a2 sp=0x00000010b49fcca8 mode 2
Event: 34.509 Thread 0x000001dbcb1d1440 DEOPT PACKING pc=0x000001dbace51772 sp=0x00000010b49fcb00
Event: 34.509 Thread 0x000001dbcb1d1440 DEOPT UNPACKING pc=0x000001dbb3874b42 sp=0x00000010b49fc010 mode 0
Event: 34.550 Thread 0x000001dbcb1d1440 DEOPT PACKING pc=0x000001dbad78c9ad sp=0x00000010b49fca80
Event: 34.550 Thread 0x000001dbcb1d1440 DEOPT UNPACKING pc=0x000001dbb3874b42 sp=0x00000010b49fbf80 mode 0
Event: 34.551 Thread 0x000001dbcb1d1440 DEOPT PACKING pc=0x000001dbad78c9ad sp=0x00000010b49fca80
Event: 34.551 Thread 0x000001dbcb1d1440 DEOPT UNPACKING pc=0x000001dbb3874b42 sp=0x00000010b49fbf80 mode 0
Event: 34.553 Thread 0x000001dbcb1d1440 DEOPT PACKING pc=0x000001dbad78c9ad sp=0x00000010b49fca80
Event: 34.553 Thread 0x000001dbcb1d1440 DEOPT UNPACKING pc=0x000001dbb3874b42 sp=0x00000010b49fbf80 mode 0

Classes loaded (20 events):
Event: 32.665 Loading class java/util/IdentityHashMap$ValueIterator
Event: 32.665 Loading class java/util/IdentityHashMap$ValueIterator done
Event: 32.776 Loading class java/util/AbstractList$SubList
Event: 32.776 Loading class java/util/AbstractList$SubList done
Event: 32.777 Loading class java/util/AbstractList$SubList$1
Event: 32.777 Loading class java/util/AbstractList$SubList$1 done
Event: 33.297 Loading class java/nio/ShortBuffer
Event: 33.298 Loading class java/nio/ShortBuffer done
Event: 33.335 Loading class java/nio/ByteBufferAsShortBufferL
Event: 33.335 Loading class java/nio/ByteBufferAsShortBufferL done
Event: 33.411 Loading class java/util/zip/Adler32
Event: 33.411 Loading class java/util/zip/Adler32 done
Event: 33.917 Loading class java/io/PushbackInputStream
Event: 33.917 Loading class java/io/PushbackInputStream done
Event: 33.999 Loading class java/nio/BufferUnderflowException
Event: 33.999 Loading class java/nio/BufferUnderflowException done
Event: 34.036 Loading class java/nio/HeapShortBuffer
Event: 34.036 Loading class java/nio/HeapShortBuffer done
Event: 34.045 Loading class java/util/AbstractList$RandomAccessSubList
Event: 34.046 Loading class java/util/AbstractList$RandomAccessSubList done

Classes unloaded (10 events):
Event: 13.278 Thread 0x000001dbc08970d0 Unloading class 0x00000001010c0400 'java/lang/invoke/LambdaForm$DMH+0x00000001010c0400'
Event: 13.278 Thread 0x000001dbc08970d0 Unloading class 0x00000001010bdc00 'java/lang/invoke/LambdaForm$DMH+0x00000001010bdc00'
Event: 13.278 Thread 0x000001dbc08970d0 Unloading class 0x00000001010c0000 'java/lang/invoke/LambdaForm$DMH+0x00000001010c0000'
Event: 33.259 Thread 0x000001dbc08970d0 Unloading class 0x0000000101443c00 'jdk/internal/reflect/GeneratedSerializationConstructorAccessor188'
Event: 33.259 Thread 0x000001dbc08970d0 Unloading class 0x0000000101443800 'jdk/internal/reflect/GeneratedSerializationConstructorAccessor181'
Event: 33.259 Thread 0x000001dbc08970d0 Unloading class 0x0000000101443400 'jdk/internal/reflect/GeneratedSerializationConstructorAccessor182'
Event: 33.259 Thread 0x000001dbc08970d0 Unloading class 0x0000000101443000 'jdk/internal/reflect/GeneratedSerializationConstructorAccessor184'
Event: 33.259 Thread 0x000001dbc08970d0 Unloading class 0x0000000101442800 'jdk/internal/reflect/GeneratedSerializationConstructorAccessor186'
Event: 33.259 Thread 0x000001dbc08970d0 Unloading class 0x0000000101442400 'jdk/internal/reflect/GeneratedSerializationConstructorAccessor185'
Event: 33.259 Thread 0x000001dbc08970d0 Unloading class 0x0000000101442000 'jdk/internal/reflect/GeneratedSerializationConstructorAccessor183'

Classes redefined (0 events):
No events

Internal exceptions (20 events):
Event: 34.046 Thread 0x000001dbccecc380 Exception <a 'java/lang/NoSuchMethodError'{0x00000000fd6fac78}: 'long java.lang.invoke.DirectMethodHandle$Holder.invokeStatic(java.lang.Object, java.lang.Object, java.lang.Object)'> (0x00000000fd6fac78) 
thrown [s\src\hotspot\share\interpreter\linkResolver.cpp, line 784]
Event: 34.048 Thread 0x000001dbccec53f0 Exception <a 'java/lang/NoSuchMethodError'{0x00000000fd9066b0}: 'long java.lang.invoke.DirectMethodHandle$Holder.invokeStatic(java.lang.Object, java.lang.Object, java.lang.Object)'> (0x00000000fd9066b0) 
thrown [s\src\hotspot\share\interpreter\linkResolver.cpp, line 784]
Event: 34.054 Thread 0x000001dbccec53f0 Exception <a 'sun/nio/fs/WindowsException'{0x00000000fd1f8d68}> (0x00000000fd1f8d68) 
thrown [s\src\hotspot\share\prims\jni.cpp, line 537]
Event: 34.063 Thread 0x000001dbccec9c20 Exception <a 'sun/nio/fs/WindowsException'{0x00000000fd0bed00}> (0x00000000fd0bed00) 
thrown [s\src\hotspot\share\prims\jni.cpp, line 537]
Event: 34.063 Thread 0x000001dbc62546c0 Exception <a 'sun/nio/fs/WindowsException'{0x0000000092a879f0}> (0x0000000092a879f0) 
thrown [s\src\hotspot\share\prims\jni.cpp, line 537]
Event: 34.095 Thread 0x000001dbcc5804e0 Exception <a 'sun/nio/fs/WindowsException'{0x00000000927903b8}> (0x00000000927903b8) 
thrown [s\src\hotspot\share\prims\jni.cpp, line 537]
Event: 34.150 Thread 0x000001dbccecc380 Exception <a 'sun/nio/fs/WindowsException'{0x00000000918ae9b8}> (0x00000000918ae9b8) 
thrown [s\src\hotspot\share\prims\jni.cpp, line 537]
Event: 34.172 Thread 0x000001dbccec9c20 Exception <a 'sun/nio/fs/WindowsException'{0x0000000090f42950}> (0x0000000090f42950) 
thrown [s\src\hotspot\share\prims\jni.cpp, line 537]
Event: 34.173 Thread 0x000001dbccec9c20 Exception <a 'sun/nio/fs/WindowsException'{0x0000000090f4a4a0}> (0x0000000090f4a4a0) 
thrown [s\src\hotspot\share\prims\jni.cpp, line 537]
Event: 34.173 Thread 0x000001dbccec9c20 Exception <a 'sun/nio/fs/WindowsException'{0x0000000090f50f10}> (0x0000000090f50f10) 
thrown [s\src\hotspot\share\prims\jni.cpp, line 537]
Event: 34.174 Thread 0x000001dbccec9c20 Exception <a 'sun/nio/fs/WindowsException'{0x0000000090f5b3e0}> (0x0000000090f5b3e0) 
thrown [s\src\hotspot\share\prims\jni.cpp, line 537]
Event: 34.174 Thread 0x000001dbccec9c20 Exception <a 'sun/nio/fs/WindowsException'{0x0000000090f61ec0}> (0x0000000090f61ec0) 
thrown [s\src\hotspot\share\prims\jni.cpp, line 537]
Event: 34.227 Thread 0x000001dbc62546c0 Exception <a 'sun/nio/fs/WindowsException'{0x000000008f73c558}> (0x000000008f73c558) 
thrown [s\src\hotspot\share\prims\jni.cpp, line 537]
Event: 34.244 Thread 0x000001dbccec9c20 Exception <a 'sun/nio/fs/WindowsException'{0x000000008f2f9c30}> (0x000000008f2f9c30) 
thrown [s\src\hotspot\share\prims\jni.cpp, line 537]
Event: 34.263 Thread 0x000001dbd26956b0 Exception <a 'sun/nio/fs/WindowsException'{0x000000008e95d1b8}> (0x000000008e95d1b8) 
thrown [s\src\hotspot\share\prims\jni.cpp, line 537]
Event: 34.320 Thread 0x000001dbccec9c20 Exception <a 'sun/nio/fs/WindowsException'{0x000000008d97a538}> (0x000000008d97a538) 
thrown [s\src\hotspot\share\prims\jni.cpp, line 537]
Event: 34.445 Thread 0x000001dbcc5804e0 Implicit null exception at 0x000001dbb3fe2f09 to 0x000001dbb3fe3054
Event: 34.474 Thread 0x000001dbccec53f0 Exception <a 'sun/nio/fs/WindowsException'{0x00000000ff9fba98}> (0x00000000ff9fba98) 
thrown [s\src\hotspot\share\prims\jni.cpp, line 537]
Event: 34.558 Thread 0x000001dbccec9c20 Exception <a 'sun/nio/fs/WindowsException'{0x00000000fda31198}> (0x00000000fda31198) 
thrown [s\src\hotspot\share\prims\jni.cpp, line 537]
Event: 34.559 Thread 0x000001dbcb1d1440 Exception <a 'sun/nio/fs/WindowsException'{0x00000000fd933eb0}> (0x00000000fd933eb0) 
thrown [s\src\hotspot\share\prims\jni.cpp, line 537]

ZGC Phase Switch (0 events):
No events

VM Operations (20 events):
Event: 33.738 Executing non-safepoint VM operation: HandshakeAllThreads (Deoptimize)
Event: 33.738 Executing non-safepoint VM operation: HandshakeAllThreads (Deoptimize) done
Event: 33.902 Executing safepoint VM operation: G1CollectForAllocation (G1 Evacuation Pause)
Event: 33.909 Executing safepoint VM operation: G1CollectForAllocation (G1 Evacuation Pause) done
Event: 34.008 Executing non-safepoint VM operation: HandshakeAllThreads (Deoptimize)
Event: 34.008 Executing non-safepoint VM operation: HandshakeAllThreads (Deoptimize) done
Event: 34.039 Executing non-safepoint VM operation: HandshakeAllThreads (Deoptimize)
Event: 34.039 Executing non-safepoint VM operation: HandshakeAllThreads (Deoptimize) done
Event: 34.043 Executing non-safepoint VM operation: HandshakeAllThreads (Deoptimize)
Event: 34.043 Executing non-safepoint VM operation: HandshakeAllThreads (Deoptimize) done
Event: 34.157 Executing safepoint VM operation: ICBufferFull
Event: 34.158 Executing safepoint VM operation: ICBufferFull done
Event: 34.284 Executing safepoint VM operation: ICBufferFull
Event: 34.286 Executing safepoint VM operation: ICBufferFull done
Event: 34.341 Executing safepoint VM operation: G1CollectForAllocation (G1 Evacuation Pause)
Event: 34.362 Executing safepoint VM operation: G1CollectForAllocation (G1 Evacuation Pause) done
Event: 34.422 Executing safepoint VM operation: G1TryInitiateConcMark (G1 Humongous Allocation)
Event: 34.440 Executing safepoint VM operation: G1TryInitiateConcMark (G1 Humongous Allocation) done
Event: 34.458 Executing safepoint VM operation: G1TryInitiateConcMark (G1 Humongous Allocation)
Event: 34.461 Executing safepoint VM operation: G1TryInitiateConcMark (G1 Humongous Allocation) done

Memory protections (0 events):
No events

Nmethod flushes (20 events):
Event: 33.274 Thread 0x000001dbc08970d0 flushing  nmethod 0x000001dbadfe0a90
Event: 33.274 Thread 0x000001dbc08970d0 flushing  nmethod 0x000001dbae0f3690
Event: 33.274 Thread 0x000001dbc08970d0 flushing  nmethod 0x000001dbae0f6d90
Event: 33.274 Thread 0x000001dbc08970d0 flushing  nmethod 0x000001dbae0f7910
Event: 33.274 Thread 0x000001dbc08970d0 flushing  nmethod 0x000001dbae1a2190
Event: 33.274 Thread 0x000001dbc08970d0 flushing  nmethod 0x000001dbae1a2590
Event: 33.274 Thread 0x000001dbc08970d0 flushing  nmethod 0x000001dbae1a2a10
Event: 33.274 Thread 0x000001dbc08970d0 flushing  nmethod 0x000001dbae1a3290
Event: 33.274 Thread 0x000001dbc08970d0 flushing  nmethod 0x000001dbae1a3b10
Event: 33.274 Thread 0x000001dbc08970d0 flushing  nmethod 0x000001dbae1a4010
Event: 33.274 Thread 0x000001dbc08970d0 flushing  nmethod 0x000001dbae1a4390
Event: 33.274 Thread 0x000001dbc08970d0 flushing  nmethod 0x000001dbae1a4790
Event: 33.274 Thread 0x000001dbc08970d0 flushing  nmethod 0x000001dbae1a4d90
Event: 33.274 Thread 0x000001dbc08970d0 flushing  nmethod 0x000001dbae1a5810
Event: 33.274 Thread 0x000001dbc08970d0 flushing  nmethod 0x000001dbae1a5c90
Event: 33.274 Thread 0x000001dbc08970d0 flushing  nmethod 0x000001dbae1a6610
Event: 33.274 Thread 0x000001dbc08970d0 flushing  nmethod 0x000001dbae1a6b90
Event: 33.274 Thread 0x000001dbc08970d0 flushing  nmethod 0x000001dbae1a7390
Event: 33.274 Thread 0x000001dbc08970d0 flushing  nmethod 0x000001dbae1ef890
Event: 33.274 Thread 0x000001dbc08970d0 flushing  nmethod 0x000001dbae227a90

Events (20 events):
Event: 19.676 Thread 0x000001dbcb1d55e0 Thread added: 0x000001dbcb1d76b0
Event: 20.172 Thread 0x000001dbc692c0f0 Thread exited: 0x000001dbc692c0f0
Event: 21.461 Thread 0x000001dbc511bcf0 Thread exited: 0x000001dbc511bcf0
Event: 29.841 Thread 0x000001dbc09d7fa0 Thread added: 0x000001dbcb232a00
Event: 29.841 Thread 0x000001dbc09d7fa0 Thread added: 0x000001dbcb230120
Event: 30.078 Thread 0x000001dbcbf49520 Thread added: 0x000001dbcb1d83d0
Event: 30.108 Thread 0x000001dbcbf49520 Thread added: 0x000001dbcb1d5c70
Event: 30.108 Thread 0x000001dbcbf49520 Thread added: 0x000001dbcb1d8a60
Event: 30.108 Thread 0x000001dbcbf49520 Thread added: 0x000001dbcb1d90f0
Event: 30.109 Thread 0x000001dbcbf49520 Thread added: 0x000001dbcb1d27f0
Event: 30.109 Thread 0x000001dbcbf49520 Thread added: 0x000001dbcb1d9e10
Event: 30.109 Thread 0x000001dbcbf49520 Thread added: 0x000001dbcb1da4a0
Event: 30.109 Thread 0x000001dbcbf49520 Thread added: 0x000001dbcb1dab30
Event: 30.355 Thread 0x000001dbcb1d4230 Thread exited: 0x000001dbcb1d4230
Event: 30.701 Thread 0x000001dbcb230120 Thread exited: 0x000001dbcb230120
Event: 30.949 Thread 0x000001dbc09feb30 Thread added: 0x000001dbcb22c3d0
Event: 31.919 Thread 0x000001dbcbf49520 Thread added: 0x000001dbccecc380
Event: 31.920 Thread 0x000001dbcbf49520 Thread added: 0x000001dbccec53f0
Event: 31.920 Thread 0x000001dbcbf49520 Thread added: 0x000001dbccec9c20
Event: 33.973 Thread 0x000001dbc6254030 Thread added: 0x000001dbcb1d4230


Dynamic libraries:
0x00007ff7703b0000 - 0x00007ff7703ba000 	C:\Program Files\Android\Android Studio\jbr\bin\java.exe
0x00007ff9499d0000 - 0x00007ff949be8000 	C:\Windows\SYSTEM32\ntdll.dll
0x00007ff948dd0000 - 0x00007ff948e94000 	C:\Windows\System32\KERNEL32.DLL
0x00007ff946d20000 - 0x00007ff9470f3000 	C:\Windows\System32\KERNELBASE.dll
0x00007ff946ae0000 - 0x00007ff946bf1000 	C:\Windows\System32\ucrtbase.dll
0x00007ff92d3e0000 - 0x00007ff92d3fb000 	C:\Program Files\Android\Android Studio\jbr\bin\VCRUNTIME140.dll
0x00007ff93fed0000 - 0x00007ff93fee8000 	C:\Program Files\Android\Android Studio\jbr\bin\jli.dll
0x00007ff947da0000 - 0x00007ff947f52000 	C:\Windows\System32\USER32.dll
0x00007ff928fd0000 - 0x00007ff92926c000 	C:\Windows\WinSxS\amd64_microsoft.windows.common-controls_6595b64144ccf1df_6.0.22621.6060_none_2712eda17382d24b\COMCTL32.dll
0x00007ff947250000 - 0x00007ff947276000 	C:\Windows\System32\win32u.dll
0x00007ff947850000 - 0x00007ff9478f7000 	C:\Windows\System32\msvcrt.dll
0x00007ff9479c0000 - 0x00007ff9479e9000 	C:\Windows\System32\GDI32.dll
0x00007ff946c00000 - 0x00007ff946d1b000 	C:\Windows\System32\gdi32full.dll
0x00007ff9471b0000 - 0x00007ff94724a000 	C:\Windows\System32\msvcp_win.dll
0x00007ff949260000 - 0x00007ff949291000 	C:\Windows\System32\IMM32.DLL
0x00007ff937110000 - 0x00007ff93711c000 	C:\Program Files\Android\Android Studio\jbr\bin\vcruntime140_1.dll
0x00007ff9236f0000 - 0x00007ff92377d000 	C:\Program Files\Android\Android Studio\jbr\bin\msvcp140.dll
0x00007ff8cfa90000 - 0x00007ff8d0726000 	C:\Program Files\Android\Android Studio\jbr\bin\server\jvm.dll
0x00007ff947f60000 - 0x00007ff948011000 	C:\Windows\System32\ADVAPI32.dll
0x00007ff9498e0000 - 0x00007ff949988000 	C:\Windows\System32\sechost.dll
0x00007ff947180000 - 0x00007ff9471a8000 	C:\Windows\System32\bcrypt.dll
0x00007ff9479f0000 - 0x00007ff947b08000 	C:\Windows\System32\RPCRT4.dll
0x00007ff9492a0000 - 0x00007ff949311000 	C:\Windows\System32\WS2_32.dll
0x00007ff9469b0000 - 0x00007ff9469fd000 	C:\Windows\SYSTEM32\POWRPROF.dll
0x00007ff942bf0000 - 0x00007ff942c24000 	C:\Windows\SYSTEM32\WINMM.dll
0x00007ff9431e0000 - 0x00007ff9431ea000 	C:\Windows\SYSTEM32\VERSION.dll
0x00007ff946990000 - 0x00007ff9469a3000 	C:\Windows\SYSTEM32\UMPDC.dll
0x00007ff945ac0000 - 0x00007ff945ad8000 	C:\Windows\SYSTEM32\kernel.appcore.dll
0x00007ff92d860000 - 0x00007ff92d86a000 	C:\Program Files\Android\Android Studio\jbr\bin\jimage.dll
0x00007ff936cb0000 - 0x00007ff936ee3000 	C:\Windows\SYSTEM32\DBGHELP.DLL
0x00007ff948ec0000 - 0x00007ff949251000 	C:\Windows\System32\combase.dll
0x00007ff949320000 - 0x00007ff9493f8000 	C:\Windows\System32\OLEAUT32.dll
0x00007ff92d1e0000 - 0x00007ff92d212000 	C:\Windows\SYSTEM32\dbgcore.DLL
0x00007ff947100000 - 0x00007ff94717b000 	C:\Windows\System32\bcryptPrimitives.dll
0x00007ff942d10000 - 0x00007ff942d1e000 	C:\Program Files\Android\Android Studio\jbr\bin\instrument.dll
0x00007ff92cce0000 - 0x00007ff92cd00000 	C:\Program Files\Android\Android Studio\jbr\bin\java.dll
0x00007ff92a780000 - 0x00007ff92a798000 	C:\Program Files\Android\Android Studio\jbr\bin\zip.dll
0x00007ff948530000 - 0x00007ff948dcc000 	C:\Windows\System32\SHELL32.dll
0x00007ff947340000 - 0x00007ff94747f000 	C:\Windows\System32\wintypes.dll
0x00007ff9449e0000 - 0x00007ff9452fa000 	C:\Windows\SYSTEM32\windows.storage.dll
0x00007ff947bc0000 - 0x00007ff947cc4000 	C:\Windows\System32\SHCORE.dll
0x00007ff947ce0000 - 0x00007ff947d49000 	C:\Windows\System32\shlwapi.dll
0x00007ff946a10000 - 0x00007ff946a35000 	C:\Windows\SYSTEM32\profapi.dll
0x00007ff92a770000 - 0x00007ff92a780000 	C:\Program Files\Android\Android Studio\jbr\bin\net.dll
0x00007ff942900000 - 0x00007ff942a2c000 	C:\Windows\SYSTEM32\WINHTTP.dll
0x00007ff945fa0000 - 0x00007ff946009000 	C:\Windows\system32\mswsock.dll
0x00007ff92a390000 - 0x00007ff92a3a6000 	C:\Program Files\Android\Android Studio\jbr\bin\nio.dll
0x00007ff92d400000 - 0x00007ff92d410000 	C:\Program Files\Android\Android Studio\jbr\bin\verify.dll
0x00007ff924c00000 - 0x00007ff924c27000 	C:\Users\Annu pc\.gradle\native\c067742578af261105cb4f569cf0c3c89f3d7b1fecec35dd04571415982c5e48\windows-amd64\native-platform.dll
0x00007ff9131a0000 - 0x00007ff9132e4000 	C:\Users\Annu pc\.gradle\native\38dada09dfb8b06ba9b0570ebf7e218e3eb74d4ef43ca46872605cf95ebc2f47\windows-amd64\native-platform-file-events.dll
0x00007ff929a70000 - 0x00007ff929a79000 	C:\Program Files\Android\Android Studio\jbr\bin\management.dll
0x00007ff9294a0000 - 0x00007ff9294ab000 	C:\Program Files\Android\Android Studio\jbr\bin\management_ext.dll
0x00007ff9477d0000 - 0x00007ff9477d8000 	C:\Windows\System32\PSAPI.DLL
0x00007ff9461f0000 - 0x00007ff94620b000 	C:\Windows\SYSTEM32\CRYPTSP.dll
0x00007ff945a20000 - 0x00007ff945a57000 	C:\Windows\system32\rsaenh.dll
0x00007ff946090000 - 0x00007ff9460b8000 	C:\Windows\SYSTEM32\USERENV.dll
0x00007ff946210000 - 0x00007ff94621c000 	C:\Windows\SYSTEM32\CRYPTBASE.dll
0x00007ff945560000 - 0x00007ff94558d000 	C:\Windows\SYSTEM32\IPHLPAPI.DLL
0x00007ff9479b0000 - 0x00007ff9479b9000 	C:\Windows\System32\NSI.dll
0x00007ff929a80000 - 0x00007ff929a89000 	C:\Program Files\Android\Android Studio\jbr\bin\extnet.dll
0x00007ff92a380000 - 0x00007ff92a388000 	C:\Windows\system32\wshunix.dll
0x00007ff933de0000 - 0x00007ff933df7000 	C:\Windows\system32\napinsp.dll
0x00007ff933dc0000 - 0x00007ff933ddb000 	C:\Windows\system32\pnrpnsp.dll
0x00007ff945590000 - 0x00007ff945688000 	C:\Windows\SYSTEM32\DNSAPI.dll
0x00007ff933da0000 - 0x00007ff933db1000 	C:\Windows\System32\winrnr.dll
0x00007ff926490000 - 0x00007ff9264a5000 	C:\Windows\system32\wshbth.dll
0x00007ff933d70000 - 0x00007ff933d91000 	C:\Windows\system32\nlansp_c.dll
0x00007ff93cfb0000 - 0x00007ff93cfba000 	C:\Windows\System32\rasadhlp.dll
0x00007ff9402b0000 - 0x00007ff940334000 	C:\Windows\System32\fwpuclnt.dll
0x00007ff945bd0000 - 0x00007ff945c04000 	C:\Windows\SYSTEM32\ntmarta.dll
0x00007ff93feb0000 - 0x00007ff93fece000 	C:\Users\Annu pc\AppData\Local\Temp\native-platform5678763544023434612dir\native-platform.dll
0x00007ff942ca0000 - 0x00007ff942ca7000 	C:\Program Files\Android\Android Studio\jbr\bin\rmi.dll

JVMTI agents:
C:\Users\Annu pc\.gradle\wrapper\dists\gradle-8.7-bin\bhs2wmbdwecv87pi65oeuq5iu\gradle-8.7\lib\agents\gradle-instrumentation-agent-8.7.jar path:C:\Program Files\Android\Android Studio\jbr\bin\instrument.dll, loaded, initialized, instrumentlib options:none

dbghelp: loaded successfully - version: 4.0.5 - missing functions: none
symbol engine: initialized successfully - sym options: 0x614 - pdb path: .;C:\Program Files\Android\Android Studio\jbr\bin;C:\Windows\SYSTEM32;C:\Windows\WinSxS\amd64_microsoft.windows.common-controls_6595b64144ccf1df_6.0.22621.6060_none_2712eda17382d24b;C:\Program Files\Android\Android Studio\jbr\bin\server;C:\Users\Annu pc\.gradle\native\c067742578af261105cb4f569cf0c3c89f3d7b1fecec35dd04571415982c5e48\windows-amd64;C:\Users\Annu pc\.gradle\native\38dada09dfb8b06ba9b0570ebf7e218e3eb74d4ef43ca46872605cf95ebc2f47\windows-amd64;C:\Users\Annu pc\AppData\Local\Temp\native-platform5678763544023434612dir

VM Arguments:
jvm_args: --add-opens=java.base/java.util=ALL-UNNAMED --add-opens=java.base/java.lang=ALL-UNNAMED --add-opens=java.base/java.lang.invoke=ALL-UNNAMED --add-opens=java.prefs/java.util.prefs=ALL-UNNAMED --add-opens=java.base/java.nio.charset=ALL-UNNAMED --add-opens=java.base/java.net=ALL-UNNAMED --add-opens=java.base/java.util.concurrent.atomic=ALL-UNNAMED -Xmx2048m -Dfile.encoding=UTF-8 -Duser.country=US -Duser.language=en -Duser.variant -javaagent:C:\Users\Annu pc\.gradle\wrapper\dists\gradle-8.7-bin\bhs2wmbdwecv87pi65oeuq5iu\gradle-8.7\lib\agents\gradle-instrumentation-agent-8.7.jar 
java_command: org.gradle.launcher.daemon.bootstrap.GradleDaemon 8.7
java_class_path (initial): C:\Users\Annu pc\.gradle\wrapper\dists\gradle-8.7-bin\bhs2wmbdwecv87pi65oeuq5iu\gradle-8.7\lib\gradle-launcher-8.7.jar
Launcher Type: SUN_STANDARD

[Global flags]
     intx CICompilerCount                          = 4                                         {product} {ergonomic}
     uint ConcGCThreads                            = 2                                         {product} {ergonomic}
     uint G1ConcRefinementThreads                  = 8                                         {product} {ergonomic}
   size_t G1HeapRegionSize                         = 1048576                                   {product} {ergonomic}
    uintx GCDrainStackTargetSize                   = 64                                        {product} {ergonomic}
   size_t InitialHeapSize                          = 268435456                                 {product} {ergonomic}
   size_t MarkStackSize                            = 4194304                                   {product} {ergonomic}
   size_t MaxHeapSize                              = 2147483648                                {product} {command line}
   size_t MaxNewSize                               = 1287651328                                {product} {ergonomic}
   size_t MinHeapDeltaBytes                        = 1048576                                   {product} {ergonomic}
   size_t MinHeapSize                              = 8388608                                   {product} {ergonomic}
    uintx NonNMethodCodeHeapSize                   = 5839372                                {pd product} {ergonomic}
    uintx NonProfiledCodeHeapSize                  = 122909434                              {pd product} {ergonomic}
    uintx ProfiledCodeHeapSize                     = 122909434                              {pd product} {ergonomic}
    uintx ReservedCodeCacheSize                    = 251658240                              {pd product} {ergonomic}
     bool SegmentedCodeCache                       = true                                      {product} {ergonomic}
   size_t SoftMaxHeapSize                          = 2147483648                             {manageable} {ergonomic}
     bool UseCompressedOops                        = true                           {product lp64_product} {ergonomic}
     bool UseG1GC                                  = true                                      {product} {ergonomic}
     bool UseLargePagesIndividualAllocation        = false                                  {pd product} {ergonomic}

Logging:
Log output configuration:
 #0: stdout all=warning uptime,level,tags foldmultilines=false
 #1: stderr all=off uptime,level,tags foldmultilines=false

Release file:
JAVA_VERSION="21.0.10" 
MODULES="java.base java.compiler java.datatransfer java.xml java.prefs java.desktop java.instrument java.logging java.management java.security.sasl java.naming java.rmi java.management.rmi java.net.http java.scripting java.security.jgss java.transaction.xa java.sql java.sql.rowset java.xml.crypto java.se java.smartcardio jdk.accessibility jdk.internal.jvmstat jdk.attach jdk.charsets jdk.internal.opt jdk.zipfs jdk.compiler jdk.crypto.ec jdk.crypto.cryptoki jdk.dynalink jdk.hotspot.agent jdk.httpserver jdk.internal.ed jdk.internal.le jdk.internal.vm.ci jdk.jartool jdk.javadoc jdk.jcmd jdk.jdeps jdk.jdwp.agent jdk.jdi jdk.jfr jdk.jlink jdk.jsobject jdk.localedata jdk.management jdk.management.agent jdk.management.jfr jdk.naming.dns jdk.naming.rmi jdk.net jdk.sctp jdk.security.auth jdk.security.jgss jdk.unsupported jdk.unsupported.desktop jdk.xml.dom" 
IMPLEMENTOR="JetBrains s.r.o." 
JAVA_RUNTIME_VERSION="21.0.10+-14961533-b1163.108" 
LIBC="default" 
OS_ARCH="x86_64" 
OS_NAME="Windows" 
SOURCE=".:git:1351622c2ff2" 

Environment Variables:
JAVA_HOME=C:\Program Files\Eclipse Adoptium\jdk-17.0.18.8-hotspot
PATH=C:\Program Files\Eclipse Adoptium\jdk-17.0.18.8-hotspot\bin;C:\Program Files\Eclipse Adoptium\jdk-25.0.2.10-hotspot\bin;C:\Program Files\Common Files\Oracle\Java\javapath;C:\Windows\system32;C:\Windows;C:\Windows\System32\Wbem;C:\Windows\System32\WindowsPowerShell\v1.0\;C:\Windows\System32\OpenSSH\;C:\Program Files\Git\cmd;C:\bazel\;C:\Users\Annu pc\AppData\Local\Microsoft\WindowsApps;C:\ProgramData\Annu pc\GitHubDesktop\bin
USERNAME=Annu pc
OS=Windows_NT
PROCESSOR_IDENTIFIER=Intel64 Family 6 Model 94 Stepping 3, GenuineIntel
TMP=C:\Users\ANNUPC~1\AppData\Local\Temp
TEMP=C:\Users\ANNUPC~1\AppData\Local\Temp




Periodic native trim disabled

JNI global refs:
JNI global refs: 31, weak refs: 56

JNI global refs memory usage: 835, weak refs: 1465

Process memory usage:
Resident Set Size: 818876K (4% of 16692172K total physical memory with 2871356K free physical memory)

OOME stack traces (most recent first):
Classloader memory used:
Loader org.gradle.internal.classloader.VisitableURLClassLoader$InstrumentingVisitableURLClassLoader: 62525K
Loader org.gradle.internal.classloader.VisitableURLClassLoader                         : 46023K
Loader bootstrap                                                                       : 33421K
Loader org.gradle.initialization.MixInLegacyTypesClassLoader                           : 12309K
Loader jdk.internal.loader.ClassLoaders$AppClassLoader                                 : 7979K
Loader jdk.internal.loader.ClassLoaders$PlatformClassLoader                            : 751K
Loader jdk.internal.reflect.DelegatingClassLoader                                      : 637K
Loader org.gradle.internal.classloader.VisitableURLClassLoader                         : 361K
Loader org.gradle.groovy.scripts.internal.DefaultScriptCompilationHandler$ScriptClassLoader: 135K
Loader org.codehaus.groovy.runtime.callsite.CallSiteClassLoader                        : 27488B
Loader sun.reflect.misc.MethodUtil                                                     : 2984B

Classes loaded by more than one classloader:
Class Program                                                                         : loaded 5 times (x 72B)
Class Build_gradle                                                                    : loaded 3 times (x 130B)
Class Build_gradle$1                                                                  : loaded 3 times (x 74B)
Class org.gradle.internal.classloader.FilteringClassLoader                            : loaded 2 times (x 105B)
Class net.rubygrapefruit.platform.internal.Platform$FreeBSD64Bit                      : loaded 2 times (x 82B)
Class [Lcom.google.common.collect.MapMakerInternalMap$Segment;                        : loaded 2 times (x 69B)
Class com.google.common.io.FileWriteMode                                              : loaded 2 times (x 79B)
Class [Lcom.google.common.base.AbstractIterator$State;                                : loaded 2 times (x 69B)
Class com.google.common.base.CharMatcher$IsEither                                     : loaded 2 times (x 111B)
Class org.gradle.internal.classloader.ClassLoaderHierarchy                            : loaded 2 times (x 70B)
Class net.rubygrapefruit.platform.internal.Platform$FreeBSD                           : loaded 2 times (x 82B)
Class com.google.common.collect.AbstractMapBasedMultimap$WrappedCollection            : loaded 2 times (x 124B)
Class com.google.common.collect.ImmutableEnumSet                                      : loaded 2 times (x 146B)
Class com.google.common.util.concurrent.ExecutionError                                : loaded 2 times (x 82B)
Class com.google.common.collect.ImmutableList$1                                       : loaded 2 times (x 97B)
Class org.gradle.api.internal.classpath.ManifestUtil                                  : loaded 2 times (x 71B)
Class com.google.common.io.ByteArrayDataOutput                                        : loaded 2 times (x 70B)
Class net.rubygrapefruit.platform.NativeException                                     : loaded 2 times (x 82B)
Class com.google.common.collect.RegularImmutableMap                                   : loaded 2 times (x 121B)
Class com.google.common.collect.ImmutableMap$MapViewOfValuesAsSingletonSets           : loaded 2 times (x 125B)
Class org.apache.commons.io.function.IOFunction                                       : loaded 2 times (x 70B)
Class com.google.common.collect.TransformedListIterator                               : loaded 2 times (x 93B)
Class [Lorg.objectweb.asm.Symbol;                                                     : loaded 2 times (x 69B)
Class org.objectweb.asm.ClassVisitor                                                  : loaded 2 times (x 88B)
Class com.google.common.collect.UnmodifiableListIterator                              : loaded 2 times (x 95B)
Class com.google.common.collect.MapMakerInternalMap$StrongKeyDummyValueEntry$LinkedStrongKeyDummyValueEntry: loaded 2 times (x 82B)
Class com.google.common.collect.MapMakerInternalMap$Strength                          : loaded 2 times (x 80B)
Class org.objectweb.asm.MethodTooLargeException                                       : loaded 2 times (x 83B)
Class [Lcom.google.common.cache.CacheBuilder$OneWeigher;                              : loaded 2 times (x 69B)
Class com.google.common.base.Suppliers                                                : loaded 2 times (x 71B)
Class com.google.common.base.Platform$JdkPatternCompiler                              : loaded 2 times (x 75B)
Class ijKotlinCoroutineJvmDebugInit1_ciq78omtnbp7b0q0n1n5pintz                        : loaded 2 times (x 179B)
Class org.gradle.internal.classloader.DefaultClassLoaderFactory                       : loaded 2 times (x 82B)
Class [Lcom.google.common.collect.AbstractIterator$State;                             : loaded 2 times (x 69B)
Class com.google.common.base.CharMatcher$None                                         : loaded 2 times (x 112B)
Class org.gradle.internal.classloader.ClassLoaderVisitor                              : loaded 2 times (x 76B)
Class net.rubygrapefruit.platform.NativeIntegrationUnavailableException               : loaded 2 times (x 82B)
Class net.rubygrapefruit.platform.internal.Platform                                   : loaded 2 times (x 79B)
Class [Lcom.google.common.collect.ImmutableMapEntry;                                  : loaded 2 times (x 69B)
Class org.gradle.api.internal.classpath.EffectiveClassPath                            : loaded 2 times (x 90B)
Class com.google.common.collect.AbstractIterator$1                                    : loaded 2 times (x 71B)
Class com.google.common.collect.ImmutableRangeSet                                     : loaded 2 times (x 115B)
Class [Lorg.apache.commons.io.StandardLineSeparator;                                  : loaded 2 times (x 69B)
Class org.apache.commons.io.output.StringBuilderWriter                                : loaded 2 times (x 100B)
Class com.google.common.collect.ImmutableEnumMap                                      : loaded 2 times (x 125B)
Class com.google.common.collect.ListMultimap                                          : loaded 2 times (x 70B)
Class com.google.common.collect.Iterators$EmptyModifiableIterator                     : loaded 2 times (x 86B)
Class com.google.common.collect.Sets$1                                                : loaded 2 times (x 139B)
Class org.objectweb.asm.AnnotationVisitor                                             : loaded 2 times (x 78B)
Class com.google.common.base.Splitter                                                 : loaded 2 times (x 72B)
Class org.gradle.api.internal.DefaultClassPathProvider                                : loaded 2 times (x 76B)
Class org.apache.commons.io.FilenameUtils                                             : loaded 2 times (x 71B)
Class com.google.common.collect.MapMakerInternalMap$Strength$1                        : loaded 2 times (x 80B)
Class com.google.common.collect.Maps$ViewCachingAbstractMap                           : loaded 2 times (x 125B)
Class com.google.common.collect.Sets$2                                                : loaded 2 times (x 139B)
Class [Lorg.gradle.api.internal.ClassPathProvider;                                    : loaded 2 times (x 69B)
Class org.gradle.api.internal.ClassPathProvider                                       : loaded 2 times (x 70B)
Class com.google.common.collect.MapMakerInternalMap$Strength$2                        : loaded 2 times (x 80B)
Class [Lorg.objectweb.asm.AnnotationVisitor;                                          : loaded 2 times (x 69B)
Class com.google.common.collect.Sets$3                                                : loaded 2 times (x 139B)
Class com.google.common.util.concurrent.AbstractFuture$SafeAtomicHelper               : loaded 2 times (x 79B)
Class com.google.common.cache.LocalCache$LocalLoadingCache                            : loaded 2 times (x 134B)
Class com.google.common.base.AbstractIterator$State                                   : loaded 2 times (x 79B)
Class org.gradle.internal.service.UnknownServiceException                             : loaded 2 times (x 83B)
Class com.google.common.io.ByteArrayDataInput                                         : loaded 2 times (x 70B)
Class com.google.common.collect.MapMakerInternalMap$StrongValueEntry                  : loaded 2 times (x 70B)
Class com.google.common.collect.Sets$4                                                : loaded 2 times (x 139B)
Class org.objectweb.asm.ModuleVisitor                                                 : loaded 2 times (x 81B)
Class com.google.common.cache.LocalCache$Strength$1                                   : loaded 2 times (x 81B)
Class net.rubygrapefruit.platform.internal.Platform$MacOs64Bit                        : loaded 2 times (x 82B)
Class com.google.common.util.concurrent.SettableFuture                                : loaded 2 times (x 114B)
Class com.google.common.cache.LocalCache$Strength$2                                   : loaded 2 times (x 81B)
Class com.google.common.io.ByteStreams                                                : loaded 2 times (x 71B)
Class net.rubygrapefruit.platform.internal.Platform$Posix                             : loaded 2 times (x 81B)
Class com.google.common.collect.Interners$InternerImpl                                : loaded 2 times (x 75B)
Class com.google.common.collect.Interner                                              : loaded 2 times (x 70B)
Class com.google.common.collect.TransformedIterator                                   : loaded 2 times (x 80B)
Class com.google.common.cache.LocalCache$Strength$3                                   : loaded 2 times (x 81B)
Class com.google.common.collect.MapDifference                                         : loaded 2 times (x 70B)
Class com.google.common.base.Splitter$1                                               : loaded 2 times (x 77B)
Class com.google.common.collect.MapMaker$Dummy                                        : loaded 2 times (x 79B)
Class org.objectweb.asm.FieldWriter                                                   : loaded 2 times (x 78B)
Class com.google.common.cache.CacheBuilder$NullListener                               : loaded 2 times (x 82B)
Class org.gradle.internal.classpath.TransformedClassPath                              : loaded 2 times (x 96B)
Class com.google.common.collect.ImmutableRangeSet$AsSet                               : loaded 2 times (x 299B)
Class org.apache.commons.io.output.UnsynchronizedByteArrayOutputStream                : loaded 2 times (x 102B)
Class com.google.common.cache.CacheLoader$FunctionToCacheLoader                       : loaded 2 times (x 75B)
Class com.google.common.collect.Iterators$ArrayItr                                    : loaded 2 times (x 97B)
Class com.google.common.collect.ImmutableCollection$Builder                           : loaded 2 times (x 76B)
Class com.google.common.collect.BaseImmutableMultimap                                 : loaded 2 times (x 123B)
Class org.apache.commons.io.output.ByteArrayOutputStream                              : loaded 2 times (x 102B)
Class com.google.common.base.Joiner                                                   : loaded 2 times (x 79B)
Class com.google.common.base.MoreObjects                                              : loaded 2 times (x 71B)
Class [Lorg.objectweb.asm.Type;                                                       : loaded 2 times (x 69B)
Class com.google.common.collect.Platform                                              : loaded 2 times (x 71B)
Class com.google.common.collect.UnmodifiableIterator                                  : loaded 2 times (x 80B)
Class ijKotlinCoroutineJvmDebugInit1_ciq78omtnbp7b0q0n1n5pintz$_run_closure1          : loaded 2 times (x 139B)
Class org.gradle.internal.service.ServiceLocator                                      : loaded 2 times (x 70B)
Class org.apache.commons.io.FileExistsException                                       : loaded 2 times (x 82B)
Class com.google.common.collect.HashBiMap$BiEntry                                     : loaded 2 times (x 83B)
Class com.google.common.base.Ascii                                                    : loaded 2 times (x 71B)
Class com.google.common.collect.SingletonImmutableBiMap                               : loaded 2 times (x 143B)
Class com.google.common.cache.LocalCache$1                                            : loaded 2 times (x 89B)
Class com.google.common.collect.AbstractMapEntry                                      : loaded 2 times (x 81B)
Class com.google.common.collect.MapMakerInternalMap$AbstractStrongKeyEntry            : loaded 2 times (x 80B)
Class com.google.common.collect.Sets$ImprovedAbstractSet                              : loaded 2 times (x 135B)
Class com.google.common.collect.ImmutableList$Builder                                 : loaded 2 times (x 77B)
Class com.google.common.cache.LocalCache$2                                            : loaded 2 times (x 142B)
Class com.google.common.collect.AbstractMultimap                                      : loaded 2 times (x 123B)
Class com.google.common.collect.ImmutableRangeSet$1                                   : loaded 2 times (x 209B)
Class com.google.common.util.concurrent.AbstractFuture$UnsafeAtomicHelper$1           : loaded 2 times (x 76B)
Class com.google.common.collect.RegularImmutableAsList                                : loaded 2 times (x 216B)
Class com.google.common.base.Optional                                                 : loaded 2 times (x 80B)
Class com.google.common.collect.Range                                                 : loaded 2 times (x 87B)
Class com.google.common.util.concurrent.AbstractFuture$Trusted                        : loaded 2 times (x 70B)
Class com.google.common.collect.Iterators                                             : loaded 2 times (x 71B)
Class com.google.common.base.CharMatcher$RangesMatcher                                : loaded 2 times (x 112B)
Class net.rubygrapefruit.platform.internal.Platform$Linux32Bit                        : loaded 2 times (x 83B)
Class com.google.common.io.ByteSink$AsCharSink                                        : loaded 2 times (x 80B)
Class com.google.common.util.concurrent.UncheckedExecutionException                   : loaded 2 times (x 82B)
Class com.google.common.collect.Lists$StringAsImmutableList                           : loaded 2 times (x 207B)
Class org.gradle.kotlin.dsl.VersionCatalogAccessorsKt                                 : loaded 2 times (x 71B)
Class net.rubygrapefruit.platform.Native                                              : loaded 2 times (x 71B)
Class net.rubygrapefruit.platform.NativeIntegration                                   : loaded 2 times (x 70B)
Class com.google.common.collect.ImmutableSortedSetFauxverideShim                      : loaded 2 times (x 147B)
Class com.google.common.base.CharMatcher$JavaLetterOrDigit                            : loaded 2 times (x 111B)
Class org.gradle.internal.InternalTransformer                                         : loaded 2 times (x 70B)
Class [Lnet.rubygrapefruit.platform.internal.FunctionResult$Failure;                  : loaded 2 times (x 69B)
Class com.google.common.collect.AbstractMapBasedMultimap$KeySet$1                     : loaded 2 times (x 82B)
Class org.objectweb.asm.ClassWriter                                                   : loaded 2 times (x 106B)
Class com.google.common.cache.CacheLoader$UnsupportedLoadingOperationException        : loaded 2 times (x 82B)
Class com.google.common.base.CharMatcher$And                                          : loaded 2 times (x 112B)
Class org.gradle.internal.classloader.ClasspathUtil$1                                 : loaded 2 times (x 76B)
Class com.google.common.collect.FluentIterable$1                                      : loaded 2 times (x 81B)
Class com.google.common.base.Objects                                                  : loaded 2 times (x 71B)
Class org.objectweb.asm.FieldVisitor                                                  : loaded 2 times (x 77B)
Class com.google.common.collect.IndexedImmutableSet                                   : loaded 2 times (x 150B)
Class com.google.common.collect.ImmutableMap$1                                        : loaded 2 times (x 81B)
Class com.google.common.collect.BiMap                                                 : loaded 2 times (x 70B)
Class ijJvmDebugger1_51wf4jmyj9l9djmvenywekqyn                                        : loaded 2 times (x 179B)
Class org.gradle.api.internal.classpath.DefaultModuleRegistry$DefaultModule           : loaded 2 times (x 86B)
Class com.google.common.collect.RegularImmutableMap$KeySet                            : loaded 2 times (x 150B)
Class com.google.common.collect.FluentIterable$2                                      : loaded 2 times (x 81B)
Class com.google.common.primitives.Ints                                               : loaded 2 times (x 71B)
Class com.google.common.collect.AbstractIterator                                      : loaded 2 times (x 82B)
Class com.google.common.collect.FluentIterable$3                                      : loaded 2 times (x 81B)
Class com.google.common.math.MathPreconditions                                        : loaded 2 times (x 71B)
Class com.google.common.collect.Multiset                                              : loaded 2 times (x 70B)
Class com.google.common.collect.ArrayListMultimapGwtSerializationDependencies         : loaded 2 times (x 172B)
Class com.google.common.collect.ObjectArrays                                          : loaded 2 times (x 71B)
Class com.google.common.collect.AbstractIndexedListIterator                           : loaded 2 times (x 96B)
Class org.apache.commons.io.output.NullOutputStream                                   : loaded 2 times (x 85B)
Class com.google.common.collect.ImmutableMapEntrySet                                  : loaded 2 times (x 151B)
Class org.gradle.api.internal.classpath.Module                                        : loaded 2 times (x 70B)
Class com.google.common.cache.Weigher                                                 : loaded 2 times (x 70B)
Class org.gradle.api.internal.classpath.UnknownModuleException                        : loaded 2 times (x 82B)
Class org.gradle.cache.GlobalCache                                                    : loaded 2 times (x 70B)
Class com.google.common.base.Stopwatch                                                : loaded 2 times (x 72B)
Class com.google.common.cache.LocalCache$Strength                                     : loaded 2 times (x 81B)
Class com.google.common.cache.Cache                                                   : loaded 2 times (x 70B)
Class com.google.common.io.Files$2                                                    : loaded 2 times (x 76B)
Class org.apache.commons.io.filefilter.IOFileFilter                                   : loaded 2 times (x 70B)
Class com.google.common.util.concurrent.AbstractFuture$Cancellation                   : loaded 2 times (x 72B)
Class com.google.common.collect.ImmutableMap$Builder                                  : loaded 2 times (x 82B)
Class com.google.common.base.NullnessCasts                                            : loaded 2 times (x 71B)
Class net.rubygrapefruit.platform.internal.FunctionResult                             : loaded 2 times (x 77B)
Class com.google.common.base.Present                                                  : loaded 2 times (x 81B)
Class com.google.common.collect.AbstractMapBasedMultimap$WrappedCollection$WrappedIterator: loaded 2 times (x 84B)
Class com.google.common.cache.RemovalListener                                         : loaded 2 times (x 70B)
Class org.gradle.api.internal.DefaultClassPathRegistry                                : loaded 2 times (x 76B)
Class net.rubygrapefruit.platform.NativeIntegrationLinkageException                   : loaded 2 times (x 82B)
Class com.google.common.primitives.IntsMethodsForWeb                                  : loaded 2 times (x 71B)
Class com.google.common.collect.Multimap                                              : loaded 2 times (x 70B)
Class org.gradle.api.internal.ClassPathRegistry                                       : loaded 2 times (x 70B)
Class org.gradle.internal.classpath.DefaultClassPath$ImmutableUniqueList              : loaded 2 times (x 199B)
Class com.google.common.collect.NullnessCasts                                         : loaded 2 times (x 71B)
Class com.google.common.collect.MapMakerInternalMap$Segment                           : loaded 2 times (x 142B)
Class com.google.common.base.ExtraObjectsMethodsForWeb                                : loaded 2 times (x 71B)
Class org.apache.commons.io.IOUtils                                                   : loaded 2 times (x 71B)
Class com.google.common.base.Equivalence$Identity                                     : loaded 2 times (x 82B)
Class net.rubygrapefruit.platform.internal.jni.NativeLibraryFunctions                 : loaded 2 times (x 71B)
Class com.google.common.io.ByteSink                                                   : loaded 2 times (x 76B)
Class com.google.common.cache.CacheBuilder                                            : loaded 2 times (x 72B)
Class com.google.common.collect.SingletonImmutableList                                : loaded 2 times (x 207B)
Class Settings_gradle$1                                                               : loaded 2 times (x 75B)
Class org.gradle.internal.classpath.ClassPath                                         : loaded 2 times (x 70B)
Class org.gradle.api.UncheckedIOException                                             : loaded 2 times (x 82B)
Class com.google.common.collect.Interners$InternerBuilder                             : loaded 2 times (x 76B)
Class com.google.common.io.Files$FileByteSource                                       : loaded 2 times (x 85B)
Class com.google.common.collect.ImmutableList$ReverseImmutableList                    : loaded 2 times (x 208B)
Class com.google.common.base.JdkPattern                                               : loaded 2 times (x 75B)
Class net.rubygrapefruit.platform.internal.Platform$Windows                           : loaded 2 times (x 79B)
Class org.objectweb.asm.SymbolTable$Entry                                             : loaded 2 times (x 74B)
Class com.google.common.util.concurrent.AbstractFuture$AtomicHelper                   : loaded 2 times (x 78B)
Class org.objectweb.asm.Edge                                                          : loaded 2 times (x 72B)
Class com.google.common.base.Suppliers$SupplierOfInstance                             : loaded 2 times (x 79B)
Class com.google.common.collect.Iterators$1                                           : loaded 2 times (x 81B)
Class com.google.common.cache.LocalCache$ComputingValueReference                      : loaded 2 times (x 96B)
Class com.google.common.collect.SingletonImmutableSet                                 : loaded 2 times (x 146B)
Class com.google.common.collect.ImmutableMap$IteratorBasedImmutableMap                : loaded 2 times (x 125B)
Class ijKotlinCoroutineJvmDebugInit1_ciq78omtnbp7b0q0n1n5pintz$_run_closure1$_closure2: loaded 2 times (x 139B)
Class com.google.common.cache.LocalCache$Segment                                      : loaded 2 times (x 154B)
Class net.rubygrapefruit.platform.internal.LibraryDef                                 : loaded 2 times (x 72B)
Class com.google.common.collect.SortedIterable                                        : loaded 2 times (x 70B)
Class [Lorg.objectweb.asm.SymbolTable$Entry;                                          : loaded 2 times (x 69B)
Class com.google.common.cache.CacheLoader                                             : loaded 2 times (x 74B)
Class com.google.common.collect.Iterators$4                                           : loaded 2 times (x 82B)
Class com.google.common.collect.ImmutableBiMap                                        : loaded 2 times (x 143B)
Class com.google.common.collect.AbstractListMultimap                                  : loaded 2 times (x 172B)
Class org.gradle.internal.installation.GradleInstallation$1                           : loaded 2 times (x 75B)
Class org.gradle.api.internal.classpath.ModuleRegistry                                : loaded 2 times (x 70B)
Class com.google.common.util.concurrent.internal.InternalFutureFailureAccess          : loaded 2 times (x 72B)
Class com.google.common.collect.Iterators$5                                           : loaded 2 times (x 82B)
Class com.google.common.collect.ImmutableSet$JdkBackedSetBuilderImpl                  : loaded 2 times (x 76B)
Class com.google.common.base.Splitter$SplittingIterator                               : loaded 2 times (x 84B)
Class com.google.common.io.Closer$SuppressingSuppressor                               : loaded 2 times (x 75B)
Class com.google.common.collect.HashBiMap$Inverse                                     : loaded 2 times (x 142B)
Class com.google.common.util.concurrent.AbstractFuture$UnsafeAtomicHelper             : loaded 2 times (x 78B)
Class com.google.common.cache.LocalCache$LocalManualCache$1                           : loaded 2 times (x 75B)
Class com.google.common.base.CharMatcher$ForPredicate                                 : loaded 2 times (x 112B)
Class net.rubygrapefruit.platform.internal.Platform$Window32Bit                       : loaded 2 times (x 79B)
Class com.google.common.collect.ImmutableCollection                                   : loaded 2 times (x 125B)
Class com.google.common.base.CharMatcher$AnyOf                                        : loaded 2 times (x 112B)
Class org.gradle.api.internal.classpath.DefaultModuleRegistry                         : loaded 2 times (x 86B)
Class com.google.common.util.concurrent.ListenableFuture                              : loaded 2 times (x 70B)
Class com.google.common.cache.ReferenceEntry                                          : loaded 2 times (x 70B)
Class com.google.common.collect.ImmutableSet$CachingAsList                            : loaded 2 times (x 147B)
Class com.google.common.base.Converter                                                : loaded 2 times (x 90B)
Class com.google.common.collect.Lists                                                 : loaded 2 times (x 71B)
Class com.google.common.base.CharMatcher$Any                                          : loaded 2 times (x 112B)
Class com.google.common.collect.ImmutableMapValues                                    : loaded 2 times (x 126B)
Class com.google.common.util.concurrent.AbstractFuture                                : loaded 2 times (x 106B)
Class com.google.common.base.FunctionalEquivalence                                    : loaded 2 times (x 83B)
Class com.google.common.collect.Iterators$9                                           : loaded 2 times (x 81B)
Class com.google.common.collect.AbstractMapBasedMultimap                              : loaded 2 times (x 139B)
Class com.google.common.collect.ImmutableAsList                                       : loaded 2 times (x 209B)
Class org.objectweb.asm.RecordComponentVisitor                                        : loaded 2 times (x 77B)
Class com.google.common.cache.CacheLoader$SupplierToCacheLoader                       : loaded 2 times (x 75B)
Class com.google.common.collect.Maps$EntryTransformer                                 : loaded 2 times (x 70B)
Class org.gradle.internal.service.ServiceLookupException                              : loaded 2 times (x 82B)
Class com.google.common.collect.ImmutableSortedSet                                    : loaded 2 times (x 299B)
Class com.google.common.collect.Lists$ReverseList                                     : loaded 2 times (x 200B)
Class [Lcom.google.common.cache.LocalCache$EntryFactory;                              : loaded 2 times (x 69B)
Class com.google.common.base.CharMatcher$JavaLetter                                   : loaded 2 times (x 111B)
Class org.gradle.internal.classloader.ClassLoaderFactory                              : loaded 2 times (x 70B)
Class net.rubygrapefruit.platform.internal.Platform$Linux                             : loaded 2 times (x 83B)
Class com.google.common.collect.ImmutableMap$SerializedForm                           : loaded 2 times (x 73B)
Class com.google.common.cache.LocalCache$LocalManualCache                             : loaded 2 times (x 99B)
Class com.google.common.base.CharMatcher$IsNot                                        : loaded 2 times (x 111B)
Class com.google.common.base.CommonPattern                                            : loaded 2 times (x 74B)
Class org.gradle.internal.service.CachingServiceLocator                               : loaded 2 times (x 82B)
Class com.google.common.collect.RegularImmutableSortedSet                             : loaded 2 times (x 299B)
Class com.google.common.collect.AbstractMapBasedMultimap$KeySet                       : loaded 2 times (x 137B)
Class com.google.common.math.IntMath                                                  : loaded 2 times (x 71B)
Class com.google.common.collect.MapMakerInternalMap$InternalEntry                     : loaded 2 times (x 70B)
Class [Lcom.google.common.collect.HashBiMap$BiEntry;                                  : loaded 2 times (x 69B)
Class com.google.common.collect.Iterators$10                                          : loaded 2 times (x 81B)
Class com.google.common.collect.ImmutableMapEntry                                     : loaded 2 times (x 85B)
Class com.google.common.base.CharMatcher$JavaDigit                                    : loaded 2 times (x 111B)
Class com.google.common.collect.ImmutableMultimap                                     : loaded 2 times (x 147B)
Class com.google.common.base.Equivalence                                              : loaded 2 times (x 82B)
Class com.google.common.collect.ImmutableMapEntry$NonTerminalImmutableMapEntry        : loaded 2 times (x 85B)
Class com.google.common.base.Function                                                 : loaded 2 times (x 70B)
Class org.apache.commons.io.output.AbstractByteArrayOutputStream                      : loaded 2 times (x 102B)
Class com.google.common.collect.IndexedImmutableSet$1                                 : loaded 2 times (x 212B)
Class com.google.common.cache.CacheBuilder$OneWeigher                                 : loaded 2 times (x 82B)
Class com.google.common.collect.RegularImmutableList                                  : loaded 2 times (x 212B)
Class net.rubygrapefruit.platform.internal.Platform$Unsupported                       : loaded 2 times (x 79B)
Class net.rubygrapefruit.platform.internal.Platform$FreeBSD32Bit                      : loaded 2 times (x 82B)
Class com.google.common.collect.ImmutableBiMapFauxverideShim                          : loaded 2 times (x 120B)
Class org.gradle.internal.classloader.ClasspathUtil                                   : loaded 2 times (x 71B)
Class net.rubygrapefruit.platform.internal.Platform$Unix                              : loaded 2 times (x 82B)
Class com.google.common.base.Charsets                                                 : loaded 2 times (x 71B)
Class com.google.common.util.concurrent.Uninterruptibles                              : loaded 2 times (x 71B)
Class com.google.common.collect.Maps                                                  : loaded 2 times (x 71B)
Class com.google.common.base.CharMatcher$JavaUpperCase                                : loaded 2 times (x 111B)
Class org.gradle.api.specs.Spec                                                       : loaded 2 times (x 70B)
Class com.google.common.collect.MapMaker                                              : loaded 2 times (x 72B)
Class org.apache.commons.io.file.PathFilter                                           : loaded 2 times (x 70B)
Class [Lcom.google.common.collect.ImmutableEntry;                                     : loaded 2 times (x 69B)
Class com.google.common.cache.LocalCache$LoadingValueReference                        : loaded 2 times (x 96B)
Class com.google.common.base.Absent                                                   : loaded 2 times (x 80B)
Class com.google.common.collect.MapMakerInternalMap$StrongKeyDummyValueEntry          : loaded 2 times (x 82B)
Class com.google.common.base.Platform                                                 : loaded 2 times (x 71B)
Class com.google.common.collect.AbstractMapBasedMultimap$WrappedList                  : loaded 2 times (x 205B)
Class [Lorg.objectweb.asm.AnnotationWriter;                                           : loaded 2 times (x 69B)
Class com.google.common.primitives.Ints$IntConverter                                  : loaded 2 times (x 90B)
Class com.google.common.collect.Maps$8                                                : loaded 2 times (x 82B)
Class [Lcom.google.common.collect.Iterators$EmptyModifiableIterator;                  : loaded 2 times (x 69B)
Class com.google.common.collect.ImmutableRangeSet$Builder                             : loaded 2 times (x 77B)
Class com.google.common.collect.Lists$ReverseList$1                                   : loaded 2 times (x 99B)
Class com.google.common.collect.Sets$SetView                                          : loaded 2 times (x 138B)
Class com.google.common.cache.LocalCache$StrongValueReference                         : loaded 2 times (x 90B)
Class com.google.common.util.concurrent.AbstractFuture$SynchronizedHelper             : loaded 2 times (x 78B)
Class com.google.common.base.CharMatcher$Invisible                                    : loaded 2 times (x 112B)
Class com.google.common.graph.SuccessorsFunction                                      : loaded 2 times (x 70B)
Class org.objectweb.asm.Type                                                          : loaded 2 times (x 72B)
Class org.gradle.internal.classloader.VisitableURLClassLoader$InstrumentingVisitableURLClassLoader: loaded 2 times (x 123B)
Class com.google.common.collect.MapMakerInternalMap$StrongKeyDummyValueEntry$Helper   : loaded 2 times (x 79B)
Class org.apache.commons.io.FileUtils                                                 : loaded 2 times (x 71B)
Class com.google.common.io.Files$FileByteSink                                         : loaded 2 times (x 77B)
Class org.objectweb.asm.ByteVector                                                    : loaded 2 times (x 79B)
Class [Lcom.google.common.cache.CacheBuilder$NullListener;                            : loaded 2 times (x 69B)
Class com.google.common.math.IntMath$1                                                : loaded 2 times (x 71B)
Class org.gradle.internal.classloader.VisitableURLClassLoader$Spec                    : loaded 2 times (x 74B)
Class org.gradle.internal.classpath.DefaultClassPath                                  : loaded 2 times (x 90B)
Class org.objectweb.asm.Symbol                                                        : loaded 2 times (x 73B)
Class com.google.common.base.AbstractIterator                                         : loaded 2 times (x 80B)
Class com.google.common.io.Closer                                                     : loaded 2 times (x 78B)
Class com.google.common.collect.RegularImmutableMap$Values                            : loaded 2 times (x 207B)
Class com.google.common.collect.ImmutableSet                                          : loaded 2 times (x 145B)
Class com.google.common.base.CharMatcher$BitSetMatcher                                : loaded 2 times (x 112B)
Class com.google.common.base.CharMatcher$Ascii                                        : loaded 2 times (x 112B)
Class ijJvmDebugger1_51wf4jmyj9l9djmvenywekqyn$_run_closure1                          : loaded 2 times (x 139B)
Class org.gradle.internal.classloader.ClassLoaderSpec                                 : loaded 2 times (x 71B)
Class net.rubygrapefruit.platform.internal.Platform$MacOs32Bit                        : loaded 2 times (x 82B)
Class net.rubygrapefruit.platform.internal.Platform$Linux64Bit                        : loaded 2 times (x 83B)
Class org.objectweb.asm.AnnotationWriter                                              : loaded 2 times (x 79B)
Class com.google.common.cache.CacheStats                                              : loaded 2 times (x 71B)
Class com.google.common.collect.Interners                                             : loaded 2 times (x 71B)
Class com.google.common.io.Closer$Suppressor                                          : loaded 2 times (x 70B)
Class com.google.common.io.LineProcessor                                              : loaded 2 times (x 70B)
Class org.objectweb.asm.RecordComponentWriter                                         : loaded 2 times (x 78B)
Class com.google.common.util.concurrent.AbstractFuture$Listener                       : loaded 2 times (x 72B)
Class com.google.common.base.CharMatcher$Or                                           : loaded 2 times (x 112B)
Class Settings_gradle$1$1                                                             : loaded 2 times (x 75B)
Class org.objectweb.asm.Attribute                                                     : loaded 2 times (x 77B)
Class com.google.common.base.Supplier                                                 : loaded 2 times (x 70B)
Class org.gradle.internal.classloader.VisitableURLClassLoader                         : loaded 2 times (x 117B)
Class net.rubygrapefruit.platform.internal.FunctionResult$Failure                     : loaded 2 times (x 79B)
Class net.rubygrapefruit.platform.internal.NativeLibraryLoader                        : loaded 2 times (x 73B)
Class com.google.common.collect.ImmutableList$SerializedForm                          : loaded 2 times (x 73B)
Class com.google.common.util.concurrent.AbstractFuture$Waiter                         : loaded 2 times (x 72B)
Class Settings_gradle                                                                 : loaded 2 times (x 128B)
Class org.gradle.internal.Cast                                                        : loaded 2 times (x 71B)
Class org.gradle.api.Action                                                           : loaded 2 times (x 70B)
Class com.google.common.collect.MapMakerInternalMap                                   : loaded 2 times (x 161B)
Class com.google.common.collect.HashBiMap                                             : loaded 2 times (x 143B)
Class com.google.common.collect.Sets                                                  : loaded 2 times (x 71B)
Class org.objectweb.asm.Handler                                                       : loaded 2 times (x 72B)
Class com.google.common.base.Ticker                                                   : loaded 2 times (x 72B)
Class com.google.common.base.Strings                                                  : loaded 2 times (x 71B)
Class com.google.common.base.CharMatcher$FastMatcher                                  : loaded 2 times (x 111B)
Class org.gradle.internal.agents.InstrumentingClassLoader                             : loaded 2 times (x 70B)
Class [Lcom.google.common.cache.LocalCache$Segment;                                   : loaded 2 times (x 69B)
Class [Lcom.google.common.cache.LocalCache$Strength;                                  : loaded 2 times (x 69B)
Class com.google.common.cache.CacheBuilder$1                                          : loaded 2 times (x 85B)
Class com.google.common.collect.ImmutableMap                                          : loaded 2 times (x 120B)
Class com.google.common.base.Predicate                                                : loaded 2 times (x 70B)
Class ijJvmDebugger1_51wf4jmyj9l9djmvenywekqyn$_run_closure1$_closure2                : loaded 2 times (x 140B)
Class org.gradle.internal.classpath.DefaultClassPath$ImmutableUniqueList$Builder      : loaded 2 times (x 75B)
Class com.google.common.collect.MapMakerInternalMap$WeakValueReference                : loaded 2 times (x 70B)
Class com.google.common.collect.AbstractRangeSet                                      : loaded 2 times (x 114B)
Class com.google.common.cache.LocalCache                                              : loaded 2 times (x 187B)
Class com.google.common.cache.CacheBuilder$2                                          : loaded 2 times (x 72B)
Class com.google.common.base.CharMatcher$NegatedFastMatcher                           : loaded 2 times (x 113B)
Class [Lcom.google.common.collect.AbstractMapEntry;                                   : loaded 2 times (x 69B)
Class com.google.common.collect.ImmutableEntry                                        : loaded 2 times (x 82B)
Class com.google.common.collect.ArrayListMultimap                                     : loaded 2 times (x 172B)
Class com.google.common.base.AbstractIterator$1                                       : loaded 2 times (x 71B)
Class com.google.common.base.CharMatcher$Digit                                        : loaded 2 times (x 112B)
Class org.gradle.api.GradleException                                                  : loaded 2 times (x 82B)
Class com.google.common.base.Suppliers$MemoizingSupplier                              : loaded 2 times (x 79B)
Class org.apache.commons.io.StandardLineSeparator                                     : loaded 2 times (x 79B)
Class com.google.common.collect.CollectPreconditions                                  : loaded 2 times (x 71B)
Class com.google.common.base.CharMatcher$JavaIsoControl                               : loaded 2 times (x 112B)
Class [Lcom.google.common.collect.MapMakerInternalMap$Strength;                       : loaded 2 times (x 69B)
Class [Lcom.google.common.io.FileWriteMode;                                           : loaded 2 times (x 69B)
Class com.google.common.collect.SortedMapDifference                                   : loaded 2 times (x 70B)
Class com.google.common.base.CharMatcher$JavaLowerCase                                : loaded 2 times (x 111B)
Class net.rubygrapefruit.platform.internal.NativeLibraryLocator                       : loaded 2 times (x 73B)
Class net.rubygrapefruit.platform.Process                                             : loaded 2 times (x 70B)
Class com.google.common.collect.Iterables$4                                           : loaded 2 times (x 81B)
Class com.google.common.collect.MapMakerInternalMap$StrongKeyDummyValueSegment        : loaded 2 times (x 142B)
Class com.google.common.io.Files                                                      : loaded 2 times (x 71B)
Class com.google.common.cache.LocalCache$EntryFactory                                 : loaded 2 times (x 83B)
Class [Lcom.google.common.collect.MapMaker$Dummy;                                     : loaded 2 times (x 69B)
Class com.google.common.cache.LocalCache$AbstractReferenceEntry                       : loaded 2 times (x 107B)
Class com.google.common.base.Splitter$1$1                                             : loaded 2 times (x 86B)
Class com.google.common.base.CharMatcher$Whitespace                                   : loaded 2 times (x 112B)
Class org.gradle.internal.IoActions                                                   : loaded 2 times (x 71B)
Class com.google.common.collect.ImmutableMapKeySet                                    : loaded 2 times (x 150B)
Class com.google.common.collect.ImmutableRangeSet$ComplementRanges                    : loaded 2 times (x 207B)
Class org.objectweb.asm.SymbolTable                                                   : loaded 2 times (x 72B)
Class com.google.common.cache.CacheLoader$InvalidCacheLoadException                   : loaded 2 times (x 82B)
Class com.google.common.collect.ImmutableSet$RegularSetBuilderImpl                    : loaded 2 times (x 77B)
Class com.google.common.base.CharMatcher$SingleWidth                                  : loaded 2 times (x 112B)
Class org.gradle.internal.classloader.SystemClassLoaderSpec                           : loaded 2 times (x 71B)
Class com.google.common.collect.FluentIterable                                        : loaded 2 times (x 81B)
Class com.google.common.cache.LocalCache$StrongEntry                                  : loaded 2 times (x 108B)
Class com.google.common.util.concurrent.AbstractFuture$TrustedFuture                  : loaded 2 times (x 114B)
Class com.google.common.cache.LoadingCache                                            : loaded 2 times (x 70B)
Class com.google.common.io.ByteStreams$LimitedInputStream                             : loaded 2 times (x 92B)
Class com.google.common.base.Suppliers$NonSerializableMemoizingSupplier               : loaded 2 times (x 79B)
Class net.rubygrapefruit.platform.ProcessLauncher                                     : loaded 2 times (x 70B)
Class org.objectweb.asm.MethodWriter                                                  : loaded 2 times (x 106B)
Class [Lcom.google.common.cache.Weigher;                                              : loaded 2 times (x 69B)
Class com.google.common.collect.RegularImmutableMap$BucketOverflowException           : loaded 2 times (x 82B)
Class com.google.common.collect.AbstractMapBasedMultimap$RandomAccessWrappedList      : loaded 2 times (x 205B)
Class com.google.common.collect.AbstractIterator$State                                : loaded 2 times (x 79B)
Class com.google.common.collect.RegularImmutableBiMap                                 : loaded 2 times (x 148B)
Class com.google.common.cache.LocalCache$ValueReference                               : loaded 2 times (x 70B)
Class com.google.common.base.CharMatcher$Negated                                      : loaded 2 times (x 113B)
Class com.google.common.base.CharMatcher$Is                                           : loaded 2 times (x 111B)
Class com.google.common.hash.PrimitiveSink                                            : loaded 2 times (x 70B)
Class com.google.common.util.concurrent.AbstractFuture$Failure                        : loaded 2 times (x 72B)
Class com.google.common.base.Equivalence$Equals                                       : loaded 2 times (x 82B)
Class com.google.common.collect.Hashing                                               : loaded 2 times (x 71B)
Class com.google.common.base.PatternCompiler                                          : loaded 2 times (x 70B)
Class com.google.common.base.Preconditions                                            : loaded 2 times (x 71B)
Class com.google.common.collect.ImmutableSetMultimap                                  : loaded 2 times (x 180B)
Class com.google.common.io.CharSink                                                   : loaded 2 times (x 79B)
Class com.google.common.base.Joiner$1                                                 : loaded 2 times (x 80B)
Class org.objectweb.asm.Label                                                         : loaded 2 times (x 73B)
Class org.objectweb.asm.CurrentFrame                                                  : loaded 2 times (x 73B)
Class org.objectweb.asm.ClassTooLargeException                                        : loaded 2 times (x 83B)
Class com.google.common.collect.PeekingIterator                                       : loaded 2 times (x 70B)
Class com.google.common.base.CharMatcher                                              : loaded 2 times (x 111B)
Class com.google.common.collect.MapMakerInternalMap$InternalEntryHelper               : loaded 2 times (x 70B)
Class com.google.common.collect.RangeGwtSerializationDependencies                     : loaded 2 times (x 71B)
Class com.google.common.collect.Maps$IteratorBasedAbstractMap                         : loaded 2 times (x 125B)
Class com.google.common.base.Joiner$2                                                 : loaded 2 times (x 79B)
Class org.objectweb.asm.Frame                                                         : loaded 2 times (x 73B)
Class org.objectweb.asm.MethodVisitor                                                 : loaded 2 times (x 105B)
Class com.google.common.cache.LocalCache$EntryFactory$1                               : loaded 2 times (x 83B)
Class [Lcom.google.common.cache.RemovalListener;                                      : loaded 2 times (x 69B)
Class com.google.common.base.CharMatcher$1                                            : loaded 2 times (x 113B)
Class com.google.common.base.CharMatcher$NamedFastMatcher                             : loaded 2 times (x 112B)
Class com.google.common.collect.RangeSet                                              : loaded 2 times (x 70B)
Class com.google.common.cache.LocalCache$EntryFactory$2                               : loaded 2 times (x 83B)
Class com.google.common.collect.CollectCollectors                                     : loaded 2 times (x 71B)
Class org.objectweb.asm.ModuleWriter                                                  : loaded 2 times (x 82B)
Class com.google.common.cache.LocalCache$EntryFactory$3                               : loaded 2 times (x 83B)
Class com.google.common.base.Ticker$1                                                 : loaded 2 times (x 72B)
Class com.google.common.collect.ImmutableMapEntrySet$RegularEntrySet                  : loaded 2 times (x 151B)
Class com.google.common.collect.Maps$BiMapConverter                                   : loaded 2 times (x 90B)
Class net.rubygrapefruit.platform.internal.Platform$MacOs                             : loaded 2 times (x 82B)
Class net.rubygrapefruit.platform.internal.Platform$Window64Bit                       : loaded 2 times (x 79B)
Class com.google.common.collect.SetMultimap                                           : loaded 2 times (x 70B)
Class com.google.common.cache.LocalCache$EntryFactory$4                               : loaded 2 times (x 83B)
Class com.google.common.collect.ImmutableSet$Builder                                  : loaded 2 times (x 85B)
Class com.google.common.base.CharMatcher$InRange                                      : loaded 2 times (x 111B)
Class com.google.common.io.ByteStreams$1                                              : loaded 2 times (x 85B)
Class com.google.common.cache.LocalCache$EntryFactory$5                               : loaded 2 times (x 83B)
Class com.google.common.base.PairwiseEquivalence                                      : loaded 2 times (x 83B)
Class com.google.common.collect.ImmutableMapValues$1                                  : loaded 2 times (x 81B)
Class org.apache.commons.io.output.AppendableWriter                                   : loaded 2 times (x 100B)
Class com.google.common.cache.LocalCache$EntryFactory$6                               : loaded 2 times (x 83B)
Class org.gradle.internal.installation.CurrentGradleInstallationLocator               : loaded 2 times (x 71B)
Class com.google.common.collect.ImmutableMapValues$2                                  : loaded 2 times (x 211B)
Class org.apache.commons.io.output.ThresholdingOutputStream                           : loaded 2 times (x 94B)
Class com.google.common.collect.Maps$KeySet                                           : loaded 2 times (x 137B)
Class com.google.common.cache.LocalCache$EntryFactory$7                               : loaded 2 times (x 83B)
Class com.google.common.collect.ImmutableSet$EmptySetBuilderImpl                      : loaded 2 times (x 76B)
Class com.google.common.collect.ImmutableList                                         : loaded 2 times (x 206B)
Class org.gradle.internal.service.DefaultServiceLocator                               : loaded 2 times (x 83B)
Class com.google.common.collect.Maps$EntrySet                                         : loaded 2 times (x 136B)
Class com.google.common.cache.LocalCache$EntryFactory$8                               : loaded 2 times (x 83B)
Class com.google.common.collect.ImmutableSet$SetBuilderImpl                           : loaded 2 times (x 76B)
Class org.gradle.internal.installation.CurrentGradleInstallation                      : loaded 2 times (x 73B)
Class com.google.common.cache.CacheLoader$1                                           : loaded 2 times (x 75B)
Class com.google.common.collect.ForwardingObject                                      : loaded 2 times (x 72B)
Class com.google.common.collect.ImmutableList$SubList                                 : loaded 2 times (x 208B)
Class org.gradle.util.internal.GUtil                                                  : loaded 2 times (x 71B)
Class com.google.common.io.ByteSource                                                 : loaded 2 times (x 84B)
Class com.google.common.util.concurrent.AbstractFuture$SetFuture                      : loaded 2 times (x 75B)
Class com.google.common.cache.AbstractCache$StatsCounter                              : loaded 2 times (x 70B)
Class com.google.common.collect.MapMakerInternalMap$1                                 : loaded 2 times (x 83B)
Class com.google.common.collect.Iterators$MergingIterator                             : loaded 2 times (x 81B)
Class com.google.common.collect.RegularImmutableSet                                   : loaded 2 times (x 148B)
Class org.gradle.internal.installation.GradleInstallation                             : loaded 2 times (x 75B)
Class com.google.common.collect.Iterables                                             : loaded 2 times (x 71B)
Class com.google.common.base.Splitter$Strategy                                        : loaded 2 times (x 70B)
Class com.google.common.collect.Lists$RandomAccessReverseList                         : loaded 2 times (x 200B)

---------------  S Y S T E M  ---------------

OS:
 Windows 11 , 64 bit Build 22621 (10.0.22621.5415)
OS uptime: 16 days 23:25 hours

CPU: total 8 (initial active 8) (4 cores per cpu, 2 threads per core) family 6 model 94 stepping 3 microcode 0xd6, cx8, cmov, fxsr, ht, mmx, 3dnowpref, sse, sse2, sse3, ssse3, sse4.1, sse4.2, popcnt, lzcnt, tsc, tscinvbit, avx, avx2, aes, erms, clmul, bmi1, bmi2, rtm, adx, fma, vzeroupper, clflush, clflushopt, rdtscp, f16c
Processor Information for the first 8 processors :
  Max Mhz: 3408, Current Mhz: 3408, Mhz Limit: 3408

Memory: 4k page, system-wide physical 16300M (2776M free)
TotalPageFile size 34940M (AvailPageFile size 7M)
current process WorkingSet (physical memory assigned to process): 823M, peak: 823M
current process commit charge ("private bytes"): 896M, peak: 898M

vm_info: OpenJDK 64-Bit Server VM (21.0.10+-14961533-b1163.108) for windows-amd64 JRE (21.0.10+-14961533-b1163.108), built on 2026-03-02T19:58:50Z by "builder" with MS VC++ 16.10 / 16.11 (VS2019)

END.
