#
# There is insufficient memory for the Java Runtime Environment to continue.
# Native memory allocation (mmap) failed to map 355467264 bytes. Error detail: G1 virtual space
# Possible reasons:
#   The system is out of physical RAM or swap space
#   This process is running with CompressedOops enabled, and the Java Heap may be blocking the growth of the native heap
# Possible solutions:
#   Reduce memory load on the system
#   Increase physical memory or swap space
#   Check if swap backing store is full
#   Decrease Java heap size (-Xmx/-Xms)
#   Decrease number of Java threads
#   Decrease Java thread stack sizes (-Xss)
#   Set larger code cache with -XX:ReservedCodeCacheSize=
#   JVM is running with Unscaled Compressed Oops mode in which the Java heap is
#     placed in the first 4GB address space. The Java Heap base address is the
#     maximum limit for the native heap growth. Please use -XX:HeapBaseMinAddress
#     to set the Java Heap base and to place the Java Heap above 4GB virtual address.
# This output file may be truncated or incomplete.
#
#  Out of Memory Error (os_windows.cpp:3926), pid=3488, tid=13580
#
# JRE version: OpenJDK Runtime Environment (21.0.10) (build 21.0.10+-14961533-b1163.108)
# Java VM: OpenJDK 64-Bit Server VM (21.0.10+-14961533-b1163.108, mixed mode, tiered, compressed oops, compressed class ptrs, g1 gc, windows-amd64)
# No core dump will be written. Minidumps are not enabled by default on client versions of Windows
#

---------------  S U M M A R Y ------------

Command Line: --add-opens=java.base/java.util=ALL-UNNAMED --add-opens=java.base/java.lang=ALL-UNNAMED --add-opens=java.base/java.lang.invoke=ALL-UNNAMED --add-opens=java.prefs/java.util.prefs=ALL-UNNAMED --add-opens=java.base/java.nio.charset=ALL-UNNAMED --add-opens=java.base/java.net=ALL-UNNAMED --add-opens=java.base/java.util.concurrent.atomic=ALL-UNNAMED -Xmx2048m -Dfile.encoding=UTF-8 -Duser.country=US -Duser.language=en -Duser.variant -javaagent:C:\Users\Annu pc\.gradle\wrapper\dists\gradle-8.7-bin\bhs2wmbdwecv87pi65oeuq5iu\gradle-8.7\lib\agents\gradle-instrumentation-agent-8.7.jar org.gradle.launcher.daemon.bootstrap.GradleDaemon 8.7

Host: Intel(R) Core(TM) i7-6700 CPU @ 3.40GHz, 8 cores, 15G,  Windows 11 , 64 bit Build 22621 (10.0.22621.5415)
Time: Mon Jun  8 18:32:41 2026 India Standard Time elapsed time: 14.312212 seconds (0d 0h 0m 14s)

---------------  T H R E A D  ---------------

Current thread (0x000002216214b710):  VMThread "VM Thread"          [id=13580, stack(0x000000d226d00000,0x000000d226e00000) (1024K)]

Stack: [0x000000d226d00000,0x000000d226e00000]
Native frames: (J=compiled Java code, j=interpreted, Vv=VM code, C=native code)
V  [jvm.dll+0x6d78a9]
V  [jvm.dll+0x8665b3]
V  [jvm.dll+0x868bde]
V  [jvm.dll+0x8692c3]
V  [jvm.dll+0x280ee6]
V  [jvm.dll+0x6d4165]
V  [jvm.dll+0x6c77fa]
V  [jvm.dll+0x358f4b]
V  [jvm.dll+0x360bc6]
V  [jvm.dll+0x3b2ea6]
V  [jvm.dll+0x3b3178]
V  [jvm.dll+0x32b65c]
V  [jvm.dll+0x32b6e7]
V  [jvm.dll+0x3715cc]
V  [jvm.dll+0x36fd7e]
V  [jvm.dll+0x32adb1]
V  [jvm.dll+0x36f7ab]
V  [jvm.dll+0x86f048]
V  [jvm.dll+0x870394]
V  [jvm.dll+0x8708d0]
V  [jvm.dll+0x870b63]
V  [jvm.dll+0x80fd28]
V  [jvm.dll+0x6d60fd]
C  [ucrtbase.dll+0x29333]
C  [KERNEL32.DLL+0x1259d]
C  [ntdll.dll+0x5af78]

VM_Operation (0x000000d22fefd120): G1TryInitiateConcMark, mode: safepoint, requested by thread 0x0000022172ac10c0


---------------  P R O C E S S  ---------------

Threads class SMR info:
_java_thread_list=0x000002217212a410, length=140, elements={
0x000002214a8c8a00, 0x00000221621d36c0, 0x00000221621d5940, 0x00000221621e09b0,
0x00000221621e2960, 0x00000221621f6520, 0x00000221621f6f80, 0x000002216220de70,
0x000002216220ec00, 0x0000022162212ba0, 0x00000221624f7ef0, 0x00000221624f8c10,
0x00000221624f9930, 0x00000221624f71d0, 0x00000221624f9fc0, 0x00000221624f6b40,
0x00000221624f7860, 0x00000221624f8580, 0x00000221678f8590, 0x00000221678f5110,
0x00000221678f1600, 0x00000221678f3d60, 0x00000221678f2320, 0x00000221678f64c0,
0x00000221678f4a80, 0x00000221678f57a0, 0x00000221678f5e30, 0x00000221678f29b0,
0x00000221678f3040, 0x00000221678f43f0, 0x00000221678f71e0, 0x00000221678f8c20,
0x00000221678f7870, 0x00000221678f1c90, 0x000002216a320e20, 0x000002216a31ed50,
0x000002216a31d310, 0x000002216a31f3e0, 0x000002216a31fa70, 0x000002216a320790,
0x000002216a320100, 0x000002216a3214b0, 0x000002216a31e030, 0x000002216a31cc80,
0x000002216a321b40, 0x000002216a31bf60, 0x000002216a323580, 0x000002216a31d9a0,
0x000002216c2f8010, 0x000002216c2f5220, 0x000002216c2f86a0, 0x000002216c2fa770,
0x000002216c2fae00, 0x000002216c2f5f40, 0x000002216c2f9a50, 0x000002216c2fa0e0,
0x000002216c2fb490, 0x000002216c2f65d0, 0x000002216c2fbb20, 0x000002216c2fc1b0,
0x000002216c2f8d30, 0x000002216aa93480, 0x000002216aa90d20, 0x000002216aa90000,
0x000002216c2f93c0, 0x000002216c2f58b0, 0x000002216c2f6c60, 0x000002216c2f72f0,
0x000002216cd6e250, 0x000002216cd73110, 0x000002216cd737a0, 0x000002216cd6c810,
0x000002216cd6e8e0, 0x000002216cd6cea0, 0x000002216cd70320, 0x000002216cd6ef70,
0x000002216cd709b0, 0x000002216cd6d530, 0x000002216cd6f600, 0x000002216cd716d0,
0x000002216aa96900, 0x000002216aa97620, 0x000002216aa92760, 0x000002216cd71d60,
0x0000022172404ca0, 0x0000022172406d70, 0x0000022172403260, 0x0000022172408120,
0x0000022172403f80, 0x00000221724059c0, 0x0000022172407a90, 0x00000221724094d0,
0x0000022172406050, 0x0000022172409b60, 0x00000221724066e0, 0x0000022172402bd0,
0x00000221724038f0, 0x0000022172404610, 0x0000022172407400, 0x00000221724087b0,
0x0000022172405330, 0x0000022172654050, 0x000002217264eb00, 0x000002217264feb0,
0x0000022172650540, 0x000002217264e470, 0x0000022172651f80, 0x000002217264f190,
0x000002217264d750, 0x000002217264f820, 0x0000022172650bd0, 0x00000221726539c0,
0x0000022172651260, 0x000002217264dde0, 0x00000221726518f0, 0x0000022172652610,
0x0000022172652ca0, 0x0000022172653330, 0x00000221726546e0, 0x0000022172654d70,
0x00000221726774c0, 0x0000022172676e30, 0x00000221726767a0, 0x0000022172677b50,
0x0000022172679590, 0x0000022172679c20, 0x000002217267a2b0, 0x000002217267ca10,
0x00000221726781e0, 0x000002217267c380, 0x000002217267ddc0, 0x0000022172678870,
0x0000022172ac79c0, 0x0000022172ac6ca0, 0x0000022172ac0a30, 0x000002216d0a7e50,
0x000002216d0a70b0, 0x0000022172ac10c0, 0x0000022172ac3eb0, 0x0000022172ac4bd0
}

Java Threads: ( => current thread )
  0x000002214a8c8a00 JavaThread "main"                              [_thread_blocked, id=8320, stack(0x000000d226600000,0x000000d226700000) (1024K)]
  0x00000221621d36c0 JavaThread "Common-Cleaner"             daemon [_thread_blocked, id=17364, stack(0x000000d226e00000,0x000000d226f00000) (1024K)]
  0x00000221621d5940 JavaThread "Reference Handler"          daemon [_thread_blocked, id=12188, stack(0x000000d226f00000,0x000000d227000000) (1024K)]
  0x00000221621e09b0 JavaThread "Finalizer"                  daemon [_thread_blocked, id=12664, stack(0x000000d227000000,0x000000d227100000) (1024K)]
  0x00000221621e2960 JavaThread "Signal Dispatcher"          daemon [_thread_blocked, id=9444, stack(0x000000d227100000,0x000000d227200000) (1024K)]
  0x00000221621f6520 JavaThread "Attach Listener"            daemon [_thread_blocked, id=15296, stack(0x000000d227200000,0x000000d227300000) (1024K)]
  0x00000221621f6f80 JavaThread "Service Thread"             daemon [_thread_blocked, id=13696, stack(0x000000d227300000,0x000000d227400000) (1024K)]
  0x000002216220de70 JavaThread "Monitor Deflation Thread"   daemon [_thread_blocked, id=13124, stack(0x000000d227400000,0x000000d227500000) (1024K)]
  0x000002216220ec00 JavaThread "C2 CompilerThread0"         daemon [_thread_blocked, id=8996, stack(0x000000d227500000,0x000000d227600000) (1024K)]
  0x0000022162212ba0 JavaThread "C1 CompilerThread0"         daemon [_thread_blocked, id=5320, stack(0x000000d227600000,0x000000d227700000) (1024K)]
  0x00000221624f7ef0 JavaThread "Notification Thread"        daemon [_thread_blocked, id=10816, stack(0x000000d227700000,0x000000d227800000) (1024K)]
  0x00000221624f8c10 JavaThread "Daemon health stats"               [_thread_blocked, id=5996, stack(0x000000d227f00000,0x000000d228000000) (1024K)]
  0x00000221624f9930 JavaThread "Incoming local TCP Connector on port 59422"        [_thread_in_native, id=11888, stack(0x000000d228000000,0x000000d228100000) (1024K)]
  0x00000221624f71d0 JavaThread "Daemon periodic checks"            [_thread_blocked, id=7212, stack(0x000000d228100000,0x000000d228200000) (1024K)]
  0x00000221624f9fc0 JavaThread "Daemon"                            [_thread_blocked, id=14188, stack(0x000000d228200000,0x000000d228300000) (1024K)]
  0x00000221624f6b40 JavaThread "Handler for socket connection from /127.0.0.1:59422 to /127.0.0.1:59423"        [_thread_in_native, id=18184, stack(0x000000d228300000,0x000000d228400000) (1024K)]
  0x00000221624f7860 JavaThread "Cancel handler"                    [_thread_blocked, id=16684, stack(0x000000d228400000,0x000000d228500000) (1024K)]
  0x00000221624f8580 JavaThread "Daemon worker"                     [_thread_blocked, id=9468, stack(0x000000d228500000,0x000000d228600000) (1024K)]
  0x00000221678f8590 JavaThread "Asynchronous log dispatcher for DefaultDaemonConnection: socket connection from /127.0.0.1:59422 to /127.0.0.1:59423"        [_thread_blocked, id=12612, stack(0x000000d228600000,0x000000d228700000) (1024K)]
  0x00000221678f5110 JavaThread "Stdin handler"                     [_thread_blocked, id=5452, stack(0x000000d228700000,0x000000d228800000) (1024K)]
  0x00000221678f1600 JavaThread "Daemon client event forwarder"        [_thread_blocked, id=8284, stack(0x000000d228800000,0x000000d228900000) (1024K)]
  0x00000221678f3d60 JavaThread "Cache worker for journal cache (C:\Users\Annu pc\.gradle\caches\journal-1)"        [_thread_blocked, id=13848, stack(0x000000d228c00000,0x000000d228d00000) (1024K)]
  0x00000221678f2320 JavaThread "File lock request listener"        [_thread_in_native, id=17868, stack(0x000000d228d00000,0x000000d228e00000) (1024K)]
  0x00000221678f64c0 JavaThread "Cache worker for file hash cache (C:\Users\Annu pc\.gradle\caches\8.7\fileHashes)"        [_thread_blocked, id=5440, stack(0x000000d228e00000,0x000000d228f00000) (1024K)]
  0x00000221678f4a80 JavaThread "Cache worker for file hash cache (D:\AOPAYFINANCEAPP\OQPAY-FinanceAndroidApplication\.gradle\8.7\fileHashes)"        [_thread_blocked, id=10164, stack(0x000000d228f00000,0x000000d229000000) (1024K)]
  0x00000221678f57a0 JavaThread "File watcher server"        daemon [_thread_blocked, id=12960, stack(0x000000d229000000,0x000000d229100000) (1024K)]
  0x00000221678f5e30 JavaThread "File watcher consumer"      daemon [_thread_blocked, id=8296, stack(0x000000d229100000,0x000000d229200000) (1024K)]
  0x00000221678f29b0 JavaThread "Cache worker for checksums cache (D:\AOPAYFINANCEAPP\OQPAY-FinanceAndroidApplication\.gradle\8.7\checksums)"        [_thread_blocked, id=3008, stack(0x000000d229200000,0x000000d229300000) (1024K)]
  0x00000221678f3040 JavaThread "Cache worker for cache directory md-supplier (C:\Users\Annu pc\.gradle\caches\8.7\md-supplier)"        [_thread_blocked, id=16956, stack(0x000000d229300000,0x000000d229400000) (1024K)]
  0x00000221678f43f0 JavaThread "Cache worker for cache directory md-rule (C:\Users\Annu pc\.gradle\caches\8.7\md-rule)"        [_thread_blocked, id=8440, stack(0x000000d229400000,0x000000d229500000) (1024K)]
  0x00000221678f71e0 JavaThread "Cache worker for file content cache (C:\Users\Annu pc\.gradle\caches\8.7\fileContent)"        [_thread_blocked, id=13156, stack(0x000000d229500000,0x000000d229600000) (1024K)]
  0x00000221678f8c20 JavaThread "jar transforms"                    [_thread_blocked, id=4404, stack(0x000000d229600000,0x000000d229700000) (1024K)]
  0x00000221678f7870 JavaThread "jar transforms Thread 2"           [_thread_blocked, id=9908, stack(0x000000d229700000,0x000000d229800000) (1024K)]
  0x00000221678f1c90 JavaThread "jar transforms Thread 3"           [_thread_blocked, id=15888, stack(0x000000d229800000,0x000000d229900000) (1024K)]
  0x000002216a320e20 JavaThread "Unconstrained build operations"        [_thread_blocked, id=5828, stack(0x000000d229900000,0x000000d229a00000) (1024K)]
  0x000002216a31ed50 JavaThread "Unconstrained build operations Thread 2"        [_thread_blocked, id=9116, stack(0x000000d229a00000,0x000000d229b00000) (1024K)]
  0x000002216a31d310 JavaThread "Unconstrained build operations Thread 3"        [_thread_blocked, id=6360, stack(0x000000d229b00000,0x000000d229c00000) (1024K)]
  0x000002216a31f3e0 JavaThread "Unconstrained build operations Thread 4"        [_thread_blocked, id=11824, stack(0x000000d229c00000,0x000000d229d00000) (1024K)]
  0x000002216a31fa70 JavaThread "Unconstrained build operations Thread 5"        [_thread_blocked, id=1428, stack(0x000000d229d00000,0x000000d229e00000) (1024K)]
  0x000002216a320790 JavaThread "Unconstrained build operations Thread 6"        [_thread_blocked, id=8860, stack(0x000000d229e00000,0x000000d229f00000) (1024K)]
  0x000002216a320100 JavaThread "Unconstrained build operations Thread 7"        [_thread_blocked, id=6168, stack(0x000000d229f00000,0x000000d22a000000) (1024K)]
  0x000002216a3214b0 JavaThread "jar transforms Thread 4"           [_thread_blocked, id=6156, stack(0x000000d22a000000,0x000000d22a100000) (1024K)]
  0x000002216a31e030 JavaThread "jar transforms Thread 5"           [_thread_blocked, id=6828, stack(0x000000d22a100000,0x000000d22a200000) (1024K)]
  0x000002216a31cc80 JavaThread "jar transforms Thread 6"           [_thread_blocked, id=9816, stack(0x000000d22a200000,0x000000d22a300000) (1024K)]
  0x000002216a321b40 JavaThread "jar transforms Thread 7"           [_thread_blocked, id=6600, stack(0x000000d22a300000,0x000000d22a400000) (1024K)]
  0x000002216a31bf60 JavaThread "jar transforms Thread 8"           [_thread_blocked, id=16200, stack(0x000000d22a400000,0x000000d22a500000) (1024K)]
  0x000002216a323580 JavaThread "Cache worker for Build Output Cleanup Cache (D:\AOPAYFINANCEAPP\OQPAY-FinanceAndroidApplication\.gradle\buildOutputCleanup)"        [_thread_blocked, id=16612, stack(0x000000d22a500000,0x000000d22a600000) (1024K)]
  0x000002216a31d9a0 JavaThread "Unconstrained build operations Thread 8"        [_thread_blocked, id=13884, stack(0x000000d22a600000,0x000000d22a700000) (1024K)]
  0x000002216c2f8010 JavaThread "Unconstrained build operations Thread 9"        [_thread_blocked, id=7016, stack(0x000000d22a700000,0x000000d22a800000) (1024K)]
  0x000002216c2f5220 JavaThread "Unconstrained build operations Thread 10"        [_thread_blocked, id=17552, stack(0x000000d22a800000,0x000000d22a900000) (1024K)]
  0x000002216c2f86a0 JavaThread "Unconstrained build operations Thread 11"        [_thread_blocked, id=2244, stack(0x000000d22a900000,0x000000d22aa00000) (1024K)]
  0x000002216c2fa770 JavaThread "Unconstrained build operations Thread 12"        [_thread_blocked, id=10408, stack(0x000000d22aa00000,0x000000d22ab00000) (1024K)]
  0x000002216c2fae00 JavaThread "Unconstrained build operations Thread 13"        [_thread_blocked, id=256, stack(0x000000d22ab00000,0x000000d22ac00000) (1024K)]
  0x000002216c2f5f40 JavaThread "Unconstrained build operations Thread 14"        [_thread_blocked, id=5460, stack(0x000000d22ac00000,0x000000d22ad00000) (1024K)]
  0x000002216c2f9a50 JavaThread "Unconstrained build operations Thread 15"        [_thread_blocked, id=3124, stack(0x000000d22ad00000,0x000000d22ae00000) (1024K)]
  0x000002216c2fa0e0 JavaThread "Unconstrained build operations Thread 16"        [_thread_blocked, id=13648, stack(0x000000d22ae00000,0x000000d22af00000) (1024K)]
  0x000002216c2fb490 JavaThread "Unconstrained build operations Thread 17"        [_thread_blocked, id=8028, stack(0x000000d22af00000,0x000000d22b000000) (1024K)]
  0x000002216c2f65d0 JavaThread "Unconstrained build operations Thread 18"        [_thread_blocked, id=6996, stack(0x000000d22b000000,0x000000d22b100000) (1024K)]
  0x000002216c2fbb20 JavaThread "Unconstrained build operations Thread 19"        [_thread_blocked, id=8500, stack(0x000000d22b100000,0x000000d22b200000) (1024K)]
  0x000002216c2fc1b0 JavaThread "Unconstrained build operations Thread 20"        [_thread_blocked, id=3220, stack(0x000000d22b200000,0x000000d22b300000) (1024K)]
  0x000002216c2f8d30 JavaThread "Unconstrained build operations Thread 21"        [_thread_blocked, id=11132, stack(0x000000d22b300000,0x000000d22b400000) (1024K)]
  0x000002216aa93480 JavaThread "build event listener"              [_thread_blocked, id=1836, stack(0x000000d22b400000,0x000000d22b500000) (1024K)]
  0x000002216aa90d20 JavaThread "Memory manager"                    [_thread_blocked, id=13568, stack(0x000000d22b500000,0x000000d22b600000) (1024K)]
  0x000002216aa90000 JavaThread "build event listener"              [_thread_blocked, id=10512, stack(0x000000d22b600000,0x000000d22b700000) (1024K)]
  0x000002216c2f93c0 JavaThread "pool-3-thread-1"                   [_thread_blocked, id=7744, stack(0x000000d22b700000,0x000000d22b800000) (1024K)]
  0x000002216c2f58b0 JavaThread "build event listener"              [_thread_blocked, id=4940, stack(0x000000d22b800000,0x000000d22b900000) (1024K)]
  0x000002216c2f6c60 JavaThread "included builds"                   [_thread_blocked, id=7424, stack(0x000000d22b900000,0x000000d22ba00000) (1024K)]
  0x000002216c2f72f0 JavaThread "Execution worker"                  [_thread_blocked, id=14352, stack(0x000000d22ba00000,0x000000d22bb00000) (1024K)]
  0x000002216cd6e250 JavaThread "Execution worker Thread 2"         [_thread_blocked, id=10268, stack(0x000000d22bb00000,0x000000d22bc00000) (1024K)]
  0x000002216cd73110 JavaThread "Execution worker Thread 3"         [_thread_blocked, id=5620, stack(0x000000d22bc00000,0x000000d22bd00000) (1024K)]
  0x000002216cd737a0 JavaThread "Execution worker Thread 4"         [_thread_blocked, id=6192, stack(0x000000d22bd00000,0x000000d22be00000) (1024K)]
  0x000002216cd6c810 JavaThread "Execution worker Thread 5"         [_thread_blocked, id=14196, stack(0x000000d22be00000,0x000000d22bf00000) (1024K)]
  0x000002216cd6e8e0 JavaThread "Execution worker Thread 6"         [_thread_blocked, id=7572, stack(0x000000d22bf00000,0x000000d22c000000) (1024K)]
  0x000002216cd6cea0 JavaThread "Execution worker Thread 7"         [_thread_blocked, id=14872, stack(0x000000d22c000000,0x000000d22c100000) (1024K)]
  0x000002216cd70320 JavaThread "Cache worker for execution history cache (D:\AOPAYFINANCEAPP\OQPAY-FinanceAndroidApplication\.gradle\8.7\executionHistory)"        [_thread_blocked, id=12840, stack(0x000000d22c100000,0x000000d22c200000) (1024K)]
  0x000002216cd6ef70 JavaThread "Unconstrained build operations Thread 22"        [_thread_blocked, id=18280, stack(0x000000d22c200000,0x000000d22c300000) (1024K)]
  0x000002216cd709b0 JavaThread "Unconstrained build operations Thread 23"        [_thread_blocked, id=9540, stack(0x000000d22c300000,0x000000d22c400000) (1024K)]
  0x000002216cd6d530 JavaThread "Unconstrained build operations Thread 24"        [_thread_blocked, id=10320, stack(0x000000d22c400000,0x000000d22c500000) (1024K)]
  0x000002216cd6f600 JavaThread "Unconstrained build operations Thread 25"        [_thread_blocked, id=16116, stack(0x000000d22c500000,0x000000d22c600000) (1024K)]
  0x000002216cd716d0 JavaThread "Unconstrained build operations Thread 26"        [_thread_blocked, id=14320, stack(0x000000d22c600000,0x000000d22c700000) (1024K)]
  0x000002216aa96900 JavaThread "Unconstrained build operations Thread 27"        [_thread_blocked, id=17984, stack(0x000000d22c700000,0x000000d22c800000) (1024K)]
  0x000002216aa97620 JavaThread "Unconstrained build operations Thread 28"        [_thread_blocked, id=12604, stack(0x000000d22c800000,0x000000d22c900000) (1024K)]
  0x000002216aa92760 JavaThread "Unconstrained build operations Thread 29"        [_thread_blocked, id=1412, stack(0x000000d22c900000,0x000000d22ca00000) (1024K)]
  0x000002216cd71d60 JavaThread "Unconstrained build operations Thread 30"        [_thread_blocked, id=1984, stack(0x000000d22ca00000,0x000000d22cb00000) (1024K)]
  0x0000022172404ca0 JavaThread "Unconstrained build operations Thread 31"        [_thread_blocked, id=1096, stack(0x000000d22cb00000,0x000000d22cc00000) (1024K)]
  0x0000022172406d70 JavaThread "Unconstrained build operations Thread 32"        [_thread_blocked, id=17112, stack(0x000000d22cc00000,0x000000d22cd00000) (1024K)]
  0x0000022172403260 JavaThread "Unconstrained build operations Thread 33"        [_thread_blocked, id=4520, stack(0x000000d22cd00000,0x000000d22ce00000) (1024K)]
  0x0000022172408120 JavaThread "Unconstrained build operations Thread 34"        [_thread_blocked, id=1548, stack(0x000000d22ce00000,0x000000d22cf00000) (1024K)]
  0x0000022172403f80 JavaThread "Unconstrained build operations Thread 35"        [_thread_blocked, id=9112, stack(0x000000d22cf00000,0x000000d22d000000) (1024K)]
  0x00000221724059c0 JavaThread "Unconstrained build operations Thread 36"        [_thread_blocked, id=5792, stack(0x000000d22d000000,0x000000d22d100000) (1024K)]
  0x0000022172407a90 JavaThread "Unconstrained build operations Thread 37"        [_thread_blocked, id=4964, stack(0x000000d22d100000,0x000000d22d200000) (1024K)]
  0x00000221724094d0 JavaThread "Unconstrained build operations Thread 38"        [_thread_blocked, id=7396, stack(0x000000d22d200000,0x000000d22d300000) (1024K)]
  0x0000022172406050 JavaThread "Unconstrained build operations Thread 39"        [_thread_blocked, id=18124, stack(0x000000d22d300000,0x000000d22d400000) (1024K)]
  0x0000022172409b60 JavaThread "Unconstrained build operations Thread 40"        [_thread_blocked, id=17600, stack(0x000000d22d400000,0x000000d22d500000) (1024K)]
  0x00000221724066e0 JavaThread "Unconstrained build operations Thread 41"        [_thread_blocked, id=12256, stack(0x000000d22d500000,0x000000d22d600000) (1024K)]
  0x0000022172402bd0 JavaThread "Unconstrained build operations Thread 42"        [_thread_blocked, id=16456, stack(0x000000d22d600000,0x000000d22d700000) (1024K)]
  0x00000221724038f0 JavaThread "Unconstrained build operations Thread 43"        [_thread_blocked, id=11800, stack(0x000000d22d700000,0x000000d22d800000) (1024K)]
  0x0000022172404610 JavaThread "Unconstrained build operations Thread 44"        [_thread_blocked, id=9140, stack(0x000000d22d800000,0x000000d22d900000) (1024K)]
  0x0000022172407400 JavaThread "Unconstrained build operations Thread 45"        [_thread_blocked, id=8840, stack(0x000000d22d900000,0x000000d22da00000) (1024K)]
  0x00000221724087b0 JavaThread "Unconstrained build operations Thread 46"        [_thread_blocked, id=15192, stack(0x000000d22da00000,0x000000d22db00000) (1024K)]
  0x0000022172405330 JavaThread "Unconstrained build operations Thread 47"        [_thread_blocked, id=6952, stack(0x000000d22db00000,0x000000d22dc00000) (1024K)]
  0x0000022172654050 JavaThread "Unconstrained build operations Thread 48"        [_thread_blocked, id=9780, stack(0x000000d22dc00000,0x000000d22dd00000) (1024K)]
  0x000002217264eb00 JavaThread "Unconstrained build operations Thread 49"        [_thread_blocked, id=4104, stack(0x000000d22dd00000,0x000000d22de00000) (1024K)]
  0x000002217264feb0 JavaThread "Unconstrained build operations Thread 50"        [_thread_blocked, id=17576, stack(0x000000d22de00000,0x000000d22df00000) (1024K)]
  0x0000022172650540 JavaThread "Unconstrained build operations Thread 51"        [_thread_blocked, id=14696, stack(0x000000d22df00000,0x000000d22e000000) (1024K)]
  0x000002217264e470 JavaThread "Unconstrained build operations Thread 52"        [_thread_blocked, id=15304, stack(0x000000d22e000000,0x000000d22e100000) (1024K)]
  0x0000022172651f80 JavaThread "Unconstrained build operations Thread 53"        [_thread_blocked, id=16568, stack(0x000000d22e100000,0x000000d22e200000) (1024K)]
  0x000002217264f190 JavaThread "Unconstrained build operations Thread 54"        [_thread_blocked, id=4712, stack(0x000000d22e200000,0x000000d22e300000) (1024K)]
  0x000002217264d750 JavaThread "Unconstrained build operations Thread 55"        [_thread_blocked, id=7896, stack(0x000000d22e300000,0x000000d22e400000) (1024K)]
  0x000002217264f820 JavaThread "Unconstrained build operations Thread 56"        [_thread_blocked, id=12012, stack(0x000000d22e400000,0x000000d22e500000) (1024K)]
  0x0000022172650bd0 JavaThread "Unconstrained build operations Thread 57"        [_thread_blocked, id=6804, stack(0x000000d22e500000,0x000000d22e600000) (1024K)]
  0x00000221726539c0 JavaThread "Unconstrained build operations Thread 58"        [_thread_blocked, id=5648, stack(0x000000d22e600000,0x000000d22e700000) (1024K)]
  0x0000022172651260 JavaThread "Unconstrained build operations Thread 59"        [_thread_blocked, id=11920, stack(0x000000d22e700000,0x000000d22e800000) (1024K)]
  0x000002217264dde0 JavaThread "Unconstrained build operations Thread 60"        [_thread_blocked, id=10256, stack(0x000000d22e800000,0x000000d22e900000) (1024K)]
  0x00000221726518f0 JavaThread "Unconstrained build operations Thread 61"        [_thread_blocked, id=9964, stack(0x000000d22e900000,0x000000d22ea00000) (1024K)]
  0x0000022172652610 JavaThread "Unconstrained build operations Thread 62"        [_thread_blocked, id=11772, stack(0x000000d22ea00000,0x000000d22eb00000) (1024K)]
  0x0000022172652ca0 JavaThread "Unconstrained build operations Thread 63"        [_thread_blocked, id=18344, stack(0x000000d22eb00000,0x000000d22ec00000) (1024K)]
  0x0000022172653330 JavaThread "Unconstrained build operations Thread 64"        [_thread_blocked, id=8644, stack(0x000000d22ec00000,0x000000d22ed00000) (1024K)]
  0x00000221726546e0 JavaThread "Unconstrained build operations Thread 65"        [_thread_blocked, id=316, stack(0x000000d22ed00000,0x000000d22ee00000) (1024K)]
  0x0000022172654d70 JavaThread "Unconstrained build operations Thread 66"        [_thread_blocked, id=12484, stack(0x000000d22ee00000,0x000000d22ef00000) (1024K)]
  0x00000221726774c0 JavaThread "Unconstrained build operations Thread 67"        [_thread_blocked, id=14748, stack(0x000000d22ef00000,0x000000d22f000000) (1024K)]
  0x0000022172676e30 JavaThread "Unconstrained build operations Thread 68"        [_thread_blocked, id=1696, stack(0x000000d22f000000,0x000000d22f100000) (1024K)]
  0x00000221726767a0 JavaThread "Unconstrained build operations Thread 69"        [_thread_blocked, id=13200, stack(0x000000d22f100000,0x000000d22f200000) (1024K)]
  0x0000022172677b50 JavaThread "Unconstrained build operations Thread 70"        [_thread_blocked, id=11124, stack(0x000000d22f200000,0x000000d22f300000) (1024K)]
  0x0000022172679590 JavaThread "Unconstrained build operations Thread 71"        [_thread_blocked, id=15764, stack(0x000000d22f300000,0x000000d22f400000) (1024K)]
  0x0000022172679c20 JavaThread "Unconstrained build operations Thread 72"        [_thread_blocked, id=18032, stack(0x000000d22f400000,0x000000d22f500000) (1024K)]
  0x000002217267a2b0 JavaThread "Unconstrained build operations Thread 73"        [_thread_blocked, id=2616, stack(0x000000d22f500000,0x000000d22f600000) (1024K)]
  0x000002217267ca10 JavaThread "Unconstrained build operations Thread 74"        [_thread_blocked, id=16856, stack(0x000000d22f600000,0x000000d22f700000) (1024K)]
  0x00000221726781e0 JavaThread "Unconstrained build operations Thread 75"        [_thread_blocked, id=6344, stack(0x000000d22f700000,0x000000d22f800000) (1024K)]
  0x000002217267c380 JavaThread "Unconstrained build operations Thread 76"        [_thread_blocked, id=14500, stack(0x000000d22f800000,0x000000d22f900000) (1024K)]
  0x000002217267ddc0 JavaThread "Unconstrained build operations Thread 77"        [_thread_blocked, id=8820, stack(0x000000d22f900000,0x000000d22fa00000) (1024K)]
  0x0000022172678870 JavaThread "Unconstrained build operations Thread 78"        [_thread_blocked, id=15212, stack(0x000000d22fa00000,0x000000d22fb00000) (1024K)]
  0x0000022172ac79c0 JavaThread "WorkerExecutor Queue"              [_thread_blocked, id=14232, stack(0x000000d22fb00000,0x000000d22fc00000) (1024K)]
  0x0000022172ac6ca0 JavaThread "Unconstrained build operations Thread 79"        [_thread_blocked, id=11152, stack(0x000000d22fc00000,0x000000d22fd00000) (1024K)]
  0x0000022172ac0a30 JavaThread "Unconstrained build operations Thread 80"        [_thread_blocked, id=4232, stack(0x000000d22fd00000,0x000000d22fe00000) (1024K)]
  0x000002216d0a7e50 JavaThread "C2 CompilerThread1"         daemon [_thread_blocked, id=10232, stack(0x000000d227800000,0x000000d227900000) (1024K)]
  0x000002216d0a70b0 JavaThread "C2 CompilerThread2"         daemon [_thread_blocked, id=10068, stack(0x000000d227e00000,0x000000d227f00000) (1024K)]
  0x0000022172ac10c0 JavaThread "WorkerExecutor Queue Thread 2"        [_thread_blocked, id=9900, stack(0x000000d22fe00000,0x000000d22ff00000) (1024K)]
  0x0000022172ac3eb0 JavaThread "WorkerExecutor Queue Thread 3"        [_thread_blocked, id=3056, stack(0x000000d22ff00000,0x000000d230000000) (1024K)]
  0x0000022172ac4bd0 JavaThread "WorkerExecutor Queue Thread 4"        [_thread_blocked, id=7508, stack(0x000000d230000000,0x000000d230100000) (1024K)]
Total: 140

Other Threads:
=>0x000002216214b710 VMThread "VM Thread"                           [id=13580, stack(0x000000d226d00000,0x000000d226e00000) (1024K)]
  0x0000022161fd88e0 WatcherThread "VM Periodic Task Thread"        [id=10456, stack(0x000000d226c00000,0x000000d226d00000) (1024K)]
  0x000002214a91fe40 WorkerThread "GC Thread#0"                     [id=18404, stack(0x000000d226700000,0x000000d226800000) (1024K)]
  0x000002216214cd30 WorkerThread "GC Thread#1"                     [id=16696, stack(0x000000d227900000,0x000000d227a00000) (1024K)]
  0x000002216214bac0 WorkerThread "GC Thread#2"                     [id=2568, stack(0x000000d227a00000,0x000000d227b00000) (1024K)]
  0x000002216214be70 WorkerThread "GC Thread#3"                     [id=15292, stack(0x000000d227b00000,0x000000d227c00000) (1024K)]
  0x000002216214c980 WorkerThread "GC Thread#4"                     [id=14052, stack(0x000000d227c00000,0x000000d227d00000) (1024K)]
  0x000002216214c220 WorkerThread "GC Thread#5"                     [id=13280, stack(0x000000d227d00000,0x000000d227e00000) (1024K)]
  0x00000221689a2af0 WorkerThread "GC Thread#6"                     [id=16320, stack(0x000000d228900000,0x000000d228a00000) (1024K)]
  0x00000221689a09c0 WorkerThread "GC Thread#7"                     [id=10020, stack(0x000000d228a00000,0x000000d228b00000) (1024K)]
  0x000002214a930fa0 ConcurrentGCThread "G1 Main Marker"            [id=18056, stack(0x000000d226800000,0x000000d226900000) (1024K)]
  0x000002214a932250 WorkerThread "G1 Conc#0"                       [id=8200, stack(0x000000d226900000,0x000000d226a00000) (1024K)]
  0x00000221689a39b0 WorkerThread "G1 Conc#1"                       [id=9276, stack(0x000000d228b00000,0x000000d228c00000) (1024K)]
  0x0000022161ea76c0 ConcurrentGCThread "G1 Refine#0"               [id=11028, stack(0x000000d226a00000,0x000000d226b00000) (1024K)]
  0x0000022161ea8150 ConcurrentGCThread "G1 Service"                [id=8032, stack(0x000000d226b00000,0x000000d226c00000) (1024K)]
Total: 15

Threads with active compile tasks:
C2 CompilerThread2  14343 15760 % !   4       com.android.tools.r8.dex.C::k @ 99 (2698 bytes)
Total: 1

VM state: at safepoint (normal execution)

VM Mutex/Monitor currently owned by a thread:  ([mutex/lock_event])
[0x00007ff8d06486d0] Threads_lock - owner thread: 0x000002216214b710
[0x00007ff8d06487d0] Heap_lock - owner thread: 0x0000022172ac10c0

Heap address: 0x0000000080000000, size: 2048 MB, Compressed Oops mode: 32-bit

CDS archive(s) not mapped
Compressed class space mapped at: 0x0000000100000000-0x0000000140000000, reserved size: 1073741824
Narrow klass base: 0x0000000000000000, Narrow klass shift: 3, Narrow klass range: 0x140000000

GC Precious Log:
 CardTable entry size: 512
 Card Set container configuration: InlinePtr #cards 5 size 8 Array Of Cards #cards 12 size 40 Howl #buckets 4 coarsen threshold 1843 Howl Bitmap #cards 512 size 80 coarsen threshold 460 Card regions per heap region 1 cards per card region 2048
 CPUs: 8 total, 8 available
 Memory: 16300M
 Large Page Support: Disabled
 NUMA Support: Disabled
 Compressed Oops: Enabled (32-bit)
 Heap Region Size: 1M
 Heap Min Capacity: 8M
 Heap Initial Capacity: 256M
 Heap Max Capacity: 2G
 Pre-touch: Disabled
 Parallel Workers: 8
 Concurrent Workers: 2
 Concurrent Refinement Workers: 8
 Periodic GC: Disabled

Heap:
 garbage-first heap   total 345088K, used 253954K [0x0000000080000000, 0x0000000100000000)
  region size 1024K, 8 young (8192K), 8 survivors (8192K)
 Metaspace       used 123247K, committed 125312K, reserved 1179648K
  class space    used 17081K, committed 18112K, reserved 1048576K

Heap Regions: E=young(eden), S=young(survivor), O=old, HS=humongous(starts), HC=humongous(continues), CS=collection set, F=free, TAMS=top-at-mark-start, PB=parsable bottom
|   0|0x0000000080000000, 0x00000000800ff7c8, 0x0000000080100000| 99%| O|  |TAMS 0x00000000800ff7c8| PB 0x0000000080000000| Untracked 
|   1|0x0000000080100000, 0x0000000080200000, 0x0000000080200000|100%|HS|  |TAMS 0x0000000080200000| PB 0x0000000080100000| Complete 
|   2|0x0000000080200000, 0x0000000080300000, 0x0000000080300000|100%|HC|  |TAMS 0x0000000080300000| PB 0x0000000080200000| Complete 
|   3|0x0000000080300000, 0x0000000080400000, 0x0000000080400000|100%|HC|  |TAMS 0x0000000080400000| PB 0x0000000080300000| Complete 
|   4|0x0000000080400000, 0x0000000080500000, 0x0000000080500000|100%|HC|  |TAMS 0x0000000080500000| PB 0x0000000080400000| Complete 
|   5|0x0000000080500000, 0x00000000805fffd0, 0x0000000080600000| 99%| O|  |TAMS 0x00000000805fffd0| PB 0x0000000080500000| Untracked 
|   6|0x0000000080600000, 0x00000000806fffe8, 0x0000000080700000| 99%| O|  |TAMS 0x00000000806fffe8| PB 0x0000000080600000| Untracked 
|   7|0x0000000080700000, 0x00000000807ffff0, 0x0000000080800000| 99%| O|  |TAMS 0x00000000807ffff0| PB 0x0000000080700000| Untracked 
|   8|0x0000000080800000, 0x0000000080900000, 0x0000000080900000|100%| O|  |TAMS 0x0000000080900000| PB 0x0000000080800000| Untracked 
|   9|0x0000000080900000, 0x0000000080a00000, 0x0000000080a00000|100%| O|  |TAMS 0x0000000080a00000| PB 0x0000000080900000| Untracked 
|  10|0x0000000080a00000, 0x0000000080b00000, 0x0000000080b00000|100%| O|  |TAMS 0x0000000080b00000| PB 0x0000000080a00000| Untracked 
|  11|0x0000000080b00000, 0x0000000080c00000, 0x0000000080c00000|100%| O|  |TAMS 0x0000000080c00000| PB 0x0000000080b00000| Untracked 
|  12|0x0000000080c00000, 0x0000000080d00000, 0x0000000080d00000|100%| O|  |TAMS 0x0000000080d00000| PB 0x0000000080c00000| Untracked 
|  13|0x0000000080d00000, 0x0000000080e00000, 0x0000000080e00000|100%| O|  |TAMS 0x0000000080e00000| PB 0x0000000080d00000| Untracked 
|  14|0x0000000080e00000, 0x0000000080f00000, 0x0000000080f00000|100%| O|  |TAMS 0x0000000080f00000| PB 0x0000000080e00000| Untracked 
|  15|0x0000000080f00000, 0x0000000081000000, 0x0000000081000000|100%| O|  |TAMS 0x0000000081000000| PB 0x0000000080f00000| Untracked 
|  16|0x0000000081000000, 0x0000000081100000, 0x0000000081100000|100%| O|  |TAMS 0x0000000081100000| PB 0x0000000081000000| Untracked 
|  17|0x0000000081100000, 0x0000000081200000, 0x0000000081200000|100%| O|  |TAMS 0x0000000081200000| PB 0x0000000081100000| Untracked 
|  18|0x0000000081200000, 0x0000000081300000, 0x0000000081300000|100%| O|  |TAMS 0x0000000081300000| PB 0x0000000081200000| Untracked 
|  19|0x0000000081300000, 0x0000000081400000, 0x0000000081400000|100%|HS|  |TAMS 0x0000000081400000| PB 0x0000000081300000| Complete 
|  20|0x0000000081400000, 0x0000000081500000, 0x0000000081500000|100%|HC|  |TAMS 0x0000000081500000| PB 0x0000000081400000| Complete 
|  21|0x0000000081500000, 0x0000000081600000, 0x0000000081600000|100%| O|  |TAMS 0x0000000081600000| PB 0x0000000081500000| Untracked 
|  22|0x0000000081600000, 0x0000000081700000, 0x0000000081700000|100%| O|  |TAMS 0x0000000081700000| PB 0x0000000081600000| Untracked 
|  23|0x0000000081700000, 0x0000000081800000, 0x0000000081800000|100%| O|  |TAMS 0x0000000081800000| PB 0x0000000081700000| Untracked 
|  24|0x0000000081800000, 0x00000000818fffe0, 0x0000000081900000| 99%| O|  |TAMS 0x00000000818fffe0| PB 0x0000000081800000| Untracked 
|  25|0x0000000081900000, 0x00000000819fffa8, 0x0000000081a00000| 99%| O|  |TAMS 0x00000000819fffa8| PB 0x0000000081900000| Untracked 
|  26|0x0000000081a00000, 0x0000000081afffc0, 0x0000000081b00000| 99%| O|  |TAMS 0x0000000081afffc0| PB 0x0000000081a00000| Untracked 
|  27|0x0000000081b00000, 0x0000000081bffff0, 0x0000000081c00000| 99%| O|  |TAMS 0x0000000081bffff0| PB 0x0000000081b00000| Untracked 
|  28|0x0000000081c00000, 0x0000000081cf69f8, 0x0000000081d00000| 96%| O|  |TAMS 0x0000000081cf69f8| PB 0x0000000081c00000| Untracked 
|  29|0x0000000081d00000, 0x0000000081dfffd0, 0x0000000081e00000| 99%| O|  |TAMS 0x0000000081dfffd0| PB 0x0000000081d00000| Untracked 
|  30|0x0000000081e00000, 0x0000000081f00000, 0x0000000081f00000|100%| O|  |TAMS 0x0000000081f00000| PB 0x0000000081e00000| Untracked 
|  31|0x0000000081f00000, 0x0000000082000000, 0x0000000082000000|100%| O|  |TAMS 0x0000000082000000| PB 0x0000000081f00000| Untracked 
|  32|0x0000000082000000, 0x00000000820ffff0, 0x0000000082100000| 99%| O|  |TAMS 0x00000000820ffff0| PB 0x0000000082000000| Untracked 
|  33|0x0000000082100000, 0x00000000821f97b8, 0x0000000082200000| 97%| O|  |TAMS 0x00000000821f97b8| PB 0x0000000082100000| Untracked 
|  34|0x0000000082200000, 0x0000000082300000, 0x0000000082300000|100%| O|  |TAMS 0x0000000082300000| PB 0x0000000082200000| Untracked 
|  35|0x0000000082300000, 0x00000000823ffff8, 0x0000000082400000| 99%| O|  |TAMS 0x00000000823ffff8| PB 0x0000000082300000| Untracked 
|  36|0x0000000082400000, 0x00000000824fffd8, 0x0000000082500000| 99%| O|  |TAMS 0x00000000824fffd8| PB 0x0000000082400000| Untracked 
|  37|0x0000000082500000, 0x00000000825e5ad0, 0x0000000082600000| 89%| O|  |TAMS 0x00000000825e5ad0| PB 0x0000000082500000| Untracked 
|  38|0x0000000082600000, 0x00000000826fffc0, 0x0000000082700000| 99%| O|  |TAMS 0x00000000826fffc0| PB 0x0000000082600000| Untracked 
|  39|0x0000000082700000, 0x00000000827ffff0, 0x0000000082800000| 99%| O|  |TAMS 0x00000000827ffff0| PB 0x0000000082700000| Untracked 
|  40|0x0000000082800000, 0x0000000082900000, 0x0000000082900000|100%| O|  |TAMS 0x0000000082900000| PB 0x0000000082800000| Untracked 
|  41|0x0000000082900000, 0x00000000829fbac8, 0x0000000082a00000| 98%| O|  |TAMS 0x00000000829fbac8| PB 0x0000000082900000| Untracked 
|  42|0x0000000082a00000, 0x0000000082b00000, 0x0000000082b00000|100%| O|  |TAMS 0x0000000082b00000| PB 0x0000000082a00000| Untracked 
|  43|0x0000000082b00000, 0x0000000082c00000, 0x0000000082c00000|100%| O|  |TAMS 0x0000000082c00000| PB 0x0000000082b00000| Untracked 
|  44|0x0000000082c00000, 0x0000000082cff280, 0x0000000082d00000| 99%| O|  |TAMS 0x0000000082cff280| PB 0x0000000082c00000| Untracked 
|  45|0x0000000082d00000, 0x0000000082dff3f0, 0x0000000082e00000| 99%| O|  |TAMS 0x0000000082dff3f0| PB 0x0000000082d00000| Untracked 
|  46|0x0000000082e00000, 0x0000000082effff0, 0x0000000082f00000| 99%| O|  |TAMS 0x0000000082effff0| PB 0x0000000082e00000| Untracked 
|  47|0x0000000082f00000, 0x0000000082fffff8, 0x0000000083000000| 99%| O|  |TAMS 0x0000000082fffff8| PB 0x0000000082f00000| Untracked 
|  48|0x0000000083000000, 0x0000000083100000, 0x0000000083100000|100%|HS|  |TAMS 0x0000000083100000| PB 0x0000000083000000| Complete 
|  49|0x0000000083100000, 0x0000000083200000, 0x0000000083200000|100%|HS|  |TAMS 0x0000000083200000| PB 0x0000000083100000| Complete 
|  50|0x0000000083200000, 0x0000000083300000, 0x0000000083300000|100%|HS|  |TAMS 0x0000000083300000| PB 0x0000000083200000| Complete 
|  51|0x0000000083300000, 0x0000000083400000, 0x0000000083400000|100%|HC|  |TAMS 0x0000000083400000| PB 0x0000000083300000| Complete 
|  52|0x0000000083400000, 0x0000000083500000, 0x0000000083500000|100%|HS|  |TAMS 0x0000000083500000| PB 0x0000000083400000| Complete 
|  53|0x0000000083500000, 0x0000000083600000, 0x0000000083600000|100%|HC|  |TAMS 0x0000000083600000| PB 0x0000000083500000| Complete 
|  54|0x0000000083600000, 0x0000000083700000, 0x0000000083700000|100%|HS|  |TAMS 0x0000000083700000| PB 0x0000000083600000| Complete 
|  55|0x0000000083700000, 0x0000000083800000, 0x0000000083800000|100%|HS|  |TAMS 0x0000000083800000| PB 0x0000000083700000| Complete 
|  56|0x0000000083800000, 0x0000000083900000, 0x0000000083900000|100%|HC|  |TAMS 0x0000000083900000| PB 0x0000000083800000| Complete 
|  57|0x0000000083900000, 0x0000000083a00000, 0x0000000083a00000|100%|HC|  |TAMS 0x0000000083a00000| PB 0x0000000083900000| Complete 
|  58|0x0000000083a00000, 0x0000000083b00000, 0x0000000083b00000|100%|HC|  |TAMS 0x0000000083b00000| PB 0x0000000083a00000| Complete 
|  59|0x0000000083b00000, 0x0000000083c00000, 0x0000000083c00000|100%| O|  |TAMS 0x0000000083c00000| PB 0x0000000083b00000| Untracked 
|  60|0x0000000083c00000, 0x0000000083cffff0, 0x0000000083d00000| 99%| O|  |TAMS 0x0000000083cffff0| PB 0x0000000083c00000| Untracked 
|  61|0x0000000083d00000, 0x0000000083dffff8, 0x0000000083e00000| 99%| O|  |TAMS 0x0000000083dffff8| PB 0x0000000083d00000| Untracked 
|  62|0x0000000083e00000, 0x0000000083efffd0, 0x0000000083f00000| 99%| O|  |TAMS 0x0000000083efffd0| PB 0x0000000083e00000| Untracked 
|  63|0x0000000083f00000, 0x0000000083fffff8, 0x0000000084000000| 99%| O|  |TAMS 0x0000000083fffff8| PB 0x0000000083f00000| Untracked 
|  64|0x0000000084000000, 0x0000000084100000, 0x0000000084100000|100%|HS|  |TAMS 0x0000000084100000| PB 0x0000000084000000| Complete 
|  65|0x0000000084100000, 0x00000000841fffe8, 0x0000000084200000| 99%| O|  |TAMS 0x00000000841fffe8| PB 0x0000000084100000| Untracked 
|  66|0x0000000084200000, 0x0000000084300000, 0x0000000084300000|100%|HS|  |TAMS 0x0000000084300000| PB 0x0000000084200000| Complete 
|  67|0x0000000084300000, 0x0000000084400000, 0x0000000084400000|100%|HS|  |TAMS 0x0000000084400000| PB 0x0000000084300000| Complete 
|  68|0x0000000084400000, 0x0000000084500000, 0x0000000084500000|100%| O|  |TAMS 0x0000000084500000| PB 0x0000000084400000| Untracked 
|  69|0x0000000084500000, 0x00000000845fffa8, 0x0000000084600000| 99%| O|  |TAMS 0x00000000845fffa8| PB 0x0000000084500000| Untracked 
|  70|0x0000000084600000, 0x00000000846fffb0, 0x0000000084700000| 99%| O|  |TAMS 0x00000000846fffb0| PB 0x0000000084600000| Untracked 
|  71|0x0000000084700000, 0x00000000847ffff8, 0x0000000084800000| 99%| O|  |TAMS 0x00000000847ffff8| PB 0x0000000084700000| Untracked 
|  72|0x0000000084800000, 0x0000000084900000, 0x0000000084900000|100%| O|  |TAMS 0x0000000084900000| PB 0x0000000084800000| Untracked 
|  73|0x0000000084900000, 0x0000000084a00000, 0x0000000084a00000|100%|HS|  |TAMS 0x0000000084a00000| PB 0x0000000084900000| Complete 
|  74|0x0000000084a00000, 0x0000000084b00000, 0x0000000084b00000|100%| O|  |TAMS 0x0000000084b00000| PB 0x0000000084a00000| Untracked 
|  75|0x0000000084b00000, 0x0000000084c00000, 0x0000000084c00000|100%| O|  |TAMS 0x0000000084c00000| PB 0x0000000084b00000| Untracked 
|  76|0x0000000084c00000, 0x0000000084cfff98, 0x0000000084d00000| 99%| O|  |TAMS 0x0000000084cfff98| PB 0x0000000084c00000| Untracked 
|  77|0x0000000084d00000, 0x0000000084dffff0, 0x0000000084e00000| 99%| O|  |TAMS 0x0000000084dffff0| PB 0x0000000084d00000| Untracked 
|  78|0x0000000084e00000, 0x0000000084f00000, 0x0000000084f00000|100%|HS|  |TAMS 0x0000000084f00000| PB 0x0000000084e00000| Complete 
|  79|0x0000000084f00000, 0x0000000085000000, 0x0000000085000000|100%|HC|  |TAMS 0x0000000085000000| PB 0x0000000084f00000| Complete 
|  80|0x0000000085000000, 0x0000000085100000, 0x0000000085100000|100%|HC|  |TAMS 0x0000000085100000| PB 0x0000000085000000| Complete 
|  81|0x0000000085100000, 0x0000000085200000, 0x0000000085200000|100%|HC|  |TAMS 0x0000000085200000| PB 0x0000000085100000| Complete 
|  82|0x0000000085200000, 0x0000000085300000, 0x0000000085300000|100%| O|  |TAMS 0x0000000085300000| PB 0x0000000085200000| Untracked 
|  83|0x0000000085300000, 0x00000000853ffff8, 0x0000000085400000| 99%| O|  |TAMS 0x00000000853ffff8| PB 0x0000000085300000| Untracked 
|  84|0x0000000085400000, 0x00000000854fffe8, 0x0000000085500000| 99%| O|  |TAMS 0x00000000854fffe8| PB 0x0000000085400000| Untracked 
|  85|0x0000000085500000, 0x0000000085600000, 0x0000000085600000|100%| O|  |TAMS 0x0000000085600000| PB 0x0000000085500000| Untracked 
|  86|0x0000000085600000, 0x0000000085700000, 0x0000000085700000|100%| O|  |TAMS 0x0000000085700000| PB 0x0000000085600000| Untracked 
|  87|0x0000000085700000, 0x00000000857fff98, 0x0000000085800000| 99%| O|  |TAMS 0x00000000857fff98| PB 0x0000000085700000| Untracked 
|  88|0x0000000085800000, 0x0000000085900000, 0x0000000085900000|100%| O|  |TAMS 0x0000000085900000| PB 0x0000000085800000| Untracked 
|  89|0x0000000085900000, 0x0000000085a00000, 0x0000000085a00000|100%| O|  |TAMS 0x0000000085a00000| PB 0x0000000085900000| Untracked 
|  90|0x0000000085a00000, 0x0000000085affff8, 0x0000000085b00000| 99%| O|  |TAMS 0x0000000085affff8| PB 0x0000000085a00000| Untracked 
|  91|0x0000000085b00000, 0x0000000085bffff0, 0x0000000085c00000| 99%| O|  |TAMS 0x0000000085bffff0| PB 0x0000000085b00000| Untracked 
|  92|0x0000000085c00000, 0x0000000085d00000, 0x0000000085d00000|100%| O|  |TAMS 0x0000000085d00000| PB 0x0000000085c00000| Untracked 
|  93|0x0000000085d00000, 0x0000000085e00000, 0x0000000085e00000|100%| O|  |TAMS 0x0000000085e00000| PB 0x0000000085d00000| Untracked 
|  94|0x0000000085e00000, 0x0000000085f00000, 0x0000000085f00000|100%| O|  |TAMS 0x0000000085f00000| PB 0x0000000085e00000| Untracked 
|  95|0x0000000085f00000, 0x0000000085fffff0, 0x0000000086000000| 99%| O|  |TAMS 0x0000000085fffff0| PB 0x0000000085f00000| Untracked 
|  96|0x0000000086000000, 0x0000000086100000, 0x0000000086100000|100%| O|  |TAMS 0x0000000086100000| PB 0x0000000086000000| Untracked 
|  97|0x0000000086100000, 0x0000000086200000, 0x0000000086200000|100%| O|  |TAMS 0x0000000086200000| PB 0x0000000086100000| Untracked 
|  98|0x0000000086200000, 0x0000000086300000, 0x0000000086300000|100%| O|  |TAMS 0x0000000086300000| PB 0x0000000086200000| Untracked 
|  99|0x0000000086300000, 0x0000000086400000, 0x0000000086400000|100%| O|  |TAMS 0x0000000086400000| PB 0x0000000086300000| Untracked 
| 100|0x0000000086400000, 0x0000000086500000, 0x0000000086500000|100%| O|  |TAMS 0x0000000086500000| PB 0x0000000086400000| Untracked 
| 101|0x0000000086500000, 0x0000000086600000, 0x0000000086600000|100%| O|  |TAMS 0x0000000086600000| PB 0x0000000086500000| Untracked 
| 102|0x0000000086600000, 0x00000000866fffe8, 0x0000000086700000| 99%| O|  |TAMS 0x00000000866fffe8| PB 0x0000000086600000| Untracked 
| 103|0x0000000086700000, 0x0000000086800000, 0x0000000086800000|100%| O|  |TAMS 0x0000000086800000| PB 0x0000000086700000| Untracked 
| 104|0x0000000086800000, 0x0000000086900000, 0x0000000086900000|100%| O|  |TAMS 0x0000000086900000| PB 0x0000000086800000| Untracked 
| 105|0x0000000086900000, 0x00000000869d24e8, 0x0000000086a00000| 82%| O|  |TAMS 0x00000000869d24e8| PB 0x0000000086900000| Untracked 
| 106|0x0000000086a00000, 0x0000000086b00000, 0x0000000086b00000|100%| O|  |TAMS 0x0000000086a00000| PB 0x0000000086a00000| Untracked 
| 107|0x0000000086b00000, 0x0000000086bdbe20, 0x0000000086c00000| 85%| O|  |TAMS 0x0000000086bdbe20| PB 0x0000000086b00000| Untracked 
| 108|0x0000000086c00000, 0x0000000086cffff8, 0x0000000086d00000| 99%| O|  |TAMS 0x0000000086cffff8| PB 0x0000000086c00000| Untracked 
| 109|0x0000000086d00000, 0x0000000086e00000, 0x0000000086e00000|100%| O|  |TAMS 0x0000000086e00000| PB 0x0000000086d00000| Untracked 
| 110|0x0000000086e00000, 0x0000000086f00000, 0x0000000086f00000|100%| O|  |TAMS 0x0000000086f00000| PB 0x0000000086e00000| Untracked 
| 111|0x0000000086f00000, 0x0000000087000000, 0x0000000087000000|100%|HS|  |TAMS 0x0000000087000000| PB 0x0000000086f00000| Complete 
| 112|0x0000000087000000, 0x0000000087100000, 0x0000000087100000|100%| O|  |TAMS 0x0000000087100000| PB 0x0000000087000000| Untracked 
| 113|0x0000000087100000, 0x0000000087200000, 0x0000000087200000|100%| O|  |TAMS 0x0000000087200000| PB 0x0000000087100000| Untracked 
| 114|0x0000000087200000, 0x0000000087300000, 0x0000000087300000|100%|HS|  |TAMS 0x0000000087300000| PB 0x0000000087200000| Complete 
| 115|0x0000000087300000, 0x0000000087400000, 0x0000000087400000|100%| O|  |TAMS 0x0000000087400000| PB 0x0000000087300000| Untracked 
| 116|0x0000000087400000, 0x0000000087500000, 0x0000000087500000|100%| O|  |TAMS 0x0000000087500000| PB 0x0000000087400000| Untracked 
| 117|0x0000000087500000, 0x0000000087600000, 0x0000000087600000|100%| O|  |TAMS 0x0000000087600000| PB 0x0000000087500000| Untracked 
| 118|0x0000000087600000, 0x0000000087700000, 0x0000000087700000|100%| O|  |TAMS 0x0000000087700000| PB 0x0000000087600000| Untracked 
| 119|0x0000000087700000, 0x00000000877a2c28, 0x0000000087800000| 63%| O|  |TAMS 0x00000000877a2c28| PB 0x0000000087700000| Untracked 
| 120|0x0000000087800000, 0x0000000087900000, 0x0000000087900000|100%| O|  |TAMS 0x0000000087900000| PB 0x0000000087800000| Untracked 
| 121|0x0000000087900000, 0x0000000087a00000, 0x0000000087a00000|100%| O|  |TAMS 0x0000000087a00000| PB 0x0000000087900000| Untracked 
| 122|0x0000000087a00000, 0x0000000087affff0, 0x0000000087b00000| 99%| O|  |TAMS 0x0000000087affff0| PB 0x0000000087a00000| Untracked 
| 123|0x0000000087b00000, 0x0000000087c00000, 0x0000000087c00000|100%| O|  |TAMS 0x0000000087c00000| PB 0x0000000087b00000| Untracked 
| 124|0x0000000087c00000, 0x0000000087cfffd0, 0x0000000087d00000| 99%| O|  |TAMS 0x0000000087cfffd0| PB 0x0000000087c00000| Untracked 
| 125|0x0000000087d00000, 0x0000000087e00000, 0x0000000087e00000|100%| O|  |TAMS 0x0000000087e00000| PB 0x0000000087d00000| Untracked 
| 126|0x0000000087e00000, 0x0000000087f00000, 0x0000000087f00000|100%| O|  |TAMS 0x0000000087f00000| PB 0x0000000087e00000| Untracked 
| 127|0x0000000087f00000, 0x0000000088000000, 0x0000000088000000|100%| O|  |TAMS 0x0000000088000000| PB 0x0000000087f00000| Untracked 
| 128|0x0000000088000000, 0x0000000088100000, 0x0000000088100000|100%| O|  |TAMS 0x0000000088100000| PB 0x0000000088000000| Untracked 
| 129|0x0000000088100000, 0x00000000881fffd8, 0x0000000088200000| 99%| O|  |TAMS 0x00000000881fffd8| PB 0x0000000088100000| Untracked 
| 130|0x0000000088200000, 0x0000000088300000, 0x0000000088300000|100%|HS|  |TAMS 0x0000000088300000| PB 0x0000000088200000| Complete 
| 131|0x0000000088300000, 0x0000000088400000, 0x0000000088400000|100%|HC|  |TAMS 0x0000000088400000| PB 0x0000000088300000| Complete 
| 132|0x0000000088400000, 0x0000000088500000, 0x0000000088500000|100%|HS|  |TAMS 0x0000000088500000| PB 0x0000000088400000| Complete 
| 133|0x0000000088500000, 0x00000000885b5c98, 0x0000000088600000| 71%| O|  |TAMS 0x00000000885b5c98| PB 0x0000000088500000| Untracked 
| 134|0x0000000088600000, 0x000000008862ac40, 0x0000000088700000| 16%| O|  |TAMS 0x000000008862ac40| PB 0x0000000088600000| Untracked 
| 135|0x0000000088700000, 0x00000000887ffff8, 0x0000000088800000| 99%| O|  |TAMS 0x00000000887ffff8| PB 0x0000000088700000| Untracked 
| 136|0x0000000088800000, 0x0000000088900000, 0x0000000088900000|100%|HS|  |TAMS 0x0000000088900000| PB 0x0000000088800000| Complete 
| 137|0x0000000088900000, 0x0000000088a00000, 0x0000000088a00000|100%|HS|  |TAMS 0x0000000088a00000| PB 0x0000000088900000| Complete 
| 138|0x0000000088a00000, 0x0000000088b00000, 0x0000000088b00000|100%|HC|  |TAMS 0x0000000088b00000| PB 0x0000000088a00000| Complete 
| 139|0x0000000088b00000, 0x0000000088c00000, 0x0000000088c00000|100%|HS|  |TAMS 0x0000000088c00000| PB 0x0000000088b00000| Complete 
| 140|0x0000000088c00000, 0x0000000088d00000, 0x0000000088d00000|100%|HS|  |TAMS 0x0000000088d00000| PB 0x0000000088c00000| Complete 
| 141|0x0000000088d00000, 0x0000000088e00000, 0x0000000088e00000|100%| O|  |TAMS 0x0000000088d00000| PB 0x0000000088d00000| Untracked 
| 142|0x0000000088e00000, 0x0000000088f00000, 0x0000000088f00000|100%|HS|  |TAMS 0x0000000088f00000| PB 0x0000000088e00000| Complete 
| 143|0x0000000088f00000, 0x0000000089000000, 0x0000000089000000|100%|HC|  |TAMS 0x0000000089000000| PB 0x0000000088f00000| Complete 
| 144|0x0000000089000000, 0x0000000089100000, 0x0000000089100000|100%|HS|  |TAMS 0x0000000089100000| PB 0x0000000089000000| Complete 
| 145|0x0000000089100000, 0x0000000089200000, 0x0000000089200000|100%| O|  |TAMS 0x0000000089100000| PB 0x0000000089100000| Untracked 
| 146|0x0000000089200000, 0x0000000089300000, 0x0000000089300000|100%|HS|  |TAMS 0x0000000089300000| PB 0x0000000089200000| Complete 
| 147|0x0000000089300000, 0x0000000089400000, 0x0000000089400000|100%| O|  |TAMS 0x0000000089300000| PB 0x0000000089300000| Untracked 
| 148|0x0000000089400000, 0x0000000089500000, 0x0000000089500000|100%| O|  |TAMS 0x0000000089400000| PB 0x0000000089400000| Untracked 
| 149|0x0000000089500000, 0x0000000089600000, 0x0000000089600000|100%| O|  |TAMS 0x0000000089500000| PB 0x0000000089500000| Untracked 
| 150|0x0000000089600000, 0x0000000089700000, 0x0000000089700000|100%| O|  |TAMS 0x0000000089600000| PB 0x0000000089600000| Untracked 
| 151|0x0000000089700000, 0x0000000089800000, 0x0000000089800000|100%|HS|  |TAMS 0x0000000089800000| PB 0x0000000089700000| Complete 
| 152|0x0000000089800000, 0x0000000089900000, 0x0000000089900000|100%|HC|  |TAMS 0x0000000089900000| PB 0x0000000089800000| Complete 
| 153|0x0000000089900000, 0x0000000089a00000, 0x0000000089a00000|100%|HS|  |TAMS 0x0000000089a00000| PB 0x0000000089900000| Complete 
| 154|0x0000000089a00000, 0x0000000089b00000, 0x0000000089b00000|100%|HC|  |TAMS 0x0000000089b00000| PB 0x0000000089a00000| Complete 
| 155|0x0000000089b00000, 0x0000000089c00000, 0x0000000089c00000|100%|HS|  |TAMS 0x0000000089c00000| PB 0x0000000089b00000| Complete 
| 156|0x0000000089c00000, 0x0000000089d00000, 0x0000000089d00000|100%|HC|  |TAMS 0x0000000089d00000| PB 0x0000000089c00000| Complete 
| 157|0x0000000089d00000, 0x0000000089e00000, 0x0000000089e00000|100%|HC|  |TAMS 0x0000000089e00000| PB 0x0000000089d00000| Complete 
| 158|0x0000000089e00000, 0x0000000089f00000, 0x0000000089f00000|100%|HS|  |TAMS 0x0000000089f00000| PB 0x0000000089e00000| Complete 
| 159|0x0000000089f00000, 0x000000008a000000, 0x000000008a000000|100%|HS|  |TAMS 0x000000008a000000| PB 0x0000000089f00000| Complete 
| 160|0x000000008a000000, 0x000000008a100000, 0x000000008a100000|100%|HS|  |TAMS 0x000000008a100000| PB 0x000000008a000000| Complete 
| 161|0x000000008a100000, 0x000000008a200000, 0x000000008a200000|100%|HC|  |TAMS 0x000000008a200000| PB 0x000000008a100000| Complete 
| 162|0x000000008a200000, 0x000000008a300000, 0x000000008a300000|100%|HC|  |TAMS 0x000000008a300000| PB 0x000000008a200000| Complete 
| 163|0x000000008a300000, 0x000000008a400000, 0x000000008a400000|100%|HS|  |TAMS 0x000000008a400000| PB 0x000000008a300000| Complete 
| 164|0x000000008a400000, 0x000000008a500000, 0x000000008a500000|100%|HS|  |TAMS 0x000000008a500000| PB 0x000000008a400000| Complete 
| 165|0x000000008a500000, 0x000000008a600000, 0x000000008a600000|100%|HS|  |TAMS 0x000000008a600000| PB 0x000000008a500000| Complete 
| 166|0x000000008a600000, 0x000000008a700000, 0x000000008a700000|100%|HC|  |TAMS 0x000000008a700000| PB 0x000000008a600000| Complete 
| 167|0x000000008a700000, 0x000000008a800000, 0x000000008a800000|100%|HS|  |TAMS 0x000000008a800000| PB 0x000000008a700000| Complete 
| 168|0x000000008a800000, 0x000000008a900000, 0x000000008a900000|100%|HS|  |TAMS 0x000000008a900000| PB 0x000000008a800000| Complete 
| 169|0x000000008a900000, 0x000000008aa00000, 0x000000008aa00000|100%|HC|  |TAMS 0x000000008aa00000| PB 0x000000008a900000| Complete 
| 170|0x000000008aa00000, 0x000000008ab00000, 0x000000008ab00000|100%| O|  |TAMS 0x000000008aa00000| PB 0x000000008aa00000| Untracked 
| 171|0x000000008ab00000, 0x000000008ac00000, 0x000000008ac00000|100%|HS|  |TAMS 0x000000008ac00000| PB 0x000000008ab00000| Complete 
| 172|0x000000008ac00000, 0x000000008ad00000, 0x000000008ad00000|100%| O|  |TAMS 0x000000008ac00000| PB 0x000000008ac00000| Untracked 
| 173|0x000000008ad00000, 0x000000008ae00000, 0x000000008ae00000|100%|HS|  |TAMS 0x000000008ae00000| PB 0x000000008ad00000| Complete 
| 174|0x000000008ae00000, 0x000000008af00000, 0x000000008af00000|100%|HS|  |TAMS 0x000000008af00000| PB 0x000000008ae00000| Complete 
| 175|0x000000008af00000, 0x000000008b000000, 0x000000008b000000|100%|HS|  |TAMS 0x000000008b000000| PB 0x000000008af00000| Complete 
| 176|0x000000008b000000, 0x000000008b100000, 0x000000008b100000|100%| O|  |TAMS 0x000000008b000000| PB 0x000000008b000000| Untracked 
| 177|0x000000008b100000, 0x000000008b200000, 0x000000008b200000|100%|HS|  |TAMS 0x000000008b200000| PB 0x000000008b100000| Complete 
| 178|0x000000008b200000, 0x000000008b300000, 0x000000008b300000|100%| O|  |TAMS 0x000000008b200000| PB 0x000000008b200000| Untracked 
| 179|0x000000008b300000, 0x000000008b300000, 0x000000008b400000|  0%| F|  |TAMS 0x000000008b300000| PB 0x000000008b300000| Untracked 
| 180|0x000000008b400000, 0x000000008b500000, 0x000000008b500000|100%|HS|  |TAMS 0x000000008b500000| PB 0x000000008b400000| Complete 
| 181|0x000000008b500000, 0x000000008b600000, 0x000000008b600000|100%|HS|  |TAMS 0x000000008b600000| PB 0x000000008b500000| Complete 
| 182|0x000000008b600000, 0x000000008b700000, 0x000000008b700000|100%|HC|  |TAMS 0x000000008b700000| PB 0x000000008b600000| Complete 
| 183|0x000000008b700000, 0x000000008b700000, 0x000000008b800000|  0%| F|  |TAMS 0x000000008b700000| PB 0x000000008b700000| Untracked 
| 184|0x000000008b800000, 0x000000008b900000, 0x000000008b900000|100%|HS|  |TAMS 0x000000008b900000| PB 0x000000008b800000| Complete 
| 185|0x000000008b900000, 0x000000008b900000, 0x000000008ba00000|  0%| F|  |TAMS 0x000000008b900000| PB 0x000000008b900000| Untracked 
| 186|0x000000008ba00000, 0x000000008ba00000, 0x000000008bb00000|  0%| F|  |TAMS 0x000000008ba00000| PB 0x000000008ba00000| Untracked 
| 187|0x000000008bb00000, 0x000000008bb00000, 0x000000008bc00000|  0%| F|  |TAMS 0x000000008bb00000| PB 0x000000008bb00000| Untracked 
| 188|0x000000008bc00000, 0x000000008bd00000, 0x000000008bd00000|100%|HS|  |TAMS 0x000000008bd00000| PB 0x000000008bc00000| Complete 
| 189|0x000000008bd00000, 0x000000008be00000, 0x000000008be00000|100%|HC|  |TAMS 0x000000008be00000| PB 0x000000008bd00000| Complete 
| 190|0x000000008be00000, 0x000000008bf00000, 0x000000008bf00000|100%|HS|  |TAMS 0x000000008bf00000| PB 0x000000008be00000| Complete 
| 191|0x000000008bf00000, 0x000000008c000000, 0x000000008c000000|100%|HC|  |TAMS 0x000000008c000000| PB 0x000000008bf00000| Complete 
| 192|0x000000008c000000, 0x000000008c100000, 0x000000008c100000|100%|HC|  |TAMS 0x000000008c100000| PB 0x000000008c000000| Complete 
| 193|0x000000008c100000, 0x000000008c200000, 0x000000008c200000|100%|HS|  |TAMS 0x000000008c200000| PB 0x000000008c100000| Complete 
| 194|0x000000008c200000, 0x000000008c300000, 0x000000008c300000|100%|HC|  |TAMS 0x000000008c300000| PB 0x000000008c200000| Complete 
| 195|0x000000008c300000, 0x000000008c300000, 0x000000008c400000|  0%| F|  |TAMS 0x000000008c300000| PB 0x000000008c300000| Untracked 
| 196|0x000000008c400000, 0x000000008c400000, 0x000000008c500000|  0%| F|  |TAMS 0x000000008c400000| PB 0x000000008c400000| Untracked 
| 197|0x000000008c500000, 0x000000008c500000, 0x000000008c600000|  0%| F|  |TAMS 0x000000008c500000| PB 0x000000008c500000| Untracked 
| 198|0x000000008c600000, 0x000000008c600000, 0x000000008c700000|  0%| F|  |TAMS 0x000000008c600000| PB 0x000000008c600000| Untracked 
| 199|0x000000008c700000, 0x000000008c700000, 0x000000008c800000|  0%| F|  |TAMS 0x000000008c700000| PB 0x000000008c700000| Untracked 
| 200|0x000000008c800000, 0x000000008c800000, 0x000000008c900000|  0%| F|  |TAMS 0x000000008c800000| PB 0x000000008c800000| Untracked 
| 201|0x000000008c900000, 0x000000008c900000, 0x000000008ca00000|  0%| F|  |TAMS 0x000000008c900000| PB 0x000000008c900000| Untracked 
| 202|0x000000008ca00000, 0x000000008ca00000, 0x000000008cb00000|  0%| F|  |TAMS 0x000000008ca00000| PB 0x000000008ca00000| Untracked 
| 203|0x000000008cb00000, 0x000000008cb00000, 0x000000008cc00000|  0%| F|  |TAMS 0x000000008cb00000| PB 0x000000008cb00000| Untracked 
| 204|0x000000008cc00000, 0x000000008cc00000, 0x000000008cd00000|  0%| F|  |TAMS 0x000000008cc00000| PB 0x000000008cc00000| Untracked 
| 205|0x000000008cd00000, 0x000000008ce00000, 0x000000008ce00000|100%|HS|  |TAMS 0x000000008ce00000| PB 0x000000008cd00000| Complete 
| 206|0x000000008ce00000, 0x000000008cf00000, 0x000000008cf00000|100%|HC|  |TAMS 0x000000008cf00000| PB 0x000000008ce00000| Complete 
| 207|0x000000008cf00000, 0x000000008d000000, 0x000000008d000000|100%|HC|  |TAMS 0x000000008d000000| PB 0x000000008cf00000| Complete 
| 208|0x000000008d000000, 0x000000008d000000, 0x000000008d100000|  0%| F|  |TAMS 0x000000008d000000| PB 0x000000008d000000| Untracked 
| 209|0x000000008d100000, 0x000000008d100000, 0x000000008d200000|  0%| F|  |TAMS 0x000000008d100000| PB 0x000000008d100000| Untracked 
| 210|0x000000008d200000, 0x000000008d200000, 0x000000008d300000|  0%| F|  |TAMS 0x000000008d200000| PB 0x000000008d200000| Untracked 
| 211|0x000000008d300000, 0x000000008d400000, 0x000000008d400000|100%|HS|  |TAMS 0x000000008d400000| PB 0x000000008d300000| Complete 
| 212|0x000000008d400000, 0x000000008d400000, 0x000000008d500000|  0%| F|  |TAMS 0x000000008d400000| PB 0x000000008d400000| Untracked 
| 213|0x000000008d500000, 0x000000008d600000, 0x000000008d600000|100%|HS|  |TAMS 0x000000008d600000| PB 0x000000008d500000| Complete 
| 214|0x000000008d600000, 0x000000008d700000, 0x000000008d700000|100%|HS|  |TAMS 0x000000008d700000| PB 0x000000008d600000| Complete 
| 215|0x000000008d700000, 0x000000008d800000, 0x000000008d800000|100%|HS|  |TAMS 0x000000008d800000| PB 0x000000008d700000| Complete 
| 216|0x000000008d800000, 0x000000008d800000, 0x000000008d900000|  0%| F|  |TAMS 0x000000008d800000| PB 0x000000008d800000| Untracked 
| 217|0x000000008d900000, 0x000000008d900000, 0x000000008da00000|  0%| F|  |TAMS 0x000000008d900000| PB 0x000000008d900000| Untracked 
| 218|0x000000008da00000, 0x000000008da00000, 0x000000008db00000|  0%| F|  |TAMS 0x000000008da00000| PB 0x000000008da00000| Untracked 
| 219|0x000000008db00000, 0x000000008db00000, 0x000000008dc00000|  0%| F|  |TAMS 0x000000008db00000| PB 0x000000008db00000| Untracked 
| 220|0x000000008dc00000, 0x000000008dc00000, 0x000000008dd00000|  0%| F|  |TAMS 0x000000008dc00000| PB 0x000000008dc00000| Untracked 
| 221|0x000000008dd00000, 0x000000008dd00000, 0x000000008de00000|  0%| F|  |TAMS 0x000000008dd00000| PB 0x000000008dd00000| Untracked 
| 222|0x000000008de00000, 0x000000008de00000, 0x000000008df00000|  0%| F|  |TAMS 0x000000008de00000| PB 0x000000008de00000| Untracked 
| 223|0x000000008df00000, 0x000000008df00000, 0x000000008e000000|  0%| F|  |TAMS 0x000000008df00000| PB 0x000000008df00000| Untracked 
| 224|0x000000008e000000, 0x000000008e000000, 0x000000008e100000|  0%| F|  |TAMS 0x000000008e000000| PB 0x000000008e000000| Untracked 
| 225|0x000000008e100000, 0x000000008e100000, 0x000000008e200000|  0%| F|  |TAMS 0x000000008e100000| PB 0x000000008e100000| Untracked 
| 226|0x000000008e200000, 0x000000008e200000, 0x000000008e300000|  0%| F|  |TAMS 0x000000008e200000| PB 0x000000008e200000| Untracked 
| 227|0x000000008e300000, 0x000000008e300000, 0x000000008e400000|  0%| F|  |TAMS 0x000000008e300000| PB 0x000000008e300000| Untracked 
| 228|0x000000008e400000, 0x000000008e400000, 0x000000008e500000|  0%| F|  |TAMS 0x000000008e400000| PB 0x000000008e400000| Untracked 
| 229|0x000000008e500000, 0x000000008e500000, 0x000000008e600000|  0%| F|  |TAMS 0x000000008e500000| PB 0x000000008e500000| Untracked 
| 230|0x000000008e600000, 0x000000008e600000, 0x000000008e700000|  0%| F|  |TAMS 0x000000008e600000| PB 0x000000008e600000| Untracked 
| 231|0x000000008e700000, 0x000000008e700000, 0x000000008e800000|  0%| F|  |TAMS 0x000000008e700000| PB 0x000000008e700000| Untracked 
| 232|0x000000008e800000, 0x000000008e800000, 0x000000008e900000|  0%| F|  |TAMS 0x000000008e800000| PB 0x000000008e800000| Untracked 
| 233|0x000000008e900000, 0x000000008e900000, 0x000000008ea00000|  0%| F|  |TAMS 0x000000008e900000| PB 0x000000008e900000| Untracked 
| 234|0x000000008ea00000, 0x000000008ea00000, 0x000000008eb00000|  0%| F|  |TAMS 0x000000008ea00000| PB 0x000000008ea00000| Untracked 
| 235|0x000000008eb00000, 0x000000008eb00000, 0x000000008ec00000|  0%| F|  |TAMS 0x000000008eb00000| PB 0x000000008eb00000| Untracked 
| 236|0x000000008ec00000, 0x000000008ec00000, 0x000000008ed00000|  0%| F|  |TAMS 0x000000008ec00000| PB 0x000000008ec00000| Untracked 
| 237|0x000000008ed00000, 0x000000008ed00000, 0x000000008ee00000|  0%| F|  |TAMS 0x000000008ed00000| PB 0x000000008ed00000| Untracked 
| 238|0x000000008ee00000, 0x000000008ee00000, 0x000000008ef00000|  0%| F|  |TAMS 0x000000008ee00000| PB 0x000000008ee00000| Untracked 
| 239|0x000000008ef00000, 0x000000008ef00000, 0x000000008f000000|  0%| F|  |TAMS 0x000000008ef00000| PB 0x000000008ef00000| Untracked 
| 240|0x000000008f000000, 0x000000008f000000, 0x000000008f100000|  0%| F|  |TAMS 0x000000008f000000| PB 0x000000008f000000| Untracked 
| 241|0x000000008f100000, 0x000000008f100000, 0x000000008f200000|  0%| F|  |TAMS 0x000000008f100000| PB 0x000000008f100000| Untracked 
| 242|0x000000008f200000, 0x000000008f200000, 0x000000008f300000|  0%| F|  |TAMS 0x000000008f200000| PB 0x000000008f200000| Untracked 
| 243|0x000000008f300000, 0x000000008f300000, 0x000000008f400000|  0%| F|  |TAMS 0x000000008f300000| PB 0x000000008f300000| Untracked 
| 244|0x000000008f400000, 0x000000008f400000, 0x000000008f500000|  0%| F|  |TAMS 0x000000008f400000| PB 0x000000008f400000| Untracked 
| 245|0x000000008f500000, 0x000000008f500000, 0x000000008f600000|  0%| F|  |TAMS 0x000000008f500000| PB 0x000000008f500000| Untracked 
| 246|0x000000008f600000, 0x000000008f600000, 0x000000008f700000|  0%| F|  |TAMS 0x000000008f600000| PB 0x000000008f600000| Untracked 
| 247|0x000000008f700000, 0x000000008f700000, 0x000000008f800000|  0%| F|  |TAMS 0x000000008f700000| PB 0x000000008f700000| Untracked 
| 248|0x000000008f800000, 0x000000008f800000, 0x000000008f900000|  0%| F|  |TAMS 0x000000008f800000| PB 0x000000008f800000| Untracked 
| 249|0x000000008f900000, 0x000000008f900000, 0x000000008fa00000|  0%| F|  |TAMS 0x000000008f900000| PB 0x000000008f900000| Untracked 
| 250|0x000000008fa00000, 0x000000008fa00000, 0x000000008fb00000|  0%| F|  |TAMS 0x000000008fa00000| PB 0x000000008fa00000| Untracked 
| 251|0x000000008fb00000, 0x000000008fb00000, 0x000000008fc00000|  0%| F|  |TAMS 0x000000008fb00000| PB 0x000000008fb00000| Untracked 
| 252|0x000000008fc00000, 0x000000008fc00000, 0x000000008fd00000|  0%| F|  |TAMS 0x000000008fc00000| PB 0x000000008fc00000| Untracked 
| 253|0x000000008fd00000, 0x000000008fe00000, 0x000000008fe00000|100%| S|CS|TAMS 0x000000008fd00000| PB 0x000000008fd00000| Complete 
| 254|0x000000008fe00000, 0x000000008ff00000, 0x000000008ff00000|100%| S|CS|TAMS 0x000000008fe00000| PB 0x000000008fe00000| Complete 
| 255|0x000000008ff00000, 0x0000000090000000, 0x0000000090000000|100%| S|CS|TAMS 0x000000008ff00000| PB 0x000000008ff00000| Complete 
| 256|0x0000000090000000, 0x0000000090100000, 0x0000000090100000|100%| S|CS|TAMS 0x0000000090000000| PB 0x0000000090000000| Complete 
| 257|0x0000000090100000, 0x0000000090200000, 0x0000000090200000|100%| S|CS|TAMS 0x0000000090100000| PB 0x0000000090100000| Complete 
| 258|0x0000000090200000, 0x0000000090300000, 0x0000000090300000|100%| S|CS|TAMS 0x0000000090200000| PB 0x0000000090200000| Complete 
| 259|0x0000000090300000, 0x0000000090400000, 0x0000000090400000|100%| S|CS|TAMS 0x0000000090300000| PB 0x0000000090300000| Complete 
| 260|0x0000000090400000, 0x0000000090500000, 0x0000000090500000|100%| S|CS|TAMS 0x0000000090400000| PB 0x0000000090400000| Complete 
| 261|0x0000000090500000, 0x0000000090500000, 0x0000000090600000|  0%| F|  |TAMS 0x0000000090500000| PB 0x0000000090500000| Untracked 
| 262|0x0000000090600000, 0x0000000090600000, 0x0000000090700000|  0%| F|  |TAMS 0x0000000090600000| PB 0x0000000090600000| Untracked 
| 263|0x0000000090700000, 0x0000000090700000, 0x0000000090800000|  0%| F|  |TAMS 0x0000000090700000| PB 0x0000000090700000| Untracked 
| 264|0x0000000090800000, 0x0000000090800000, 0x0000000090900000|  0%| F|  |TAMS 0x0000000090800000| PB 0x0000000090800000| Untracked 
| 265|0x0000000090900000, 0x0000000090900000, 0x0000000090a00000|  0%| F|  |TAMS 0x0000000090900000| PB 0x0000000090900000| Untracked 
| 266|0x0000000090a00000, 0x0000000090a00000, 0x0000000090b00000|  0%| F|  |TAMS 0x0000000090a00000| PB 0x0000000090a00000| Untracked 
| 267|0x0000000090b00000, 0x0000000090b00000, 0x0000000090c00000|  0%| F|  |TAMS 0x0000000090b00000| PB 0x0000000090b00000| Untracked 
| 268|0x0000000090c00000, 0x0000000090c00000, 0x0000000090d00000|  0%| F|  |TAMS 0x0000000090c00000| PB 0x0000000090c00000| Untracked 
| 269|0x0000000090d00000, 0x0000000090d00000, 0x0000000090e00000|  0%| F|  |TAMS 0x0000000090d00000| PB 0x0000000090d00000| Untracked 
| 270|0x0000000090e00000, 0x0000000090e00000, 0x0000000090f00000|  0%| F|  |TAMS 0x0000000090e00000| PB 0x0000000090e00000| Untracked 
| 271|0x0000000090f00000, 0x0000000090f00000, 0x0000000091000000|  0%| F|  |TAMS 0x0000000090f00000| PB 0x0000000090f00000| Untracked 
| 272|0x0000000091000000, 0x0000000091000000, 0x0000000091100000|  0%| F|  |TAMS 0x0000000091000000| PB 0x0000000091000000| Untracked 
| 273|0x0000000091100000, 0x0000000091100000, 0x0000000091200000|  0%| F|  |TAMS 0x0000000091100000| PB 0x0000000091100000| Untracked 
| 274|0x0000000091200000, 0x0000000091200000, 0x0000000091300000|  0%| F|  |TAMS 0x0000000091200000| PB 0x0000000091200000| Untracked 
| 275|0x0000000091300000, 0x0000000091300000, 0x0000000091400000|  0%| F|  |TAMS 0x0000000091300000| PB 0x0000000091300000| Untracked 
| 276|0x0000000091400000, 0x0000000091400000, 0x0000000091500000|  0%| F|  |TAMS 0x0000000091400000| PB 0x0000000091400000| Untracked 
| 277|0x0000000091500000, 0x0000000091500000, 0x0000000091600000|  0%| F|  |TAMS 0x0000000091500000| PB 0x0000000091500000| Untracked 
| 278|0x0000000091600000, 0x0000000091600000, 0x0000000091700000|  0%| F|  |TAMS 0x0000000091600000| PB 0x0000000091600000| Untracked 
| 279|0x0000000091700000, 0x0000000091700000, 0x0000000091800000|  0%| F|  |TAMS 0x0000000091700000| PB 0x0000000091700000| Untracked 
|1991|0x00000000fc700000, 0x00000000fc800000, 0x00000000fc800000|100%| O|  |TAMS 0x00000000fc800000| PB 0x00000000fc700000| Untracked 
|1992|0x00000000fc800000, 0x00000000fc900000, 0x00000000fc900000|100%| O|  |TAMS 0x00000000fc900000| PB 0x00000000fc800000| Untracked 
|1993|0x00000000fc900000, 0x00000000fca00000, 0x00000000fca00000|100%| O|  |TAMS 0x00000000fca00000| PB 0x00000000fc900000| Untracked 
|1994|0x00000000fca00000, 0x00000000fcb00000, 0x00000000fcb00000|100%| O|  |TAMS 0x00000000fcb00000| PB 0x00000000fca00000| Untracked 
|1995|0x00000000fcb00000, 0x00000000fcc00000, 0x00000000fcc00000|100%| O|  |TAMS 0x00000000fcc00000| PB 0x00000000fcb00000| Untracked 
|1996|0x00000000fcc00000, 0x00000000fcd00000, 0x00000000fcd00000|100%| O|  |TAMS 0x00000000fcd00000| PB 0x00000000fcc00000| Untracked 
|1997|0x00000000fcd00000, 0x00000000fce00000, 0x00000000fce00000|100%| O|  |TAMS 0x00000000fce00000| PB 0x00000000fcd00000| Untracked 
|1998|0x00000000fce00000, 0x00000000fcf00000, 0x00000000fcf00000|100%| O|  |TAMS 0x00000000fcf00000| PB 0x00000000fce00000| Untracked 
|1999|0x00000000fcf00000, 0x00000000fd000000, 0x00000000fd000000|100%| O|  |TAMS 0x00000000fd000000| PB 0x00000000fcf00000| Untracked 
|2000|0x00000000fd000000, 0x00000000fd100000, 0x00000000fd100000|100%| O|  |TAMS 0x00000000fd100000| PB 0x00000000fd000000| Untracked 
|2001|0x00000000fd100000, 0x00000000fd200000, 0x00000000fd200000|100%| O|  |TAMS 0x00000000fd200000| PB 0x00000000fd100000| Untracked 
|2002|0x00000000fd200000, 0x00000000fd300000, 0x00000000fd300000|100%| O|  |TAMS 0x00000000fd300000| PB 0x00000000fd200000| Untracked 
|2003|0x00000000fd300000, 0x00000000fd400000, 0x00000000fd400000|100%| O|  |TAMS 0x00000000fd400000| PB 0x00000000fd300000| Untracked 
|2004|0x00000000fd400000, 0x00000000fd500000, 0x00000000fd500000|100%| O|  |TAMS 0x00000000fd500000| PB 0x00000000fd400000| Untracked 
|2005|0x00000000fd500000, 0x00000000fd600000, 0x00000000fd600000|100%| O|  |TAMS 0x00000000fd600000| PB 0x00000000fd500000| Untracked 
|2006|0x00000000fd600000, 0x00000000fd700000, 0x00000000fd700000|100%| O|  |TAMS 0x00000000fd700000| PB 0x00000000fd600000| Untracked 
|2007|0x00000000fd700000, 0x00000000fd800000, 0x00000000fd800000|100%| O|  |TAMS 0x00000000fd800000| PB 0x00000000fd700000| Untracked 
|2008|0x00000000fd800000, 0x00000000fd900000, 0x00000000fd900000|100%| O|  |TAMS 0x00000000fd900000| PB 0x00000000fd800000| Untracked 
|2009|0x00000000fd900000, 0x00000000fda00000, 0x00000000fda00000|100%| O|  |TAMS 0x00000000fda00000| PB 0x00000000fd900000| Untracked 
|2010|0x00000000fda00000, 0x00000000fdb00000, 0x00000000fdb00000|100%| O|  |TAMS 0x00000000fdb00000| PB 0x00000000fda00000| Untracked 
|2011|0x00000000fdb00000, 0x00000000fdc00000, 0x00000000fdc00000|100%| O|  |TAMS 0x00000000fdc00000| PB 0x00000000fdb00000| Untracked 
|2012|0x00000000fdc00000, 0x00000000fdd00000, 0x00000000fdd00000|100%| O|  |TAMS 0x00000000fdd00000| PB 0x00000000fdc00000| Untracked 
|2013|0x00000000fdd00000, 0x00000000fde00000, 0x00000000fde00000|100%| O|  |TAMS 0x00000000fde00000| PB 0x00000000fdd00000| Untracked 
|2014|0x00000000fde00000, 0x00000000fdf00000, 0x00000000fdf00000|100%| O|  |TAMS 0x00000000fdf00000| PB 0x00000000fde00000| Untracked 
|2015|0x00000000fdf00000, 0x00000000fe000000, 0x00000000fe000000|100%| O|  |TAMS 0x00000000fe000000| PB 0x00000000fdf00000| Untracked 
|2016|0x00000000fe000000, 0x00000000fe100000, 0x00000000fe100000|100%| O|  |TAMS 0x00000000fe100000| PB 0x00000000fe000000| Untracked 
|2017|0x00000000fe100000, 0x00000000fe200000, 0x00000000fe200000|100%| O|  |TAMS 0x00000000fe200000| PB 0x00000000fe100000| Untracked 
|2018|0x00000000fe200000, 0x00000000fe300000, 0x00000000fe300000|100%| O|  |TAMS 0x00000000fe300000| PB 0x00000000fe200000| Untracked 
|2019|0x00000000fe300000, 0x00000000fe400000, 0x00000000fe400000|100%| O|  |TAMS 0x00000000fe400000| PB 0x00000000fe300000| Untracked 
|2020|0x00000000fe400000, 0x00000000fe500000, 0x00000000fe500000|100%| O|  |TAMS 0x00000000fe500000| PB 0x00000000fe400000| Untracked 
|2021|0x00000000fe500000, 0x00000000fe600000, 0x00000000fe600000|100%| O|  |TAMS 0x00000000fe600000| PB 0x00000000fe500000| Untracked 
|2022|0x00000000fe600000, 0x00000000fe700000, 0x00000000fe700000|100%| O|  |TAMS 0x00000000fe700000| PB 0x00000000fe600000| Untracked 
|2023|0x00000000fe700000, 0x00000000fe800000, 0x00000000fe800000|100%| O|  |TAMS 0x00000000fe800000| PB 0x00000000fe700000| Untracked 
|2024|0x00000000fe800000, 0x00000000fe900000, 0x00000000fe900000|100%| O|  |TAMS 0x00000000fe900000| PB 0x00000000fe800000| Untracked 
|2025|0x00000000fe900000, 0x00000000fea00000, 0x00000000fea00000|100%| O|  |TAMS 0x00000000fea00000| PB 0x00000000fe900000| Untracked 
|2026|0x00000000fea00000, 0x00000000feb00000, 0x00000000feb00000|100%| O|  |TAMS 0x00000000feb00000| PB 0x00000000fea00000| Untracked 
|2027|0x00000000feb00000, 0x00000000fec00000, 0x00000000fec00000|100%| O|  |TAMS 0x00000000fec00000| PB 0x00000000feb00000| Untracked 
|2028|0x00000000fec00000, 0x00000000fed00000, 0x00000000fed00000|100%| O|  |TAMS 0x00000000fed00000| PB 0x00000000fec00000| Untracked 
|2029|0x00000000fed00000, 0x00000000fee00000, 0x00000000fee00000|100%| O|  |TAMS 0x00000000fee00000| PB 0x00000000fed00000| Untracked 
|2030|0x00000000fee00000, 0x00000000fef00000, 0x00000000fef00000|100%| O|  |TAMS 0x00000000fef00000| PB 0x00000000fee00000| Untracked 
|2031|0x00000000fef00000, 0x00000000ff000000, 0x00000000ff000000|100%| O|  |TAMS 0x00000000ff000000| PB 0x00000000fef00000| Untracked 
|2032|0x00000000ff000000, 0x00000000ff000000, 0x00000000ff100000|  0%| F|  |TAMS 0x00000000ff000000| PB 0x00000000ff000000| Untracked 
|2033|0x00000000ff100000, 0x00000000ff100000, 0x00000000ff200000|  0%| F|  |TAMS 0x00000000ff100000| PB 0x00000000ff100000| Untracked 
|2034|0x00000000ff200000, 0x00000000ff200000, 0x00000000ff300000|  0%| F|  |TAMS 0x00000000ff200000| PB 0x00000000ff200000| Untracked 
|2035|0x00000000ff300000, 0x00000000ff400000, 0x00000000ff400000|100%| O|  |TAMS 0x00000000ff400000| PB 0x00000000ff300000| Untracked 
|2036|0x00000000ff400000, 0x00000000ff500000, 0x00000000ff500000|100%| O|  |TAMS 0x00000000ff500000| PB 0x00000000ff400000| Untracked 
|2037|0x00000000ff500000, 0x00000000ff500000, 0x00000000ff600000|  0%| F|  |TAMS 0x00000000ff500000| PB 0x00000000ff500000| Untracked 
|2038|0x00000000ff600000, 0x00000000ff600000, 0x00000000ff700000|  0%| F|  |TAMS 0x00000000ff600000| PB 0x00000000ff600000| Untracked 
|2039|0x00000000ff700000, 0x00000000ff700000, 0x00000000ff800000|  0%| F|  |TAMS 0x00000000ff700000| PB 0x00000000ff700000| Untracked 
|2040|0x00000000ff800000, 0x00000000ff800000, 0x00000000ff900000|  0%| F|  |TAMS 0x00000000ff800000| PB 0x00000000ff800000| Untracked 
|2041|0x00000000ff900000, 0x00000000ff900000, 0x00000000ffa00000|  0%| F|  |TAMS 0x00000000ff900000| PB 0x00000000ff900000| Untracked 
|2042|0x00000000ffa00000, 0x00000000ffa00000, 0x00000000ffb00000|  0%| F|  |TAMS 0x00000000ffa00000| PB 0x00000000ffa00000| Untracked 
|2043|0x00000000ffb00000, 0x00000000ffb00000, 0x00000000ffc00000|  0%| F|  |TAMS 0x00000000ffb00000| PB 0x00000000ffb00000| Untracked 
|2044|0x00000000ffc00000, 0x00000000ffc00000, 0x00000000ffd00000|  0%| F|  |TAMS 0x00000000ffc00000| PB 0x00000000ffc00000| Untracked 
|2045|0x00000000ffd00000, 0x00000000ffd00000, 0x00000000ffe00000|  0%| F|  |TAMS 0x00000000ffd00000| PB 0x00000000ffd00000| Untracked 
|2046|0x00000000ffe00000, 0x00000000fff00000, 0x00000000fff00000|100%| O|  |TAMS 0x00000000fff00000| PB 0x00000000ffe00000| Untracked 
|2047|0x00000000fff00000, 0x0000000100000000, 0x0000000100000000|100%| O|  |TAMS 0x0000000100000000| PB 0x00000000fff00000| Untracked 

Card table byte_map: [0x000002215d160000,0x000002215d560000] _byte_map_base: 0x000002215cd60000

Marking Bits: (CMBitMap*) 0x000002214a920550
 Bits: [0x000002215d560000, 0x000002215f560000)

Polling page: 0x000002214a090000

Metaspace:

Usage:
  Non-class:    103.68 MB used.
      Class:     16.68 MB used.
       Both:    120.36 MB used.

Virtual space:
  Non-class space:      128.00 MB reserved,     104.69 MB ( 82%) committed,  2 nodes.
      Class space:        1.00 GB reserved,      17.69 MB (  2%) committed,  1 nodes.
             Both:        1.12 GB reserved,     122.38 MB ( 11%) committed. 

Chunk freelists:
   Non-Class:  7.31 MB
       Class:  14.30 MB
        Both:  21.61 MB

MaxMetaspaceSize: unlimited
CompressedClassSpaceSize: 1.00 GB
Initial GC threshold: 21.00 MB
Current GC threshold: 198.75 MB
CDS: off
 - commit_granule_bytes: 65536.
 - commit_granule_words: 8192.
 - virtual_space_node_default_size: 8388608.
 - enlarge_chunks_in_place: 1.
 - use_allocation_guard: 0.


Internal statistics:

num_allocs_failed_limit: 9.
num_arena_births: 4110.
num_arena_deaths: 4.
num_vsnodes_births: 3.
num_vsnodes_deaths: 0.
num_space_committed: 1957.
num_space_uncommitted: 0.
num_chunks_returned_to_freelist: 14.
num_chunks_taken_from_freelist: 9286.
num_chunk_merges: 9.
num_chunk_splits: 6087.
num_chunks_enlarged: 3875.
num_inconsistent_stats: 0.

CodeHeap 'non-profiled nmethods': size=120000Kb used=9101Kb max_used=9101Kb free=110898Kb
 bounds [0x0000022155500000, 0x0000022155df0000, 0x000002215ca30000]
CodeHeap 'profiled nmethods': size=120000Kb used=24334Kb max_used=24657Kb free=95665Kb
 bounds [0x000002214da30000, 0x000002214f260000, 0x0000022154f60000]
CodeHeap 'non-nmethods': size=5760Kb used=2731Kb max_used=2815Kb free=3028Kb
 bounds [0x0000022154f60000, 0x0000022155230000, 0x0000022155500000]
CodeCache: size=245760Kb, used=36166Kb, max_used=36573Kb, free=209591Kb
 total_blobs=13912, nmethods=12903, adapters=913, full_count=0
Compilation: enabled, stopped_count=0, restarted_count=0

Compilation events (20 events):
Event: 14.087 Thread 0x000002216d0a7e50 15752       4       com.android.tools.r8.internal.RC::a (21 bytes)
Event: 14.087 Thread 0x000002216d0a70b0 15753       4       com.android.tools.r8.internal.ZL::put (55 bytes)
Event: 14.089 Thread 0x000002216d0a70b0 nmethod 15753 0x0000022155dd4310 code [0x0000022155dd44c0, 0x0000022155dd46b8]
Event: 14.089 Thread 0x000002216d0a7e50 nmethod 15752 0x0000022155dd4810 code [0x0000022155dd49c0, 0x0000022155dd4bf0]
Event: 14.089 Thread 0x000002216d0a70b0 15754       4       com.android.tools.r8.internal.dV::a (183 bytes)
Event: 14.089 Thread 0x000002216d0a7e50 15755       4       com.android.tools.r8.internal.TL::next (60 bytes)
Event: 14.090 Thread 0x000002216d0a7e50 nmethod 15755 0x0000022155dd4d10 code [0x0000022155dd4ea0, 0x0000022155dd5170]
Event: 14.090 Thread 0x000002216d0a7e50 15756       4       com.android.tools.r8.dex.n$$Lambda/0x00000001011a9d98::accept (12 bytes)
Event: 14.095 Thread 0x000002216d0a70b0 nmethod 15754 0x0000022155dd5290 code [0x0000022155dd54c0, 0x0000022155dd5d40]
Event: 14.103 Thread 0x000002216d0a7e50 nmethod 15756 0x0000022155dd6210 code [0x0000022155dd64e0, 0x0000022155dd74f8]
Event: 14.116 Thread 0x0000022162212ba0 15757       3       com.android.tools.r8.internal.oz::d (191 bytes)
Event: 14.117 Thread 0x0000022162212ba0 nmethod 15757 0x000002214db12f10 code [0x000002214db13160, 0x000002214db13d40]
Event: 14.127 Thread 0x000002216d0a70b0 15758       4       com.android.tools.r8.graph.E2::c (48 bytes)
Event: 14.127 Thread 0x000002216d0a7e50 15759       4       com.android.tools.r8.graph.K2::equals (37 bytes)
Event: 14.129 Thread 0x000002216d0a7e50 nmethod 15759 0x0000022155dd8010 code [0x0000022155dd81c0, 0x0000022155dd8428]
Event: 14.130 Thread 0x000002216d0a70b0 nmethod 15758 0x0000022155dd8690 code [0x0000022155dd8860, 0x0000022155dd8ba8]
Event: 14.192 Thread 0x000002216220ec00 nmethod 15739% 0x0000022155dd8f10 code [0x0000022155dd9640, 0x0000022155ddfe80]
Event: 14.192 Thread 0x000002216d0a70b0 15760 % !   4       com.android.tools.r8.dex.C::k @ 99 (2698 bytes)
Event: 14.195 Thread 0x0000022162212ba0 15761       3       com.android.tools.r8.internal.dV::d (195 bytes)
Event: 14.196 Thread 0x0000022162212ba0 nmethod 15761 0x000002214e426e10 code [0x000002214e427080, 0x000002214e427c40]

GC Heap History (20 events):
Event: 11.122 GC heap after
{Heap after GC invocations=39 (full 0):
 garbage-first heap   total 241664K, used 132750K [0x0000000080000000, 0x0000000100000000)
  region size 1024K, 9 young (9216K), 9 survivors (9216K)
 Metaspace       used 115121K, committed 117120K, reserved 1179648K
  class space    used 15977K, committed 16960K, reserved 1048576K
}
Event: 11.411 GC heap before
{Heap before GC invocations=40 (full 0):
 garbage-first heap   total 241664K, used 213646K [0x0000000080000000, 0x0000000100000000)
  region size 1024K, 89 young (91136K), 9 survivors (9216K)
 Metaspace       used 115311K, committed 117376K, reserved 1179648K
  class space    used 15981K, committed 16960K, reserved 1048576K
}
Event: 11.416 GC heap after
{Heap after GC invocations=41 (full 0):
 garbage-first heap   total 241664K, used 134757K [0x0000000080000000, 0x0000000100000000)
  region size 1024K, 5 young (5120K), 5 survivors (5120K)
 Metaspace       used 115311K, committed 117376K, reserved 1179648K
  class space    used 15981K, committed 16960K, reserved 1048576K
}
Event: 11.774 GC heap before
{Heap before GC invocations=41 (full 0):
 garbage-first heap   total 241664K, used 219749K [0x0000000080000000, 0x0000000100000000)
  region size 1024K, 88 young (90112K), 5 survivors (5120K)
 Metaspace       used 115968K, committed 118016K, reserved 1179648K
  class space    used 16097K, committed 17088K, reserved 1048576K
}
Event: 11.780 GC heap after
{Heap after GC invocations=42 (full 0):
 garbage-first heap   total 241664K, used 139220K [0x0000000080000000, 0x0000000100000000)
  region size 1024K, 11 young (11264K), 11 survivors (11264K)
 Metaspace       used 115968K, committed 118016K, reserved 1179648K
  class space    used 16097K, committed 17088K, reserved 1048576K
}
Event: 11.998 GC heap before
{Heap before GC invocations=42 (full 0):
 garbage-first heap   total 241664K, used 218068K [0x0000000080000000, 0x0000000100000000)
  region size 1024K, 89 young (91136K), 11 survivors (11264K)
 Metaspace       used 116022K, committed 118080K, reserved 1179648K
  class space    used 16099K, committed 17088K, reserved 1048576K
}
Event: 12.005 GC heap after
{Heap after GC invocations=43 (full 0):
 garbage-first heap   total 241664K, used 142078K [0x0000000080000000, 0x0000000100000000)
  region size 1024K, 6 young (6144K), 6 survivors (6144K)
 Metaspace       used 116022K, committed 118080K, reserved 1179648K
  class space    used 16099K, committed 17088K, reserved 1048576K
}
Event: 12.611 GC heap before
{Heap before GC invocations=44 (full 0):
 garbage-first heap   total 241664K, used 218878K [0x0000000080000000, 0x0000000100000000)
  region size 1024K, 82 young (83968K), 6 survivors (6144K)
 Metaspace       used 118942K, committed 121024K, reserved 1179648K
  class space    used 16449K, committed 17472K, reserved 1048576K
}
Event: 12.616 GC heap after
{Heap after GC invocations=45 (full 0):
 garbage-first heap   total 241664K, used 145862K [0x0000000080000000, 0x0000000100000000)
  region size 1024K, 10 young (10240K), 10 survivors (10240K)
 Metaspace       used 118942K, committed 121024K, reserved 1179648K
  class space    used 16449K, committed 17472K, reserved 1048576K
}
Event: 12.800 GC heap before
{Heap before GC invocations=45 (full 0):
 garbage-first heap   total 241664K, used 218566K [0x0000000080000000, 0x0000000100000000)
  region size 1024K, 82 young (83968K), 10 survivors (10240K)
 Metaspace       used 119018K, committed 121088K, reserved 1179648K
  class space    used 16457K, committed 17472K, reserved 1048576K
}
Event: 12.809 GC heap after
{Heap after GC invocations=46 (full 0):
 garbage-first heap   total 241664K, used 147193K [0x0000000080000000, 0x0000000100000000)
  region size 1024K, 6 young (6144K), 6 survivors (6144K)
 Metaspace       used 119018K, committed 121088K, reserved 1179648K
  class space    used 16457K, committed 17472K, reserved 1048576K
}
Event: 12.930 GC heap before
{Heap before GC invocations=46 (full 0):
 garbage-first heap   total 241664K, used 200441K [0x0000000080000000, 0x0000000100000000)
  region size 1024K, 59 young (60416K), 6 survivors (6144K)
 Metaspace       used 119068K, committed 121088K, reserved 1179648K
  class space    used 16465K, committed 17472K, reserved 1048576K
}
Event: 13.019 GC heap after
{Heap after GC invocations=47 (full 1):
 garbage-first heap   total 241664K, used 135268K [0x0000000080000000, 0x0000000100000000)
  region size 1024K, 0 young (0K), 0 survivors (0K)
 Metaspace       used 119068K, committed 121088K, reserved 1179648K
  class space    used 16465K, committed 17472K, reserved 1048576K
}
Event: 13.421 GC heap before
{Heap before GC invocations=47 (full 1):
 garbage-first heap   total 241664K, used 217188K [0x0000000080000000, 0x0000000100000000)
  region size 1024K, 81 young (82944K), 0 survivors (0K)
 Metaspace       used 119393K, committed 121472K, reserved 1179648K
  class space    used 16514K, committed 17536K, reserved 1048576K
}
Event: 13.425 GC heap after
{Heap after GC invocations=48 (full 1):
 garbage-first heap   total 241664K, used 140670K [0x0000000080000000, 0x0000000100000000)
  region size 1024K, 6 young (6144K), 6 survivors (6144K)
 Metaspace       used 119393K, committed 121472K, reserved 1179648K
  class space    used 16514K, committed 17536K, reserved 1048576K
}
Event: 13.788 GC heap before
{Heap before GC invocations=49 (full 1):
 garbage-first heap   total 288768K, used 275838K [0x0000000080000000, 0x0000000100000000)
  region size 1024K, 82 young (83968K), 6 survivors (6144K)
 Metaspace       used 122958K, committed 125056K, reserved 1179648K
  class space    used 17038K, committed 18048K, reserved 1048576K
}
Event: 13.796 GC heap after
{Heap after GC invocations=50 (full 1):
 garbage-first heap   total 311296K, used 205107K [0x0000000080000000, 0x0000000100000000)
  region size 1024K, 11 young (11264K), 11 survivors (11264K)
 Metaspace       used 122958K, committed 125056K, reserved 1179648K
  class space    used 17038K, committed 18048K, reserved 1048576K
}
Event: 14.137 GC heap before
{Heap before GC invocations=50 (full 1):
 garbage-first heap   total 311296K, used 305459K [0x0000000080000000, 0x0000000100000000)
  region size 1024K, 73 young (74752K), 11 survivors (11264K)
 Metaspace       used 123247K, committed 125312K, reserved 1179648K
  class space    used 17081K, committed 18112K, reserved 1048576K
}
Event: 14.158 GC heap after
{Heap after GC invocations=51 (full 1):
 garbage-first heap   total 345088K, used 244738K [0x0000000080000000, 0x0000000100000000)
  region size 1024K, 10 young (10240K), 10 survivors (10240K)
 Metaspace       used 123247K, committed 125312K, reserved 1179648K
  class space    used 17081K, committed 18112K, reserved 1048576K
}
Event: 14.296 GC heap before
{Heap before GC invocations=51 (full 1):
 garbage-first heap   total 345088K, used 265218K [0x0000000080000000, 0x0000000100000000)
  region size 1024K, 31 young (31744K), 10 survivors (10240K)
 Metaspace       used 123247K, committed 125312K, reserved 1179648K
  class space    used 17081K, committed 18112K, reserved 1048576K
}

Dll operation events (3 events):
Event: 0.007 Loaded shared library C:\Program Files\Android\Android Studio\jbr\bin\java.dll
Event: 0.012 Loaded shared library C:\Program Files\Android\Android Studio\jbr\bin\zip.dll
Event: 0.443 Loaded shared library C:\Program Files\Android\Android Studio\jbr\bin\verify.dll

Deoptimization events (20 events):
Event: 13.876 Thread 0x0000022172ac10c0 DEOPT PACKING pc=0x000002214ef73310 sp=0x000000d22fefd440
Event: 13.876 Thread 0x0000022172ac10c0 DEOPT UNPACKING pc=0x0000022154fb4b42 sp=0x000000d22fefc8f8 mode 0
Event: 13.877 Thread 0x0000022172ac10c0 DEOPT PACKING pc=0x000002214ef73310 sp=0x000000d22fefd440
Event: 13.877 Thread 0x0000022172ac10c0 DEOPT UNPACKING pc=0x0000022154fb4b42 sp=0x000000d22fefc8f8 mode 0
Event: 13.877 Thread 0x0000022172ac10c0 DEOPT PACKING pc=0x000002214ef73310 sp=0x000000d22fefd440
Event: 13.877 Thread 0x0000022172ac10c0 DEOPT UNPACKING pc=0x0000022154fb4b42 sp=0x000000d22fefc8f8 mode 0
Event: 13.878 Thread 0x0000022172ac10c0 DEOPT PACKING pc=0x000002214ef73310 sp=0x000000d22fefd440
Event: 13.878 Thread 0x0000022172ac10c0 DEOPT UNPACKING pc=0x0000022154fb4b42 sp=0x000000d22fefc8f8 mode 0
Event: 13.878 Thread 0x0000022172ac10c0 DEOPT PACKING pc=0x000002214ef73310 sp=0x000000d22fefd440
Event: 13.878 Thread 0x0000022172ac10c0 DEOPT UNPACKING pc=0x0000022154fb4b42 sp=0x000000d22fefc8f8 mode 0
Event: 13.878 Thread 0x0000022172ac10c0 DEOPT PACKING pc=0x000002214ef73310 sp=0x000000d22fefd440
Event: 13.878 Thread 0x0000022172ac10c0 DEOPT UNPACKING pc=0x0000022154fb4b42 sp=0x000000d22fefc8f8 mode 0
Event: 13.879 Thread 0x0000022172ac10c0 DEOPT PACKING pc=0x000002214ef73310 sp=0x000000d22fefd440
Event: 13.879 Thread 0x0000022172ac10c0 DEOPT UNPACKING pc=0x0000022154fb4b42 sp=0x000000d22fefc8f8 mode 0
Event: 13.879 Thread 0x0000022172ac10c0 DEOPT PACKING pc=0x000002214ef73310 sp=0x000000d22fefd440
Event: 13.879 Thread 0x0000022172ac10c0 DEOPT UNPACKING pc=0x0000022154fb4b42 sp=0x000000d22fefc8f8 mode 0
Event: 13.894 Thread 0x0000022172ac10c0 Uncommon trap: trap_request=0xffffff45 fr.pc=0x0000022155ca50d4 relative=0x0000000000000a14
Event: 13.894 Thread 0x0000022172ac10c0 Uncommon trap: reason=unstable_if action=reinterpret pc=0x0000022155ca50d4 method=com.android.tools.r8.dex.C.k()V @ 127 c2
Event: 13.894 Thread 0x0000022172ac10c0 DEOPT PACKING pc=0x0000022155ca50d4 sp=0x000000d22fefd8a0
Event: 13.894 Thread 0x0000022172ac10c0 DEOPT UNPACKING pc=0x0000022154fb43a2 sp=0x000000d22fefd850 mode 2

Classes loaded (20 events):
Event: 13.164 Loading class java/lang/Throwable$WrappedPrintWriter
Event: 13.164 Loading class java/lang/Throwable$PrintStreamOrWriter
Event: 13.164 Loading class java/lang/Throwable$PrintStreamOrWriter done
Event: 13.164 Loading class java/lang/Throwable$WrappedPrintWriter done
Event: 13.369 Loading class java/nio/file/FileTreeIterator
Event: 13.369 Loading class java/nio/file/FileTreeIterator done
Event: 13.455 Loading class sun/nio/fs/Globs
Event: 13.455 Loading class sun/nio/fs/Globs done
Event: 13.455 Loading class java/util/regex/Pattern$SliceU
Event: 13.455 Loading class java/util/regex/Pattern$SliceU done
Event: 13.455 Loading class sun/nio/fs/WindowsFileSystem$2
Event: 13.455 Loading class java/nio/file/PathMatcher
Event: 13.455 Loading class java/nio/file/PathMatcher done
Event: 13.455 Loading class sun/nio/fs/WindowsFileSystem$2 done
Event: 13.570 Loading class java/util/zip/ZipInputStream
Event: 13.570 Loading class java/util/zip/ZipInputStream done
Event: 13.616 Loading class java/io/UTFDataFormatException
Event: 13.616 Loading class java/io/UTFDataFormatException done
Event: 13.746 Loading class java/nio/BufferUnderflowException
Event: 13.747 Loading class java/nio/BufferUnderflowException done

Classes unloaded (2 events):
Event: 12.114 Thread 0x000002216214b710 Unloading class 0x00000001010a2000 'java/lang/invoke/LambdaForm$DMH+0x00000001010a2000'
Event: 12.114 Thread 0x000002216214b710 Unloading class 0x00000001010a1800 'java/lang/invoke/LambdaForm$DMH+0x00000001010a1800'

Classes redefined (0 events):
No events

Internal exceptions (20 events):
Event: 13.826 Thread 0x0000022172ac10c0 Exception <a 'sun/nio/fs/WindowsException'{0x00000000907fda90}> (0x00000000907fda90) 
thrown [s\src\hotspot\share\prims\jni.cpp, line 537]
Event: 13.826 Thread 0x0000022172ac10c0 Exception <a 'sun/nio/fs/WindowsException'{0x0000000090603340}> (0x0000000090603340) 
thrown [s\src\hotspot\share\prims\jni.cpp, line 537]
Event: 13.826 Thread 0x0000022172ac10c0 Exception <a 'sun/nio/fs/WindowsException'{0x00000000906087c8}> (0x00000000906087c8) 
thrown [s\src\hotspot\share\prims\jni.cpp, line 537]
Event: 13.826 Thread 0x0000022172ac10c0 Exception <a 'sun/nio/fs/WindowsException'{0x000000009060dc68}> (0x000000009060dc68) 
thrown [s\src\hotspot\share\prims\jni.cpp, line 537]
Event: 13.826 Thread 0x0000022172ac10c0 Exception <a 'sun/nio/fs/WindowsException'{0x0000000090614790}> (0x0000000090614790) 
thrown [s\src\hotspot\share\prims\jni.cpp, line 537]
Event: 13.827 Thread 0x0000022172ac10c0 Exception <a 'sun/nio/fs/WindowsException'{0x000000009061b010}> (0x000000009061b010) 
thrown [s\src\hotspot\share\prims\jni.cpp, line 537]
Event: 13.827 Thread 0x0000022172ac10c0 Exception <a 'sun/nio/fs/WindowsException'{0x0000000090620780}> (0x0000000090620780) 
thrown [s\src\hotspot\share\prims\jni.cpp, line 537]
Event: 13.827 Thread 0x0000022172ac10c0 Exception <a 'sun/nio/fs/WindowsException'{0x0000000090626850}> (0x0000000090626850) 
thrown [s\src\hotspot\share\prims\jni.cpp, line 537]
Event: 13.827 Thread 0x0000022172ac10c0 Exception <a 'sun/nio/fs/WindowsException'{0x000000009062cf58}> (0x000000009062cf58) 
thrown [s\src\hotspot\share\prims\jni.cpp, line 537]
Event: 13.828 Thread 0x0000022172ac10c0 Exception <a 'sun/nio/fs/WindowsException'{0x0000000090634040}> (0x0000000090634040) 
thrown [s\src\hotspot\share\prims\jni.cpp, line 537]
Event: 13.828 Thread 0x0000022172ac10c0 Exception <a 'sun/nio/fs/WindowsException'{0x000000009063abc8}> (0x000000009063abc8) 
thrown [s\src\hotspot\share\prims\jni.cpp, line 537]
Event: 13.828 Thread 0x0000022172ac10c0 Exception <a 'sun/nio/fs/WindowsException'{0x0000000090640b90}> (0x0000000090640b90) 
thrown [s\src\hotspot\share\prims\jni.cpp, line 537]
Event: 13.828 Thread 0x0000022172ac10c0 Exception <a 'sun/nio/fs/WindowsException'{0x0000000090647ff0}> (0x0000000090647ff0) 
thrown [s\src\hotspot\share\prims\jni.cpp, line 537]
Event: 13.829 Thread 0x0000022172ac10c0 Exception <a 'sun/nio/fs/WindowsException'{0x000000009064da88}> (0x000000009064da88) 
thrown [s\src\hotspot\share\prims\jni.cpp, line 537]
Event: 13.829 Thread 0x0000022172ac10c0 Exception <a 'sun/nio/fs/WindowsException'{0x000000009065daa8}> (0x000000009065daa8) 
thrown [s\src\hotspot\share\prims\jni.cpp, line 537]
Event: 13.829 Thread 0x0000022172ac10c0 Exception <a 'sun/nio/fs/WindowsException'{0x0000000090663188}> (0x0000000090663188) 
thrown [s\src\hotspot\share\prims\jni.cpp, line 537]
Event: 13.831 Thread 0x0000022172ac10c0 Exception <a 'sun/nio/fs/WindowsException'{0x0000000090670fb8}> (0x0000000090670fb8) 
thrown [s\src\hotspot\share\prims\jni.cpp, line 537]
Event: 13.832 Thread 0x0000022172ac10c0 Exception <a 'sun/nio/fs/WindowsException'{0x000000009067a908}> (0x000000009067a908) 
thrown [s\src\hotspot\share\prims\jni.cpp, line 537]
Event: 13.832 Thread 0x0000022172ac10c0 Exception <a 'sun/nio/fs/WindowsException'{0x0000000090681398}> (0x0000000090681398) 
thrown [s\src\hotspot\share\prims\jni.cpp, line 537]
Event: 13.836 Thread 0x0000022172ac10c0 Exception <a 'sun/nio/fs/WindowsException'{0x00000000906bbee8}> (0x00000000906bbee8) 
thrown [s\src\hotspot\share\prims\jni.cpp, line 537]

ZGC Phase Switch (0 events):
No events

VM Operations (20 events):
Event: 12.809 Executing safepoint VM operation: G1CollectForAllocation (G1 Evacuation Pause) done
Event: 12.930 Executing safepoint VM operation: G1CollectFull (System.gc())
Event: 13.019 Executing safepoint VM operation: G1CollectFull (System.gc()) done
Event: 13.421 Executing safepoint VM operation: G1CollectForAllocation (G1 Evacuation Pause)
Event: 13.425 Executing safepoint VM operation: G1CollectForAllocation (G1 Evacuation Pause) done
Event: 13.575 Executing safepoint VM operation: G1PauseRemark
Event: 13.580 Executing safepoint VM operation: G1PauseRemark done
Event: 13.598 Executing non-safepoint VM operation: HandshakeAllThreads (Deoptimize)
Event: 13.598 Executing non-safepoint VM operation: HandshakeAllThreads (Deoptimize) done
Event: 13.617 Executing safepoint VM operation: G1PauseCleanup
Event: 13.617 Executing safepoint VM operation: G1PauseCleanup done
Event: 13.626 Executing non-safepoint VM operation: HandshakeAllThreads (Deoptimize)
Event: 13.626 Executing non-safepoint VM operation: HandshakeAllThreads (Deoptimize) done
Event: 13.732 Executing non-safepoint VM operation: HandshakeAllThreads (Deoptimize)
Event: 13.733 Executing non-safepoint VM operation: HandshakeAllThreads (Deoptimize) done
Event: 13.788 Executing safepoint VM operation: G1CollectForAllocation (G1 Evacuation Pause)
Event: 13.796 Executing safepoint VM operation: G1CollectForAllocation (G1 Evacuation Pause) done
Event: 14.137 Executing safepoint VM operation: G1CollectForAllocation (G1 Evacuation Pause)
Event: 14.158 Executing safepoint VM operation: G1CollectForAllocation (G1 Evacuation Pause) done
Event: 14.296 Executing safepoint VM operation: G1TryInitiateConcMark (G1 Humongous Allocation)

Memory protections (0 events):
No events

Nmethod flushes (20 events):
Event: 13.579 Thread 0x000002216214b710 flushing  nmethod 0x000002214dc7dd10
Event: 13.579 Thread 0x000002216214b710 flushing  nmethod 0x000002214dcc4b90
Event: 13.579 Thread 0x000002216214b710 flushing  nmethod 0x000002214dcc5690
Event: 13.579 Thread 0x000002216214b710 flushing  nmethod 0x000002214de49890
Event: 13.579 Thread 0x000002216214b710 flushing  nmethod 0x000002214e233a10
Event: 13.579 Thread 0x000002216214b710 flushing  nmethod 0x000002214e345c10
Event: 13.579 Thread 0x000002216214b710 flushing  nmethod 0x000002214e37fa10
Event: 13.579 Thread 0x000002216214b710 flushing  nmethod 0x000002214e413d90
Event: 13.579 Thread 0x000002216214b710 flushing  nmethod 0x000002214e414b10
Event: 13.579 Thread 0x000002216214b710 flushing  nmethod 0x000002214e4d3610
Event: 13.579 Thread 0x000002216214b710 flushing  nmethod 0x000002214e663290
Event: 13.579 Thread 0x000002216214b710 flushing  nmethod 0x000002214e664990
Event: 13.579 Thread 0x000002216214b710 flushing  nmethod 0x000002214e697c90
Event: 13.579 Thread 0x000002216214b710 flushing  nmethod 0x000002214e69bc90
Event: 13.579 Thread 0x000002216214b710 flushing  nmethod 0x000002214e958810
Event: 13.579 Thread 0x000002216214b710 flushing  nmethod 0x000002214f020c90
Event: 13.579 Thread 0x000002216214b710 flushing  nmethod 0x000002214f153c10
Event: 13.579 Thread 0x000002216214b710 flushing  nmethod 0x000002214f20f610
Event: 13.579 Thread 0x000002216214b710 flushing  nmethod 0x000002214f214710
Event: 13.579 Thread 0x000002216214b710 flushing  nmethod 0x000002214f216e10

Events (20 events):
Event: 11.931 Thread 0x000002216cd73110 Thread added: 0x00000221726767a0
Event: 11.931 Thread 0x000002216cd73110 Thread added: 0x0000022172677b50
Event: 11.932 Thread 0x000002216cd73110 Thread added: 0x0000022172679590
Event: 11.983 Thread 0x000002216cd73110 Thread added: 0x0000022172679c20
Event: 11.984 Thread 0x000002216cd73110 Thread added: 0x000002217267a2b0
Event: 11.984 Thread 0x000002216cd73110 Thread added: 0x000002217267ca10
Event: 11.984 Thread 0x000002216cd73110 Thread added: 0x00000221726781e0
Event: 11.984 Thread 0x000002216cd73110 Thread added: 0x000002217267c380
Event: 11.984 Thread 0x000002216cd73110 Thread added: 0x000002217267ddc0
Event: 11.985 Thread 0x000002216cd73110 Thread added: 0x0000022172678870
Event: 12.543 Thread 0x000002216cd73110 Thread added: 0x0000022172ac79c0
Event: 12.571 Thread 0x000002216c2f72f0 Thread added: 0x0000022172ac6ca0
Event: 12.572 Thread 0x000002216c2f72f0 Thread added: 0x0000022172ac0a30
Event: 13.146 Thread 0x000002216a8966f0 Thread exited: 0x000002216a8966f0
Event: 13.146 Thread 0x00000221625080a0 Thread exited: 0x00000221625080a0
Event: 13.194 Thread 0x0000022162212ba0 Thread added: 0x000002216d0a7e50
Event: 13.213 Thread 0x000002216220ec00 Thread added: 0x000002216d0a70b0
Event: 13.355 Thread 0x000002216cd737a0 Thread added: 0x0000022172ac10c0
Event: 13.441 Thread 0x0000022172ac79c0 Thread added: 0x0000022172ac3eb0
Event: 13.441 Thread 0x0000022172ac79c0 Thread added: 0x0000022172ac4bd0


Dynamic libraries:
0x00007ff7703b0000 - 0x00007ff7703ba000 	C:\Program Files\Android\Android Studio\jbr\bin\java.exe
0x00007ff9499d0000 - 0x00007ff949be8000 	C:\Windows\SYSTEM32\ntdll.dll
0x00007ff948dd0000 - 0x00007ff948e94000 	C:\Windows\System32\KERNEL32.DLL
0x00007ff946d20000 - 0x00007ff9470f3000 	C:\Windows\System32\KERNELBASE.dll
0x00007ff946ae0000 - 0x00007ff946bf1000 	C:\Windows\System32\ucrtbase.dll
0x00007ff93fed0000 - 0x00007ff93fee8000 	C:\Program Files\Android\Android Studio\jbr\bin\jli.dll
0x00007ff92d3e0000 - 0x00007ff92d3fb000 	C:\Program Files\Android\Android Studio\jbr\bin\VCRUNTIME140.dll
0x00007ff947da0000 - 0x00007ff947f52000 	C:\Windows\System32\USER32.dll
0x00007ff928fd0000 - 0x00007ff92926c000 	C:\Windows\WinSxS\amd64_microsoft.windows.common-controls_6595b64144ccf1df_6.0.22621.6060_none_2712eda17382d24b\COMCTL32.dll
0x00007ff947250000 - 0x00007ff947276000 	C:\Windows\System32\win32u.dll
0x00007ff9479c0000 - 0x00007ff9479e9000 	C:\Windows\System32\GDI32.dll
0x00007ff947850000 - 0x00007ff9478f7000 	C:\Windows\System32\msvcrt.dll
0x00007ff946c00000 - 0x00007ff946d1b000 	C:\Windows\System32\gdi32full.dll
0x00007ff9471b0000 - 0x00007ff94724a000 	C:\Windows\System32\msvcp_win.dll
0x00007ff949260000 - 0x00007ff949291000 	C:\Windows\System32\IMM32.DLL
0x00007ff937110000 - 0x00007ff93711c000 	C:\Program Files\Android\Android Studio\jbr\bin\vcruntime140_1.dll
0x00007ff9236f0000 - 0x00007ff92377d000 	C:\Program Files\Android\Android Studio\jbr\bin\msvcp140.dll
0x00007ff8cfa90000 - 0x00007ff8d0726000 	C:\Program Files\Android\Android Studio\jbr\bin\server\jvm.dll
0x00007ff947f60000 - 0x00007ff948011000 	C:\Windows\System32\ADVAPI32.dll
0x00007ff9498e0000 - 0x00007ff949988000 	C:\Windows\System32\sechost.dll
0x00007ff947180000 - 0x00007ff9471a8000 	C:\Windows\System32\bcrypt.dll
0x00007ff9479f0000 - 0x00007ff947b08000 	C:\Windows\System32\RPCRT4.dll
0x00007ff9492a0000 - 0x00007ff949311000 	C:\Windows\System32\WS2_32.dll
0x00007ff9469b0000 - 0x00007ff9469fd000 	C:\Windows\SYSTEM32\POWRPROF.dll
0x00007ff942bf0000 - 0x00007ff942c24000 	C:\Windows\SYSTEM32\WINMM.dll
0x00007ff9431e0000 - 0x00007ff9431ea000 	C:\Windows\SYSTEM32\VERSION.dll
0x00007ff946990000 - 0x00007ff9469a3000 	C:\Windows\SYSTEM32\UMPDC.dll
0x00007ff945ac0000 - 0x00007ff945ad8000 	C:\Windows\SYSTEM32\kernel.appcore.dll
0x00007ff92d860000 - 0x00007ff92d86a000 	C:\Program Files\Android\Android Studio\jbr\bin\jimage.dll
0x00007ff936cb0000 - 0x00007ff936ee3000 	C:\Windows\SYSTEM32\DBGHELP.DLL
0x00007ff948ec0000 - 0x00007ff949251000 	C:\Windows\System32\combase.dll
0x00007ff949320000 - 0x00007ff9493f8000 	C:\Windows\System32\OLEAUT32.dll
0x00007ff92d1e0000 - 0x00007ff92d212000 	C:\Windows\SYSTEM32\dbgcore.DLL
0x00007ff947100000 - 0x00007ff94717b000 	C:\Windows\System32\bcryptPrimitives.dll
0x00007ff943af0000 - 0x00007ff943afe000 	C:\Program Files\Android\Android Studio\jbr\bin\instrument.dll
0x00007ff92cce0000 - 0x00007ff92cd00000 	C:\Program Files\Android\Android Studio\jbr\bin\java.dll
0x00007ff92a780000 - 0x00007ff92a798000 	C:\Program Files\Android\Android Studio\jbr\bin\zip.dll
0x00007ff948530000 - 0x00007ff948dcc000 	C:\Windows\System32\SHELL32.dll
0x00007ff947340000 - 0x00007ff94747f000 	C:\Windows\System32\wintypes.dll
0x00007ff9449e0000 - 0x00007ff9452fa000 	C:\Windows\SYSTEM32\windows.storage.dll
0x00007ff947bc0000 - 0x00007ff947cc4000 	C:\Windows\System32\SHCORE.dll
0x00007ff947ce0000 - 0x00007ff947d49000 	C:\Windows\System32\shlwapi.dll
0x00007ff946a10000 - 0x00007ff946a35000 	C:\Windows\SYSTEM32\profapi.dll
0x00007ff92a770000 - 0x00007ff92a780000 	C:\Program Files\Android\Android Studio\jbr\bin\net.dll
0x00007ff942900000 - 0x00007ff942a2c000 	C:\Windows\SYSTEM32\WINHTTP.dll
0x00007ff945fa0000 - 0x00007ff946009000 	C:\Windows\system32\mswsock.dll
0x00007ff92a390000 - 0x00007ff92a3a6000 	C:\Program Files\Android\Android Studio\jbr\bin\nio.dll
0x00007ff92d400000 - 0x00007ff92d410000 	C:\Program Files\Android\Android Studio\jbr\bin\verify.dll
0x00007ff924c00000 - 0x00007ff924c27000 	C:\Users\Annu pc\.gradle\native\c067742578af261105cb4f569cf0c3c89f3d7b1fecec35dd04571415982c5e48\windows-amd64\native-platform.dll
0x00007ff914080000 - 0x00007ff9141c4000 	C:\Users\Annu pc\.gradle\native\38dada09dfb8b06ba9b0570ebf7e218e3eb74d4ef43ca46872605cf95ebc2f47\windows-amd64\native-platform-file-events.dll
0x00007ff929a70000 - 0x00007ff929a79000 	C:\Program Files\Android\Android Studio\jbr\bin\management.dll
0x00007ff9294a0000 - 0x00007ff9294ab000 	C:\Program Files\Android\Android Studio\jbr\bin\management_ext.dll
0x00007ff9477d0000 - 0x00007ff9477d8000 	C:\Windows\System32\PSAPI.DLL
0x00007ff9461f0000 - 0x00007ff94620b000 	C:\Windows\SYSTEM32\CRYPTSP.dll
0x00007ff945a20000 - 0x00007ff945a57000 	C:\Windows\system32\rsaenh.dll
0x00007ff946090000 - 0x00007ff9460b8000 	C:\Windows\SYSTEM32\USERENV.dll
0x00007ff946210000 - 0x00007ff94621c000 	C:\Windows\SYSTEM32\CRYPTBASE.dll
0x00007ff945560000 - 0x00007ff94558d000 	C:\Windows\SYSTEM32\IPHLPAPI.DLL
0x00007ff9479b0000 - 0x00007ff9479b9000 	C:\Windows\System32\NSI.dll
0x00007ff929a80000 - 0x00007ff929a89000 	C:\Program Files\Android\Android Studio\jbr\bin\extnet.dll
0x00007ff92a380000 - 0x00007ff92a388000 	C:\Windows\system32\wshunix.dll
0x00007ff933de0000 - 0x00007ff933df7000 	C:\Windows\system32\napinsp.dll
0x00007ff933dc0000 - 0x00007ff933ddb000 	C:\Windows\system32\pnrpnsp.dll
0x00007ff945590000 - 0x00007ff945688000 	C:\Windows\SYSTEM32\DNSAPI.dll
0x00007ff933da0000 - 0x00007ff933db1000 	C:\Windows\System32\winrnr.dll
0x00007ff926490000 - 0x00007ff9264a5000 	C:\Windows\system32\wshbth.dll
0x00007ff933d70000 - 0x00007ff933d91000 	C:\Windows\system32\nlansp_c.dll
0x00007ff93cfb0000 - 0x00007ff93cfba000 	C:\Windows\System32\rasadhlp.dll
0x00007ff9402b0000 - 0x00007ff940334000 	C:\Windows\System32\fwpuclnt.dll

JVMTI agents:
C:\Users\Annu pc\.gradle\wrapper\dists\gradle-8.7-bin\bhs2wmbdwecv87pi65oeuq5iu\gradle-8.7\lib\agents\gradle-instrumentation-agent-8.7.jar path:C:\Program Files\Android\Android Studio\jbr\bin\instrument.dll, loaded, initialized, instrumentlib options:none

dbghelp: loaded successfully - version: 4.0.5 - missing functions: none
symbol engine: initialized successfully - sym options: 0x614 - pdb path: .;C:\Program Files\Android\Android Studio\jbr\bin;C:\Windows\SYSTEM32;C:\Windows\WinSxS\amd64_microsoft.windows.common-controls_6595b64144ccf1df_6.0.22621.6060_none_2712eda17382d24b;C:\Program Files\Android\Android Studio\jbr\bin\server;C:\Users\Annu pc\.gradle\native\c067742578af261105cb4f569cf0c3c89f3d7b1fecec35dd04571415982c5e48\windows-amd64;C:\Users\Annu pc\.gradle\native\38dada09dfb8b06ba9b0570ebf7e218e3eb74d4ef43ca46872605cf95ebc2f47\windows-amd64

VM Arguments:
jvm_args: --add-opens=java.base/java.util=ALL-UNNAMED --add-opens=java.base/java.lang=ALL-UNNAMED --add-opens=java.base/java.lang.invoke=ALL-UNNAMED --add-opens=java.prefs/java.util.prefs=ALL-UNNAMED --add-opens=java.base/java.nio.charset=ALL-UNNAMED --add-opens=java.base/java.net=ALL-UNNAMED --add-opens=java.base/java.util.concurrent.atomic=ALL-UNNAMED -Xmx2048m -Dfile.encoding=UTF-8 -Duser.country=US -Duser.language=en -Duser.variant -javaagent:C:\Users\Annu pc\.gradle\wrapper\dists\gradle-8.7-bin\bhs2wmbdwecv87pi65oeuq5iu\gradle-8.7\lib\agents\gradle-instrumentation-agent-8.7.jar 
java_command: org.gradle.launcher.daemon.bootstrap.GradleDaemon 8.7
java_class_path (initial): C:\Users\Annu pc\.gradle\wrapper\dists\gradle-8.7-bin\bhs2wmbdwecv87pi65oeuq5iu\gradle-8.7\lib\gradle-launcher-8.7.jar
Launcher Type: SUN_STANDARD

[Global flags]
     intx CICompilerCount                          = 4                                         {product} {ergonomic}
     uint ConcGCThreads                            = 2                                         {product} {ergonomic}
     uint G1ConcRefinementThreads                  = 8                                         {product} {ergonomic}
   size_t G1HeapRegionSize                         = 1048576                                   {product} {ergonomic}
    uintx GCDrainStackTargetSize                   = 64                                        {product} {ergonomic}
   size_t InitialHeapSize                          = 268435456                                 {product} {ergonomic}
   size_t MarkStackSize                            = 4194304                                   {product} {ergonomic}
   size_t MaxHeapSize                              = 2147483648                                {product} {command line}
   size_t MaxNewSize                               = 1287651328                                {product} {ergonomic}
   size_t MinHeapDeltaBytes                        = 1048576                                   {product} {ergonomic}
   size_t MinHeapSize                              = 8388608                                   {product} {ergonomic}
    uintx NonNMethodCodeHeapSize                   = 5839372                                {pd product} {ergonomic}
    uintx NonProfiledCodeHeapSize                  = 122909434                              {pd product} {ergonomic}
    uintx ProfiledCodeHeapSize                     = 122909434                              {pd product} {ergonomic}
    uintx ReservedCodeCacheSize                    = 251658240                              {pd product} {ergonomic}
     bool SegmentedCodeCache                       = true                                      {product} {ergonomic}
   size_t SoftMaxHeapSize                          = 2147483648                             {manageable} {ergonomic}
     bool UseCompressedOops                        = true                           {product lp64_product} {ergonomic}
     bool UseG1GC                                  = true                                      {product} {ergonomic}
     bool UseLargePagesIndividualAllocation        = false                                  {pd product} {ergonomic}

Logging:
Log output configuration:
 #0: stdout all=warning uptime,level,tags foldmultilines=false
 #1: stderr all=off uptime,level,tags foldmultilines=false

Release file:
JAVA_VERSION="21.0.10" 
MODULES="java.base java.compiler java.datatransfer java.xml java.prefs java.desktop java.instrument java.logging java.management java.security.sasl java.naming java.rmi java.management.rmi java.net.http java.scripting java.security.jgss java.transaction.xa java.sql java.sql.rowset java.xml.crypto java.se java.smartcardio jdk.accessibility jdk.internal.jvmstat jdk.attach jdk.charsets jdk.internal.opt jdk.zipfs jdk.compiler jdk.crypto.ec jdk.crypto.cryptoki jdk.dynalink jdk.hotspot.agent jdk.httpserver jdk.internal.ed jdk.internal.le jdk.internal.vm.ci jdk.jartool jdk.javadoc jdk.jcmd jdk.jdeps jdk.jdwp.agent jdk.jdi jdk.jfr jdk.jlink jdk.jsobject jdk.localedata jdk.management jdk.management.agent jdk.management.jfr jdk.naming.dns jdk.naming.rmi jdk.net jdk.sctp jdk.security.auth jdk.security.jgss jdk.unsupported jdk.unsupported.desktop jdk.xml.dom" 
IMPLEMENTOR="JetBrains s.r.o." 
JAVA_RUNTIME_VERSION="21.0.10+-14961533-b1163.108" 
LIBC="default" 
OS_ARCH="x86_64" 
OS_NAME="Windows" 
SOURCE=".:git:1351622c2ff2" 

Environment Variables:
JAVA_HOME=C:\Program Files\Eclipse Adoptium\jdk-17.0.18.8-hotspot
PATH=C:\Program Files\Eclipse Adoptium\jdk-17.0.18.8-hotspot\bin;C:\Program Files\Eclipse Adoptium\jdk-25.0.2.10-hotspot\bin;C:\Program Files\Common Files\Oracle\Java\javapath;C:\Windows\system32;C:\Windows;C:\Windows\System32\Wbem;C:\Windows\System32\WindowsPowerShell\v1.0\;C:\Windows\System32\OpenSSH\;C:\Program Files\Git\cmd;C:\bazel\;C:\Users\Annu pc\AppData\Local\Microsoft\WindowsApps;C:\ProgramData\Annu pc\GitHubDesktop\bin
USERNAME=Annu pc
OS=Windows_NT
PROCESSOR_IDENTIFIER=Intel64 Family 6 Model 94 Stepping 3, GenuineIntel
TMP=C:\Users\ANNUPC~1\AppData\Local\Temp
TEMP=C:\Users\ANNUPC~1\AppData\Local\Temp




Periodic native trim disabled

JNI global refs:
JNI global refs: 28, weak refs: 0

JNI global refs memory usage: 835, weak refs: 833

Process memory usage:
Resident Set Size: 689044K (4% of 16692172K total physical memory with 2602344K free physical memory)

OOME stack traces (most recent first):
Classloader memory used:
Loader org.gradle.internal.classloader.VisitableURLClassLoader                         : 42778K
Loader org.gradle.internal.classloader.VisitableURLClassLoader$InstrumentingVisitableURLClassLoader: 37014K
Loader bootstrap                                                                       : 30155K
Loader org.gradle.initialization.MixInLegacyTypesClassLoader                           : 11687K
Loader jdk.internal.loader.ClassLoaders$PlatformClassLoader                            : 517K
Loader jdk.internal.reflect.DelegatingClassLoader                                      : 370K
Loader org.gradle.internal.classloader.VisitableURLClassLoader                         : 324K
Loader jdk.internal.loader.ClassLoaders$AppClassLoader                                 : 230K
Loader org.gradle.groovy.scripts.internal.DefaultScriptCompilationHandler$ScriptClassLoader: 138K
Loader org.codehaus.groovy.runtime.callsite.CallSiteClassLoader                        : 27488B
Loader sun.reflect.misc.MethodUtil                                                     : 2984B

Classes loaded by more than one classloader:
Class Program                                                                         : loaded 5 times (x 72B)
Class Build_gradle                                                                    : loaded 3 times (x 130B)
Class Build_gradle$1                                                                  : loaded 3 times (x 74B)
Class com.google.common.collect.RegularImmutableMap$KeySet                            : loaded 2 times (x 150B)
Class org.gradle.internal.classloader.FilteringClassLoader                            : loaded 2 times (x 105B)
Class com.google.common.io.FileWriteMode                                              : loaded 2 times (x 79B)
Class [Lcom.google.common.base.AbstractIterator$State;                                : loaded 2 times (x 69B)
Class com.google.common.base.CharMatcher$IsEither                                     : loaded 2 times (x 111B)
Class org.gradle.internal.classloader.ClassLoaderHierarchy                            : loaded 2 times (x 70B)
Class com.google.common.collect.AbstractMapBasedMultimap$WrappedCollection            : loaded 2 times (x 124B)
Class com.google.common.collect.ImmutableEnumSet                                      : loaded 2 times (x 146B)
Class com.google.common.util.concurrent.ExecutionError                                : loaded 2 times (x 82B)
Class com.google.common.collect.ImmutableList$1                                       : loaded 2 times (x 97B)
Class org.gradle.api.internal.classpath.ManifestUtil                                  : loaded 2 times (x 71B)
Class com.google.common.collect.RegularImmutableMap                                   : loaded 2 times (x 121B)
Class com.google.common.collect.ImmutableMap$MapViewOfValuesAsSingletonSets           : loaded 2 times (x 125B)
Class [Lorg.objectweb.asm.Symbol;                                                     : loaded 2 times (x 69B)
Class org.objectweb.asm.ClassVisitor                                                  : loaded 2 times (x 88B)
Class com.google.common.collect.UnmodifiableListIterator                              : loaded 2 times (x 95B)
Class org.objectweb.asm.MethodTooLargeException                                       : loaded 2 times (x 83B)
Class [Lcom.google.common.cache.CacheBuilder$OneWeigher;                              : loaded 2 times (x 69B)
Class com.google.common.base.Suppliers                                                : loaded 2 times (x 71B)
Class com.google.common.base.Platform$JdkPatternCompiler                              : loaded 2 times (x 75B)
Class ijKotlinCoroutineJvmDebugInit1_ciq78omtnbp7b0q0n1n5pintz                        : loaded 2 times (x 179B)
Class org.gradle.internal.classloader.DefaultClassLoaderFactory                       : loaded 2 times (x 82B)
Class com.google.common.base.CharMatcher$None                                         : loaded 2 times (x 112B)
Class org.gradle.internal.classloader.ClassLoaderVisitor                              : loaded 2 times (x 76B)
Class [Lcom.google.common.collect.ImmutableMapEntry;                                  : loaded 2 times (x 69B)
Class org.gradle.api.internal.classpath.EffectiveClassPath                            : loaded 2 times (x 90B)
Class [Lorg.apache.commons.io.StandardLineSeparator;                                  : loaded 2 times (x 69B)
Class org.apache.commons.io.output.StringBuilderWriter                                : loaded 2 times (x 100B)
Class com.google.common.collect.ImmutableEnumMap                                      : loaded 2 times (x 125B)
Class com.google.common.collect.ListMultimap                                          : loaded 2 times (x 70B)
Class com.google.common.collect.Sets$1                                                : loaded 2 times (x 139B)
Class org.objectweb.asm.AnnotationVisitor                                             : loaded 2 times (x 78B)
Class com.google.common.base.Splitter                                                 : loaded 2 times (x 72B)
Class org.gradle.api.internal.DefaultClassPathProvider                                : loaded 2 times (x 76B)
Class com.google.common.collect.Maps$ViewCachingAbstractMap                           : loaded 2 times (x 125B)
Class com.google.common.collect.Sets$2                                                : loaded 2 times (x 139B)
Class [Lorg.gradle.api.internal.ClassPathProvider;                                    : loaded 2 times (x 69B)
Class org.gradle.api.internal.ClassPathProvider                                       : loaded 2 times (x 70B)
Class [Lorg.objectweb.asm.AnnotationVisitor;                                          : loaded 2 times (x 69B)
Class com.google.common.collect.Sets$3                                                : loaded 2 times (x 139B)
Class com.google.common.util.concurrent.AbstractFuture$SafeAtomicHelper               : loaded 2 times (x 79B)
Class com.google.common.cache.LocalCache$LocalLoadingCache                            : loaded 2 times (x 134B)
Class com.google.common.base.AbstractIterator$State                                   : loaded 2 times (x 79B)
Class org.gradle.internal.service.UnknownServiceException                             : loaded 2 times (x 83B)
Class com.google.common.collect.Sets$4                                                : loaded 2 times (x 139B)
Class org.objectweb.asm.ModuleVisitor                                                 : loaded 2 times (x 81B)
Class com.google.common.cache.LocalCache$Strength$1                                   : loaded 2 times (x 81B)
Class com.google.common.util.concurrent.SettableFuture                                : loaded 2 times (x 114B)
Class com.google.common.cache.LocalCache$Strength$2                                   : loaded 2 times (x 81B)
Class com.google.common.cache.LocalCache$Strength$3                                   : loaded 2 times (x 81B)
Class com.google.common.collect.MapDifference                                         : loaded 2 times (x 70B)
Class com.google.common.base.Splitter$1                                               : loaded 2 times (x 77B)
Class org.objectweb.asm.FieldWriter                                                   : loaded 2 times (x 78B)
Class com.google.common.cache.CacheBuilder$NullListener                               : loaded 2 times (x 82B)
Class org.gradle.internal.classpath.TransformedClassPath                              : loaded 2 times (x 96B)
Class com.google.common.collect.ImmutableListMultimap                                 : loaded 2 times (x 176B)
Class org.apache.commons.io.output.UnsynchronizedByteArrayOutputStream                : loaded 2 times (x 102B)
Class com.google.common.cache.CacheLoader$FunctionToCacheLoader                       : loaded 2 times (x 75B)
Class com.google.common.collect.Iterators$ArrayItr                                    : loaded 2 times (x 97B)
Class com.google.common.collect.ImmutableCollection$Builder                           : loaded 2 times (x 76B)
Class com.google.common.collect.EmptyImmutableListMultimap                            : loaded 2 times (x 176B)
Class com.google.common.collect.BaseImmutableMultimap                                 : loaded 2 times (x 123B)
Class org.apache.commons.io.output.ByteArrayOutputStream                              : loaded 2 times (x 102B)
Class com.google.common.base.Joiner                                                   : loaded 2 times (x 79B)
Class com.google.common.base.MoreObjects                                              : loaded 2 times (x 71B)
Class [Lorg.objectweb.asm.Type;                                                       : loaded 2 times (x 69B)
Class com.google.common.collect.Platform                                              : loaded 2 times (x 71B)
Class com.google.common.collect.UnmodifiableIterator                                  : loaded 2 times (x 80B)
Class ijKotlinCoroutineJvmDebugInit1_ciq78omtnbp7b0q0n1n5pintz$_run_closure1          : loaded 2 times (x 139B)
Class org.gradle.internal.service.ServiceLocator                                      : loaded 2 times (x 70B)
Class com.google.common.base.Ascii                                                    : loaded 2 times (x 71B)
Class com.google.common.collect.SingletonImmutableBiMap                               : loaded 2 times (x 143B)
Class com.google.common.cache.LocalCache$1                                            : loaded 2 times (x 89B)
Class com.google.common.collect.AbstractMapEntry                                      : loaded 2 times (x 81B)
Class com.google.common.collect.Sets$ImprovedAbstractSet                              : loaded 2 times (x 135B)
Class com.google.common.collect.ImmutableList$Builder                                 : loaded 2 times (x 77B)
Class com.google.common.cache.LocalCache$2                                            : loaded 2 times (x 142B)
Class com.google.common.collect.AbstractMultimap                                      : loaded 2 times (x 123B)
Class com.google.common.util.concurrent.AbstractFuture$UnsafeAtomicHelper$1           : loaded 2 times (x 76B)
Class com.google.common.collect.RegularImmutableAsList                                : loaded 2 times (x 216B)
Class com.google.common.base.Optional                                                 : loaded 2 times (x 80B)
Class com.google.common.util.concurrent.AbstractFuture$Trusted                        : loaded 2 times (x 70B)
Class com.google.common.collect.Iterators                                             : loaded 2 times (x 71B)
Class com.google.common.base.CharMatcher$RangesMatcher                                : loaded 2 times (x 112B)
Class com.google.common.io.ByteSink$AsCharSink                                        : loaded 2 times (x 80B)
Class com.google.common.util.concurrent.UncheckedExecutionException                   : loaded 2 times (x 82B)
Class com.google.common.collect.Lists$StringAsImmutableList                           : loaded 2 times (x 207B)
Class org.gradle.kotlin.dsl.VersionCatalogAccessorsKt                                 : loaded 2 times (x 71B)
Class com.google.common.base.CharMatcher$JavaLetterOrDigit                            : loaded 2 times (x 111B)
Class org.gradle.internal.InternalTransformer                                         : loaded 2 times (x 70B)
Class com.google.common.collect.AbstractMapBasedMultimap$KeySet$1                     : loaded 2 times (x 82B)
Class org.objectweb.asm.ClassWriter                                                   : loaded 2 times (x 106B)
Class com.google.common.cache.CacheLoader$UnsupportedLoadingOperationException        : loaded 2 times (x 82B)
Class com.google.common.base.CharMatcher$And                                          : loaded 2 times (x 112B)
Class org.gradle.internal.classloader.ClasspathUtil$1                                 : loaded 2 times (x 76B)
Class com.google.common.base.Objects                                                  : loaded 2 times (x 71B)
Class org.objectweb.asm.FieldVisitor                                                  : loaded 2 times (x 77B)
Class com.google.common.collect.IndexedImmutableSet                                   : loaded 2 times (x 150B)
Class com.google.common.collect.ImmutableMap$1                                        : loaded 2 times (x 81B)
Class com.google.common.collect.BiMap                                                 : loaded 2 times (x 70B)
Class ijJvmDebugger1_51wf4jmyj9l9djmvenywekqyn                                        : loaded 2 times (x 179B)
Class org.gradle.api.internal.classpath.DefaultModuleRegistry$DefaultModule           : loaded 2 times (x 86B)
Class com.google.common.primitives.Ints                                               : loaded 2 times (x 71B)
Class com.google.common.collect.AbstractIterator                                      : loaded 2 times (x 82B)
Class com.google.common.math.MathPreconditions                                        : loaded 2 times (x 71B)
Class com.google.common.collect.Multiset                                              : loaded 2 times (x 70B)
Class com.google.common.collect.ArrayListMultimapGwtSerializationDependencies         : loaded 2 times (x 172B)
Class com.google.common.collect.ObjectArrays                                          : loaded 2 times (x 71B)
Class com.google.common.base.Equivalence$Identity                                     : loaded 2 times (x 82B)
Class org.apache.commons.io.output.NullOutputStream                                   : loaded 2 times (x 85B)
Class com.google.common.collect.ImmutableMapEntrySet                                  : loaded 2 times (x 151B)
Class org.gradle.api.internal.classpath.Module                                        : loaded 2 times (x 70B)
Class com.google.common.cache.Weigher                                                 : loaded 2 times (x 70B)
Class org.gradle.api.internal.classpath.UnknownModuleException                        : loaded 2 times (x 82B)
Class org.gradle.cache.GlobalCache                                                    : loaded 2 times (x 70B)
Class com.google.common.base.Stopwatch                                                : loaded 2 times (x 72B)
Class com.google.common.cache.LocalCache$Strength                                     : loaded 2 times (x 81B)
Class com.google.common.cache.Cache                                                   : loaded 2 times (x 70B)
Class com.google.common.io.Files$2                                                    : loaded 2 times (x 76B)
Class com.google.common.io.AppendableWriter                                           : loaded 2 times (x 100B)
Class com.google.common.util.concurrent.AbstractFuture$Cancellation                   : loaded 2 times (x 72B)
Class com.google.common.collect.ImmutableMap$Builder                                  : loaded 2 times (x 82B)
Class com.google.common.base.NullnessCasts                                            : loaded 2 times (x 71B)
Class com.google.common.base.Present                                                  : loaded 2 times (x 81B)
Class com.google.common.cache.RemovalListener                                         : loaded 2 times (x 70B)
Class org.gradle.api.internal.DefaultClassPathRegistry                                : loaded 2 times (x 76B)
Class com.google.common.collect.ImmutableMultimap$Keys                                : loaded 2 times (x 166B)
Class com.google.common.primitives.IntsMethodsForWeb                                  : loaded 2 times (x 71B)
Class com.google.common.collect.Multimap                                              : loaded 2 times (x 70B)
Class org.gradle.api.internal.ClassPathRegistry                                       : loaded 2 times (x 70B)
Class org.gradle.internal.classpath.DefaultClassPath$ImmutableUniqueList              : loaded 2 times (x 199B)
Class com.google.common.base.ExtraObjectsMethodsForWeb                                : loaded 2 times (x 71B)
Class org.apache.commons.io.IOUtils                                                   : loaded 2 times (x 71B)
Class com.google.common.base.PairwiseEquivalence                                      : loaded 2 times (x 83B)
Class com.google.common.io.ByteSink                                                   : loaded 2 times (x 76B)
Class com.google.common.cache.CacheBuilder                                            : loaded 2 times (x 72B)
Class com.google.common.collect.SingletonImmutableList                                : loaded 2 times (x 207B)
Class Settings_gradle$1                                                               : loaded 2 times (x 75B)
Class org.gradle.internal.classpath.ClassPath                                         : loaded 2 times (x 70B)
Class org.gradle.api.UncheckedIOException                                             : loaded 2 times (x 82B)
Class com.google.common.io.Files$FileByteSource                                       : loaded 2 times (x 85B)
Class com.google.common.collect.ImmutableList$ReverseImmutableList                    : loaded 2 times (x 208B)
Class com.google.common.base.JdkPattern                                               : loaded 2 times (x 75B)
Class com.google.common.io.CharStreams$NullWriter                                     : loaded 2 times (x 99B)
Class org.objectweb.asm.SymbolTable$Entry                                             : loaded 2 times (x 74B)
Class com.google.common.util.concurrent.AbstractFuture$AtomicHelper                   : loaded 2 times (x 78B)
Class org.objectweb.asm.Edge                                                          : loaded 2 times (x 72B)
Class com.google.common.base.Suppliers$SupplierOfInstance                             : loaded 2 times (x 79B)
Class com.google.common.collect.Iterators$1                                           : loaded 2 times (x 81B)
Class com.google.common.cache.LocalCache$ComputingValueReference                      : loaded 2 times (x 96B)
Class com.google.common.collect.SingletonImmutableSet                                 : loaded 2 times (x 146B)
Class com.google.common.collect.ImmutableMap$IteratorBasedImmutableMap                : loaded 2 times (x 125B)
Class ijKotlinCoroutineJvmDebugInit1_ciq78omtnbp7b0q0n1n5pintz$_run_closure1$_closure2: loaded 2 times (x 139B)
Class com.google.common.cache.LocalCache$Segment                                      : loaded 2 times (x 154B)
Class [Lorg.objectweb.asm.SymbolTable$Entry;                                          : loaded 2 times (x 69B)
Class com.google.common.cache.CacheLoader                                             : loaded 2 times (x 74B)
Class com.google.common.collect.Iterators$4                                           : loaded 2 times (x 82B)
Class com.google.common.collect.ImmutableBiMap                                        : loaded 2 times (x 143B)
Class com.google.common.collect.AbstractListMultimap                                  : loaded 2 times (x 172B)
Class org.gradle.internal.installation.GradleInstallation$1                           : loaded 2 times (x 75B)
Class org.gradle.api.internal.classpath.ModuleRegistry                                : loaded 2 times (x 70B)
Class com.google.common.util.concurrent.internal.InternalFutureFailureAccess          : loaded 2 times (x 72B)
Class com.google.common.collect.Iterators$5                                           : loaded 2 times (x 82B)
Class com.google.common.collect.ImmutableSet$JdkBackedSetBuilderImpl                  : loaded 2 times (x 76B)
Class com.google.common.base.Splitter$SplittingIterator                               : loaded 2 times (x 84B)
Class com.google.common.io.Closer$SuppressingSuppressor                               : loaded 2 times (x 75B)
Class com.google.common.collect.ImmutableMultimap$Values                              : loaded 2 times (x 126B)
Class com.google.common.util.concurrent.AbstractFuture$UnsafeAtomicHelper             : loaded 2 times (x 78B)
Class com.google.common.cache.LocalCache$LocalManualCache$1                           : loaded 2 times (x 75B)
Class com.google.common.base.CharMatcher$ForPredicate                                 : loaded 2 times (x 112B)
Class com.google.common.collect.ImmutableCollection                                   : loaded 2 times (x 125B)
Class com.google.common.base.CharMatcher$AnyOf                                        : loaded 2 times (x 112B)
Class org.gradle.api.internal.classpath.DefaultModuleRegistry                         : loaded 2 times (x 86B)
Class com.google.common.util.concurrent.ListenableFuture                              : loaded 2 times (x 70B)
Class com.google.common.cache.ReferenceEntry                                          : loaded 2 times (x 70B)
Class com.google.common.collect.ImmutableSet$CachingAsList                            : loaded 2 times (x 147B)
Class com.google.common.base.Converter                                                : loaded 2 times (x 90B)
Class com.google.common.collect.Lists                                                 : loaded 2 times (x 71B)
Class com.google.common.base.CharMatcher$Any                                          : loaded 2 times (x 112B)
Class com.google.common.util.concurrent.AbstractFuture                                : loaded 2 times (x 106B)
Class com.google.common.base.FunctionalEquivalence                                    : loaded 2 times (x 83B)
Class com.google.common.collect.Iterators$9                                           : loaded 2 times (x 81B)
Class com.google.common.collect.AbstractMapBasedMultimap                              : loaded 2 times (x 139B)
Class com.google.common.collect.ImmutableAsList                                       : loaded 2 times (x 209B)
Class com.google.common.io.CharStreams                                                : loaded 2 times (x 71B)
Class com.google.common.collect.ImmutableMultiset                                     : loaded 2 times (x 163B)
Class org.objectweb.asm.RecordComponentVisitor                                        : loaded 2 times (x 77B)
Class com.google.common.cache.CacheLoader$SupplierToCacheLoader                       : loaded 2 times (x 75B)
Class com.google.common.collect.Maps$EntryTransformer                                 : loaded 2 times (x 70B)
Class org.gradle.internal.service.ServiceLookupException                              : loaded 2 times (x 82B)
Class [Lcom.google.common.cache.LocalCache$EntryFactory;                              : loaded 2 times (x 69B)
Class com.google.common.base.CharMatcher$JavaLetter                                   : loaded 2 times (x 111B)
Class org.gradle.internal.classloader.ClassLoaderFactory                              : loaded 2 times (x 70B)
Class com.google.common.cache.LocalCache$LocalManualCache                             : loaded 2 times (x 99B)
Class com.google.common.base.CharMatcher$IsNot                                        : loaded 2 times (x 111B)
Class com.google.common.base.CommonPattern                                            : loaded 2 times (x 74B)
Class org.gradle.internal.service.CachingServiceLocator                               : loaded 2 times (x 82B)
Class com.google.common.collect.AbstractMapBasedMultimap$KeySet                       : loaded 2 times (x 137B)
Class com.google.common.math.IntMath                                                  : loaded 2 times (x 71B)
Class com.google.common.collect.Iterators$10                                          : loaded 2 times (x 81B)
Class com.google.common.collect.ImmutableMapEntry                                     : loaded 2 times (x 85B)
Class com.google.common.base.CharMatcher$JavaDigit                                    : loaded 2 times (x 111B)
Class com.google.common.collect.ImmutableMultimap                                     : loaded 2 times (x 147B)
Class com.google.common.base.Equivalence                                              : loaded 2 times (x 82B)
Class com.google.common.collect.ImmutableMapEntry$NonTerminalImmutableMapEntry        : loaded 2 times (x 85B)
Class com.google.common.base.Function                                                 : loaded 2 times (x 70B)
Class org.apache.commons.io.output.AbstractByteArrayOutputStream                      : loaded 2 times (x 102B)
Class com.google.common.cache.CacheBuilder$OneWeigher                                 : loaded 2 times (x 82B)
Class com.google.common.collect.RegularImmutableList                                  : loaded 2 times (x 212B)
Class com.google.common.collect.ImmutableBiMapFauxverideShim                          : loaded 2 times (x 120B)
Class org.gradle.internal.classloader.ClasspathUtil                                   : loaded 2 times (x 71B)
Class com.google.common.base.Charsets                                                 : loaded 2 times (x 71B)
Class com.google.common.util.concurrent.Uninterruptibles                              : loaded 2 times (x 71B)
Class com.google.common.collect.Maps                                                  : loaded 2 times (x 71B)
Class com.google.common.base.CharMatcher$JavaUpperCase                                : loaded 2 times (x 111B)
Class org.gradle.api.specs.Spec                                                       : loaded 2 times (x 70B)
Class [Lcom.google.common.collect.ImmutableEntry;                                     : loaded 2 times (x 69B)
Class com.google.common.cache.LocalCache$LoadingValueReference                        : loaded 2 times (x 96B)
Class com.google.common.collect.AbstractIndexedListIterator                           : loaded 2 times (x 96B)
Class com.google.common.io.LineReader$1                                               : loaded 2 times (x 75B)
Class com.google.common.collect.CollectSpliterators                                   : loaded 2 times (x 71B)
Class com.google.common.collect.AbstractMapBasedMultimap$AsMap                        : loaded 2 times (x 128B)
Class com.google.common.base.Platform                                                 : loaded 2 times (x 71B)
Class com.google.common.collect.AbstractMapBasedMultimap$WrappedList                  : loaded 2 times (x 205B)
Class [Lorg.objectweb.asm.AnnotationWriter;                                           : loaded 2 times (x 69B)
Class com.google.common.primitives.Ints$IntConverter                                  : loaded 2 times (x 90B)
Class com.google.common.collect.Maps$8                                                : loaded 2 times (x 82B)
Class com.google.common.collect.Sets$SetView                                          : loaded 2 times (x 138B)
Class com.google.common.cache.LocalCache$StrongValueReference                         : loaded 2 times (x 90B)
Class com.google.common.util.concurrent.AbstractFuture$SynchronizedHelper             : loaded 2 times (x 78B)
Class com.google.common.base.CharMatcher$Invisible                                    : loaded 2 times (x 112B)
Class com.google.common.graph.SuccessorsFunction                                      : loaded 2 times (x 70B)
Class org.objectweb.asm.Type                                                          : loaded 2 times (x 72B)
Class org.gradle.internal.classloader.VisitableURLClassLoader$InstrumentingVisitableURLClassLoader: loaded 2 times (x 123B)
Class com.google.common.io.Files$FileByteSink                                         : loaded 2 times (x 77B)
Class org.objectweb.asm.ByteVector                                                    : loaded 2 times (x 79B)
Class [Lcom.google.common.cache.CacheBuilder$NullListener;                            : loaded 2 times (x 69B)
Class com.google.common.math.IntMath$1                                                : loaded 2 times (x 71B)
Class org.gradle.internal.classloader.VisitableURLClassLoader$Spec                    : loaded 2 times (x 74B)
Class org.gradle.internal.classpath.DefaultClassPath                                  : loaded 2 times (x 90B)
Class org.objectweb.asm.Symbol                                                        : loaded 2 times (x 73B)
Class com.google.common.base.AbstractIterator                                         : loaded 2 times (x 80B)
Class com.google.common.io.Closer                                                     : loaded 2 times (x 78B)
Class com.google.common.io.Java8Compatibility                                         : loaded 2 times (x 71B)
Class com.google.common.collect.RegularImmutableMap$Values                            : loaded 2 times (x 207B)
Class com.google.common.collect.ImmutableSet                                          : loaded 2 times (x 145B)
Class com.google.common.base.CharMatcher$BitSetMatcher                                : loaded 2 times (x 112B)
Class com.google.common.base.CharMatcher$Ascii                                        : loaded 2 times (x 112B)
Class ijJvmDebugger1_51wf4jmyj9l9djmvenywekqyn$_run_closure1                          : loaded 2 times (x 139B)
Class org.gradle.internal.classloader.ClassLoaderSpec                                 : loaded 2 times (x 71B)
Class org.objectweb.asm.AnnotationWriter                                              : loaded 2 times (x 79B)
Class com.google.common.cache.CacheStats                                              : loaded 2 times (x 71B)
Class com.google.common.io.Closer$Suppressor                                          : loaded 2 times (x 70B)
Class com.google.common.io.LineProcessor                                              : loaded 2 times (x 70B)
Class com.google.common.collect.ImmutableMultisetGwtSerializationDependencies         : loaded 2 times (x 125B)
Class org.objectweb.asm.RecordComponentWriter                                         : loaded 2 times (x 78B)
Class com.google.common.util.concurrent.AbstractFuture$Listener                       : loaded 2 times (x 72B)
Class com.google.common.base.CharMatcher$Or                                           : loaded 2 times (x 112B)
Class Settings_gradle$1$1                                                             : loaded 2 times (x 75B)
Class org.objectweb.asm.Attribute                                                     : loaded 2 times (x 77B)
Class com.google.common.base.Supplier                                                 : loaded 2 times (x 70B)
Class org.gradle.internal.classloader.VisitableURLClassLoader                         : loaded 2 times (x 117B)
Class com.google.common.util.concurrent.AbstractFuture$Waiter                         : loaded 2 times (x 72B)
Class Settings_gradle                                                                 : loaded 2 times (x 128B)
Class org.gradle.internal.Cast                                                        : loaded 2 times (x 71B)
Class org.gradle.api.Action                                                           : loaded 2 times (x 70B)
Class com.google.common.collect.Sets                                                  : loaded 2 times (x 71B)
Class org.objectweb.asm.Handler                                                       : loaded 2 times (x 72B)
Class com.google.common.base.Ticker                                                   : loaded 2 times (x 72B)
Class com.google.common.base.Strings                                                  : loaded 2 times (x 71B)
Class com.google.common.base.CharMatcher$FastMatcher                                  : loaded 2 times (x 111B)
Class org.gradle.internal.agents.InstrumentingClassLoader                             : loaded 2 times (x 70B)
Class [Lcom.google.common.cache.LocalCache$Segment;                                   : loaded 2 times (x 69B)
Class [Lcom.google.common.cache.LocalCache$Strength;                                  : loaded 2 times (x 69B)
Class com.google.common.cache.CacheBuilder$1                                          : loaded 2 times (x 85B)
Class com.google.common.collect.ImmutableMap                                          : loaded 2 times (x 120B)
Class com.google.common.base.Predicate                                                : loaded 2 times (x 70B)
Class ijJvmDebugger1_51wf4jmyj9l9djmvenywekqyn$_run_closure1$_closure2                : loaded 2 times (x 140B)
Class org.gradle.internal.classpath.DefaultClassPath$ImmutableUniqueList$Builder      : loaded 2 times (x 75B)
Class com.google.common.cache.LocalCache                                              : loaded 2 times (x 187B)
Class com.google.common.cache.CacheBuilder$2                                          : loaded 2 times (x 72B)
Class com.google.common.base.CharMatcher$NegatedFastMatcher                           : loaded 2 times (x 113B)
Class [Lcom.google.common.collect.AbstractMapEntry;                                   : loaded 2 times (x 69B)
Class com.google.common.collect.ImmutableEntry                                        : loaded 2 times (x 82B)
Class com.google.common.collect.ArrayListMultimap                                     : loaded 2 times (x 172B)
Class com.google.common.base.AbstractIterator$1                                       : loaded 2 times (x 71B)
Class com.google.common.base.CharMatcher$Digit                                        : loaded 2 times (x 112B)
Class org.gradle.api.GradleException                                                  : loaded 2 times (x 82B)
Class com.google.common.base.Suppliers$MemoizingSupplier                              : loaded 2 times (x 79B)
Class org.apache.commons.io.StandardLineSeparator                                     : loaded 2 times (x 79B)
Class com.google.common.collect.CollectPreconditions                                  : loaded 2 times (x 71B)
Class com.google.common.base.CharMatcher$JavaIsoControl                               : loaded 2 times (x 112B)
Class [Lcom.google.common.io.FileWriteMode;                                           : loaded 2 times (x 69B)
Class com.google.common.collect.SortedMapDifference                                   : loaded 2 times (x 70B)
Class com.google.common.base.CharMatcher$JavaLowerCase                                : loaded 2 times (x 111B)
Class com.google.common.io.Files                                                      : loaded 2 times (x 71B)
Class com.google.common.cache.LocalCache$EntryFactory                                 : loaded 2 times (x 83B)
Class com.google.common.cache.LocalCache$AbstractReferenceEntry                       : loaded 2 times (x 107B)
Class com.google.common.base.Splitter$1$1                                             : loaded 2 times (x 86B)
Class com.google.common.base.CharMatcher$Whitespace                                   : loaded 2 times (x 112B)
Class org.gradle.internal.IoActions                                                   : loaded 2 times (x 71B)
Class org.objectweb.asm.SymbolTable                                                   : loaded 2 times (x 72B)
Class com.google.common.cache.CacheLoader$InvalidCacheLoadException                   : loaded 2 times (x 82B)
Class com.google.common.collect.ImmutableSet$RegularSetBuilderImpl                    : loaded 2 times (x 77B)
Class com.google.common.base.CharMatcher$SingleWidth                                  : loaded 2 times (x 112B)
Class org.gradle.internal.classloader.SystemClassLoaderSpec                           : loaded 2 times (x 71B)
Class com.google.common.cache.LocalCache$StrongEntry                                  : loaded 2 times (x 108B)
Class com.google.common.util.concurrent.AbstractFuture$TrustedFuture                  : loaded 2 times (x 114B)
Class com.google.common.cache.LoadingCache                                            : loaded 2 times (x 70B)
Class com.google.common.base.Suppliers$NonSerializableMemoizingSupplier               : loaded 2 times (x 79B)
Class org.objectweb.asm.MethodWriter                                                  : loaded 2 times (x 106B)
Class [Lcom.google.common.cache.Weigher;                                              : loaded 2 times (x 69B)
Class com.google.common.collect.RegularImmutableMap$BucketOverflowException           : loaded 2 times (x 82B)
Class com.google.common.collect.ImmutableMultimap$1                                   : loaded 2 times (x 82B)
Class com.google.common.collect.AbstractMapBasedMultimap$RandomAccessWrappedList      : loaded 2 times (x 205B)
Class com.google.common.collect.ImmutableMultimap$2                                   : loaded 2 times (x 81B)
Class com.google.common.collect.RegularImmutableBiMap                                 : loaded 2 times (x 148B)
Class com.google.common.cache.LocalCache$ValueReference                               : loaded 2 times (x 70B)
Class com.google.common.base.CharMatcher$Negated                                      : loaded 2 times (x 113B)
Class com.google.common.base.CharMatcher$Is                                           : loaded 2 times (x 111B)
Class com.google.common.util.concurrent.AbstractFuture$Failure                        : loaded 2 times (x 72B)
Class com.google.common.base.Equivalence$Equals                                       : loaded 2 times (x 82B)
Class com.google.common.collect.Hashing                                               : loaded 2 times (x 71B)
Class com.google.common.base.PatternCompiler                                          : loaded 2 times (x 70B)
Class com.google.common.base.Preconditions                                            : loaded 2 times (x 71B)
Class com.google.common.io.CharSink                                                   : loaded 2 times (x 79B)
Class com.google.common.base.Joiner$1                                                 : loaded 2 times (x 80B)
Class org.objectweb.asm.Label                                                         : loaded 2 times (x 73B)
Class org.objectweb.asm.CurrentFrame                                                  : loaded 2 times (x 73B)
Class org.objectweb.asm.ClassTooLargeException                                        : loaded 2 times (x 83B)
Class com.google.common.collect.PeekingIterator                                       : loaded 2 times (x 70B)
Class com.google.common.base.CharMatcher                                              : loaded 2 times (x 111B)
Class com.google.common.collect.Maps$IteratorBasedAbstractMap                         : loaded 2 times (x 125B)
Class com.google.common.base.Joiner$2                                                 : loaded 2 times (x 79B)
Class org.objectweb.asm.Frame                                                         : loaded 2 times (x 73B)
Class org.objectweb.asm.MethodVisitor                                                 : loaded 2 times (x 105B)
Class com.google.common.cache.LocalCache$EntryFactory$1                               : loaded 2 times (x 83B)
Class [Lcom.google.common.cache.RemovalListener;                                      : loaded 2 times (x 69B)
Class com.google.common.base.CharMatcher$1                                            : loaded 2 times (x 113B)
Class com.google.common.base.CharMatcher$NamedFastMatcher                             : loaded 2 times (x 112B)
Class com.google.common.cache.LocalCache$EntryFactory$2                               : loaded 2 times (x 83B)
Class org.objectweb.asm.ModuleWriter                                                  : loaded 2 times (x 82B)
Class com.google.common.cache.LocalCache$EntryFactory$3                               : loaded 2 times (x 83B)
Class com.google.common.base.Ticker$1                                                 : loaded 2 times (x 72B)
Class com.google.common.collect.ImmutableMapEntrySet$RegularEntrySet                  : loaded 2 times (x 151B)
Class com.google.common.collect.Maps$BiMapConverter                                   : loaded 2 times (x 90B)
Class com.google.common.collect.CollectSpliterators$1                                 : loaded 2 times (x 90B)
Class com.google.common.cache.LocalCache$EntryFactory$4                               : loaded 2 times (x 83B)
Class com.google.common.collect.ImmutableSet$Builder                                  : loaded 2 times (x 85B)
Class com.google.common.base.CharMatcher$InRange                                      : loaded 2 times (x 111B)
Class com.google.common.cache.LocalCache$EntryFactory$5                               : loaded 2 times (x 83B)
Class com.google.common.io.LineReader                                                 : loaded 2 times (x 72B)
Class org.apache.commons.io.output.AppendableWriter                                   : loaded 2 times (x 100B)
Class com.google.common.cache.LocalCache$EntryFactory$6                               : loaded 2 times (x 83B)
Class org.gradle.internal.installation.CurrentGradleInstallationLocator               : loaded 2 times (x 71B)
Class com.google.common.collect.ImmutableMultimap$Builder                             : loaded 2 times (x 83B)
Class org.apache.commons.io.output.ThresholdingOutputStream                           : loaded 2 times (x 94B)
Class com.google.common.collect.Maps$KeySet                                           : loaded 2 times (x 137B)
Class com.google.common.cache.LocalCache$EntryFactory$7                               : loaded 2 times (x 83B)
Class com.google.common.collect.ImmutableSet$EmptySetBuilderImpl                      : loaded 2 times (x 76B)
Class com.google.common.collect.ImmutableList                                         : loaded 2 times (x 206B)
Class org.gradle.internal.service.DefaultServiceLocator                               : loaded 2 times (x 83B)
Class com.google.common.collect.ImmutableMultimap$EntryCollection                     : loaded 2 times (x 127B)
Class com.google.common.collect.Maps$EntrySet                                         : loaded 2 times (x 136B)
Class com.google.common.cache.LocalCache$EntryFactory$8                               : loaded 2 times (x 83B)
Class com.google.common.collect.ImmutableSet$SetBuilderImpl                           : loaded 2 times (x 76B)
Class org.gradle.internal.installation.CurrentGradleInstallation                      : loaded 2 times (x 73B)
Class com.google.common.cache.CacheLoader$1                                           : loaded 2 times (x 75B)
Class com.google.common.collect.ForwardingObject                                      : loaded 2 times (x 72B)
Class com.google.common.collect.ImmutableList$SubList                                 : loaded 2 times (x 208B)
Class org.gradle.util.internal.GUtil                                                  : loaded 2 times (x 71B)
Class com.google.common.io.ByteSource                                                 : loaded 2 times (x 84B)
Class com.google.common.util.concurrent.AbstractFuture$SetFuture                      : loaded 2 times (x 75B)
Class com.google.common.cache.AbstractCache$StatsCounter                              : loaded 2 times (x 70B)
Class com.google.common.io.LineBuffer                                                 : loaded 2 times (x 75B)
Class com.google.common.collect.Iterators$MergingIterator                             : loaded 2 times (x 81B)
Class com.google.common.collect.RegularImmutableSet                                   : loaded 2 times (x 148B)
Class org.gradle.internal.installation.GradleInstallation                             : loaded 2 times (x 75B)
Class com.google.common.collect.Iterables                                             : loaded 2 times (x 71B)
Class com.google.common.base.Splitter$Strategy                                        : loaded 2 times (x 70B)

---------------  S Y S T E M  ---------------

OS:
 Windows 11 , 64 bit Build 22621 (10.0.22621.5415)
OS uptime: 16 days 23:52 hours

CPU: total 8 (initial active 8) (4 cores per cpu, 2 threads per core) family 6 model 94 stepping 3 microcode 0xd6, cx8, cmov, fxsr, ht, mmx, 3dnowpref, sse, sse2, sse3, ssse3, sse4.1, sse4.2, popcnt, lzcnt, tsc, tscinvbit, avx, avx2, aes, erms, clmul, bmi1, bmi2, rtm, adx, fma, vzeroupper, clflush, clflushopt, rdtscp, f16c
Processor Information for the first 8 processors :
  Max Mhz: 3408, Current Mhz: 3408, Mhz Limit: 3408

Memory: 4k page, system-wide physical 16300M (2541M free)
TotalPageFile size 34940M (AvailPageFile size 146M)
current process WorkingSet (physical memory assigned to process): 672M, peak: 673M
current process commit charge ("private bytes"): 709M, peak: 1049M

vm_info: OpenJDK 64-Bit Server VM (21.0.10+-14961533-b1163.108) for windows-amd64 JRE (21.0.10+-14961533-b1163.108), built on 2026-03-02T19:58:50Z by "builder" with MS VC++ 16.10 / 16.11 (VS2019)

END.
