#
# There is insufficient memory for the Java Runtime Environment to continue.
# Native memory allocation (malloc) failed to allocate 1812464 bytes. Error detail: Chunk::new
# Possible reasons:
#   The system is out of physical RAM or swap space
#   This process is running with CompressedOops enabled, and the Java Heap may be blocking the growth of the native heap
# Possible solutions:
#   Reduce memory load on the system
#   Increase physical memory or swap space
#   Check if swap backing store is full
#   Decrease Java heap size (-Xmx/-Xms)
#   Decrease number of Java threads
#   Decrease Java thread stack sizes (-Xss)
#   Set larger code cache with -XX:ReservedCodeCacheSize=
#   JVM is running with Unscaled Compressed Oops mode in which the Java heap is
#     placed in the first 4GB address space. The Java Heap base address is the
#     maximum limit for the native heap growth. Please use -XX:HeapBaseMinAddress
#     to set the Java Heap base and to place the Java Heap above 4GB virtual address.
# This output file may be truncated or incomplete.
#
#  Out of Memory Error (arena.cpp:168), pid=15628, tid=3256
#
# JRE version: OpenJDK Runtime Environment (21.0.10) (build 21.0.10+-14961533-b1163.108)
# Java VM: OpenJDK 64-Bit Server VM (21.0.10+-14961533-b1163.108, mixed mode, tiered, compressed oops, compressed class ptrs, g1 gc, windows-amd64)
# No core dump will be written. Minidumps are not enabled by default on client versions of Windows
#

---------------  S U M M A R Y ------------

Command Line: --add-opens=java.base/java.util=ALL-UNNAMED --add-opens=java.base/java.lang=ALL-UNNAMED --add-opens=java.base/java.lang.invoke=ALL-UNNAMED --add-opens=java.prefs/java.util.prefs=ALL-UNNAMED --add-opens=java.base/java.nio.charset=ALL-UNNAMED --add-opens=java.base/java.net=ALL-UNNAMED --add-opens=java.base/java.util.concurrent.atomic=ALL-UNNAMED -Xmx2048m -Dfile.encoding=UTF-8 -Duser.country=US -Duser.language=en -Duser.variant -javaagent:C:\Users\Annu pc\.gradle\wrapper\dists\gradle-8.7-bin\bhs2wmbdwecv87pi65oeuq5iu\gradle-8.7\lib\agents\gradle-instrumentation-agent-8.7.jar org.gradle.launcher.daemon.bootstrap.GradleDaemon 8.7

Host: Intel(R) Core(TM) i7-6700 CPU @ 3.40GHz, 8 cores, 15G,  Windows 11 , 64 bit Build 22621 (10.0.22621.5415)
Time: Wed Jun 24 18:48:49 2026 India Standard Time elapsed time: 12.381416 seconds (0d 0h 0m 12s)

---------------  T H R E A D  ---------------

Current thread (0x000002871a984050):  JavaThread "C2 CompilerThread0" daemon [_thread_in_native, id=3256, stack(0x000000d43ba00000,0x000000d43bb00000) (1024K)]


Current CompileTask:
C2:12381 12178   !   4       java.lang.reflect.Executable::sharedToGenericString (255 bytes)

Stack: [0x000000d43ba00000,0x000000d43bb00000]
Native frames: (J=compiled Java code, j=interpreted, Vv=VM code, C=native code)
V  [jvm.dll+0x6d78a9]
V  [jvm.dll+0x8665b3]
V  [jvm.dll+0x868bde]
V  [jvm.dll+0x8692c3]
V  [jvm.dll+0x280ee6]
V  [jvm.dll+0xc07cd]
V  [jvm.dll+0xc0d03]
V  [jvm.dll+0x3ba0cb]
V  [jvm.dll+0x385df7]
V  [jvm.dll+0x38526a]
V  [jvm.dll+0x249bd2]
V  [jvm.dll+0x2491a1]
V  [jvm.dll+0x1c76e4]
V  [jvm.dll+0x25891e]
V  [jvm.dll+0x256e66]
V  [jvm.dll+0x3f513e]
V  [jvm.dll+0x80fd28]
V  [jvm.dll+0x6d60fd]
C  [ucrtbase.dll+0x29333]
C  [KERNEL32.DLL+0x1259d]
C  [ntdll.dll+0x5af78]


---------------  P R O C E S S  ---------------

Threads class SMR info:
_java_thread_list=0x00000287246a38d0, length=66, elements={
0x00000287031295d0, 0x000002871a92d890, 0x000002871a94c9b0, 0x000002871a94d8d0,
0x000002871a95a150, 0x000002871a95abb0, 0x000002871a96cf00, 0x000002871a975ae0,
0x000002871a984050, 0x000002871a984af0, 0x000002871f029f30, 0x000002871f043750,
0x0000028720d82450, 0x000002872125e180, 0x00000287205901f0, 0x0000028721b8c340,
0x0000028720fbf110, 0x000002872134a160, 0x000002872161f830, 0x000002872161fec0,
0x000002872161eb10, 0x0000028721620550, 0x0000028721621270, 0x000002872161ddf0,
0x000002872161e480, 0x000002872267d850, 0x000002872267b0f0, 0x0000028722677c70,
0x000002872267e570, 0x000002872267be10, 0x0000028722679020, 0x00000287226796b0,
0x000002872267cb30, 0x0000028722679d40, 0x000002872267aa60, 0x00000287226775e0,
0x000002872267ec00, 0x000002872267c4a0, 0x0000028724bfc6e0, 0x0000028724bf7190,
0x0000028724bf8bd0, 0x0000028724bfc050, 0x0000028724bfd400, 0x0000028724bfda90,
0x0000028724bf8540, 0x0000028724bf7eb0, 0x0000028724bf7820, 0x0000028724bfa610,
0x0000028724e9d680, 0x0000028724e9dd10, 0x0000028724ea1820, 0x0000028724e9fde0,
0x0000028724e9c2d0, 0x0000028724e9e3a0, 0x0000028724ea0b00, 0x0000028724ea0470,
0x0000028724ea1190, 0x0000028724ea1eb0, 0x0000028724e9af20, 0x0000028724e9cff0,
0x0000028724e9c960, 0x0000028724e9ea30, 0x00000287225ca520, 0x00000287225cf3e0,
0x00000287225c9800, 0x0000028726068b80
}

Java Threads: ( => current thread )
  0x00000287031295d0 JavaThread "main"                              [_thread_blocked, id=10008, stack(0x000000d43ab00000,0x000000d43ac00000) (1024K)]
  0x000002871a92d890 JavaThread "Common-Cleaner"             daemon [_thread_blocked, id=16460, stack(0x000000d43b300000,0x000000d43b400000) (1024K)]
  0x000002871a94c9b0 JavaThread "Reference Handler"          daemon [_thread_blocked, id=16212, stack(0x000000d43b400000,0x000000d43b500000) (1024K)]
  0x000002871a94d8d0 JavaThread "Finalizer"                  daemon [_thread_blocked, id=11092, stack(0x000000d43b500000,0x000000d43b600000) (1024K)]
  0x000002871a95a150 JavaThread "Signal Dispatcher"          daemon [_thread_blocked, id=6048, stack(0x000000d43b600000,0x000000d43b700000) (1024K)]
  0x000002871a95abb0 JavaThread "Attach Listener"            daemon [_thread_blocked, id=7216, stack(0x000000d43b700000,0x000000d43b800000) (1024K)]
  0x000002871a96cf00 JavaThread "Service Thread"             daemon [_thread_blocked, id=9444, stack(0x000000d43b800000,0x000000d43b900000) (1024K)]
  0x000002871a975ae0 JavaThread "Monitor Deflation Thread"   daemon [_thread_blocked, id=5056, stack(0x000000d43b900000,0x000000d43ba00000) (1024K)]
=>0x000002871a984050 JavaThread "C2 CompilerThread0"         daemon [_thread_in_native, id=3256, stack(0x000000d43ba00000,0x000000d43bb00000) (1024K)]
  0x000002871a984af0 JavaThread "C1 CompilerThread0"         daemon [_thread_blocked, id=17824, stack(0x000000d43bb00000,0x000000d43bc00000) (1024K)]
  0x000002871f029f30 JavaThread "Notification Thread"        daemon [_thread_blocked, id=2448, stack(0x000000d43bc00000,0x000000d43bd00000) (1024K)]
  0x000002871f043750 JavaThread "C2 CompilerThread1"         daemon [_thread_in_native, id=14684, stack(0x000000d43bd00000,0x000000d43be00000) (1024K)]
  0x0000028720d82450 JavaThread "Daemon health stats"               [_thread_blocked, id=7140, stack(0x000000d43c400000,0x000000d43c500000) (1024K)]
  0x000002872125e180 JavaThread "Incoming local TCP Connector on port 52287"        [_thread_in_native, id=11372, stack(0x000000d43c500000,0x000000d43c600000) (1024K)]
  0x00000287205901f0 JavaThread "Daemon periodic checks"            [_thread_blocked, id=15244, stack(0x000000d43c600000,0x000000d43c700000) (1024K)]
  0x0000028721b8c340 JavaThread "Daemon"                            [_thread_blocked, id=15224, stack(0x000000d43c700000,0x000000d43c800000) (1024K)]
  0x0000028720fbf110 JavaThread "Handler for socket connection from /127.0.0.1:52287 to /127.0.0.1:52288"        [_thread_in_native, id=6028, stack(0x000000d43c800000,0x000000d43c900000) (1024K)]
  0x000002872134a160 JavaThread "Cancel handler"                    [_thread_blocked, id=17004, stack(0x000000d43c900000,0x000000d43ca00000) (1024K)]
  0x000002872161f830 JavaThread "Daemon worker"                     [_thread_in_Java, id=8320, stack(0x000000d43ca00000,0x000000d43cb00000) (1024K)]
  0x000002872161fec0 JavaThread "Asynchronous log dispatcher for DefaultDaemonConnection: socket connection from /127.0.0.1:52287 to /127.0.0.1:52288"        [_thread_blocked, id=3540, stack(0x000000d43cb00000,0x000000d43cc00000) (1024K)]
  0x000002872161eb10 JavaThread "Stdin handler"                     [_thread_blocked, id=7120, stack(0x000000d43cc00000,0x000000d43cd00000) (1024K)]
  0x0000028721620550 JavaThread "Daemon client event forwarder"        [_thread_blocked, id=13524, stack(0x000000d43cd00000,0x000000d43ce00000) (1024K)]
  0x0000028721621270 JavaThread "Cache worker for journal cache (C:\Users\Annu pc\.gradle\caches\journal-1)"        [_thread_blocked, id=18060, stack(0x000000d43d100000,0x000000d43d200000) (1024K)]
  0x000002872161ddf0 JavaThread "File lock request listener"        [_thread_in_native, id=6676, stack(0x000000d43d200000,0x000000d43d300000) (1024K)]
  0x000002872161e480 JavaThread "Cache worker for file hash cache (C:\Users\Annu pc\.gradle\caches\8.7\fileHashes)"        [_thread_blocked, id=5724, stack(0x000000d43d300000,0x000000d43d400000) (1024K)]
  0x000002872267d850 JavaThread "Cache worker for file hash cache (D:\github\OQPAY-FinanceAndroidApplication\.gradle\8.7\fileHashes)"        [_thread_blocked, id=2096, stack(0x000000d43d400000,0x000000d43d500000) (1024K)]
  0x000002872267b0f0 JavaThread "File watcher server"        daemon [_thread_in_native, id=7564, stack(0x000000d43d500000,0x000000d43d600000) (1024K)]
  0x0000028722677c70 JavaThread "File watcher consumer"      daemon [_thread_blocked, id=13456, stack(0x000000d43d600000,0x000000d43d700000) (1024K)]
  0x000002872267e570 JavaThread "Cache worker for checksums cache (D:\github\OQPAY-FinanceAndroidApplication\.gradle\8.7\checksums)"        [_thread_blocked, id=8620, stack(0x000000d43d700000,0x000000d43d800000) (1024K)]
  0x000002872267be10 JavaThread "Cache worker for cache directory md-supplier (C:\Users\Annu pc\.gradle\caches\8.7\md-supplier)"        [_thread_blocked, id=12564, stack(0x000000d43d800000,0x000000d43d900000) (1024K)]
  0x0000028722679020 JavaThread "Cache worker for cache directory md-rule (C:\Users\Annu pc\.gradle\caches\8.7\md-rule)"        [_thread_blocked, id=12640, stack(0x000000d43d900000,0x000000d43da00000) (1024K)]
  0x00000287226796b0 JavaThread "Cache worker for file content cache (C:\Users\Annu pc\.gradle\caches\8.7\fileContent)"        [_thread_blocked, id=5644, stack(0x000000d43da00000,0x000000d43db00000) (1024K)]
  0x000002872267cb30 JavaThread "jar transforms"                    [_thread_blocked, id=10116, stack(0x000000d43db00000,0x000000d43dc00000) (1024K)]
  0x0000028722679d40 JavaThread "jar transforms Thread 2"           [_thread_blocked, id=4908, stack(0x000000d43dc00000,0x000000d43dd00000) (1024K)]
  0x000002872267aa60 JavaThread "jar transforms Thread 3"           [_thread_blocked, id=13084, stack(0x000000d43dd00000,0x000000d43de00000) (1024K)]
  0x00000287226775e0 JavaThread "Unconstrained build operations"        [_thread_blocked, id=11180, stack(0x000000d43de00000,0x000000d43df00000) (1024K)]
  0x000002872267ec00 JavaThread "Unconstrained build operations Thread 2"        [_thread_blocked, id=13204, stack(0x000000d43df00000,0x000000d43e000000) (1024K)]
  0x000002872267c4a0 JavaThread "Unconstrained build operations Thread 3"        [_thread_blocked, id=16684, stack(0x000000d43e000000,0x000000d43e100000) (1024K)]
  0x0000028724bfc6e0 JavaThread "Unconstrained build operations Thread 4"        [_thread_blocked, id=5324, stack(0x000000d43e100000,0x000000d43e200000) (1024K)]
  0x0000028724bf7190 JavaThread "Unconstrained build operations Thread 5"        [_thread_blocked, id=10764, stack(0x000000d43e200000,0x000000d43e300000) (1024K)]
  0x0000028724bf8bd0 JavaThread "Unconstrained build operations Thread 6"        [_thread_blocked, id=10228, stack(0x000000d43e300000,0x000000d43e400000) (1024K)]
  0x0000028724bfc050 JavaThread "Unconstrained build operations Thread 7"        [_thread_blocked, id=4620, stack(0x000000d43e400000,0x000000d43e500000) (1024K)]
  0x0000028724bfd400 JavaThread "jar transforms Thread 4"           [_thread_blocked, id=16024, stack(0x000000d43e500000,0x000000d43e600000) (1024K)]
  0x0000028724bfda90 JavaThread "jar transforms Thread 5"           [_thread_blocked, id=11840, stack(0x000000d43e600000,0x000000d43e700000) (1024K)]
  0x0000028724bf8540 JavaThread "jar transforms Thread 6"           [_thread_blocked, id=8408, stack(0x000000d43e700000,0x000000d43e800000) (1024K)]
  0x0000028724bf7eb0 JavaThread "jar transforms Thread 7"           [_thread_blocked, id=4916, stack(0x000000d43e800000,0x000000d43e900000) (1024K)]
  0x0000028724bf7820 JavaThread "jar transforms Thread 8"           [_thread_blocked, id=10412, stack(0x000000d43e900000,0x000000d43ea00000) (1024K)]
  0x0000028724bfa610 JavaThread "Cache worker for Build Output Cleanup Cache (D:\github\OQPAY-FinanceAndroidApplication\.gradle\buildOutputCleanup)"        [_thread_blocked, id=17568, stack(0x000000d43ea00000,0x000000d43eb00000) (1024K)]
  0x0000028724e9d680 JavaThread "Unconstrained build operations Thread 8"        [_thread_blocked, id=17268, stack(0x000000d43eb00000,0x000000d43ec00000) (1024K)]
  0x0000028724e9dd10 JavaThread "Unconstrained build operations Thread 9"        [_thread_blocked, id=5840, stack(0x000000d43ec00000,0x000000d43ed00000) (1024K)]
  0x0000028724ea1820 JavaThread "Unconstrained build operations Thread 10"        [_thread_blocked, id=17576, stack(0x000000d43ed00000,0x000000d43ee00000) (1024K)]
  0x0000028724e9fde0 JavaThread "Unconstrained build operations Thread 11"        [_thread_blocked, id=9564, stack(0x000000d43ee00000,0x000000d43ef00000) (1024K)]
  0x0000028724e9c2d0 JavaThread "Unconstrained build operations Thread 12"        [_thread_blocked, id=16084, stack(0x000000d43ef00000,0x000000d43f000000) (1024K)]
  0x0000028724e9e3a0 JavaThread "Unconstrained build operations Thread 13"        [_thread_blocked, id=300, stack(0x000000d43f000000,0x000000d43f100000) (1024K)]
  0x0000028724ea0b00 JavaThread "Unconstrained build operations Thread 14"        [_thread_blocked, id=11568, stack(0x000000d43f100000,0x000000d43f200000) (1024K)]
  0x0000028724ea0470 JavaThread "Unconstrained build operations Thread 15"        [_thread_blocked, id=7320, stack(0x000000d43f200000,0x000000d43f300000) (1024K)]
  0x0000028724ea1190 JavaThread "Unconstrained build operations Thread 16"        [_thread_blocked, id=7972, stack(0x000000d43f300000,0x000000d43f400000) (1024K)]
  0x0000028724ea1eb0 JavaThread "Unconstrained build operations Thread 17"        [_thread_blocked, id=3932, stack(0x000000d43f400000,0x000000d43f500000) (1024K)]
  0x0000028724e9af20 JavaThread "Unconstrained build operations Thread 18"        [_thread_blocked, id=15280, stack(0x000000d43f500000,0x000000d43f600000) (1024K)]
  0x0000028724e9cff0 JavaThread "Unconstrained build operations Thread 19"        [_thread_blocked, id=17368, stack(0x000000d43f600000,0x000000d43f700000) (1024K)]
  0x0000028724e9c960 JavaThread "Unconstrained build operations Thread 20"        [_thread_blocked, id=10076, stack(0x000000d43f700000,0x000000d43f800000) (1024K)]
  0x0000028724e9ea30 JavaThread "Unconstrained build operations Thread 21"        [_thread_blocked, id=4144, stack(0x000000d43f800000,0x000000d43f900000) (1024K)]
  0x00000287225ca520 JavaThread "build event listener"              [_thread_blocked, id=14260, stack(0x000000d43f900000,0x000000d43fa00000) (1024K)]
  0x00000287225cf3e0 JavaThread "Memory manager"                    [_thread_blocked, id=11536, stack(0x000000d43fa00000,0x000000d43fb00000) (1024K)]
  0x00000287225c9800 JavaThread "build event listener"              [_thread_blocked, id=10868, stack(0x000000d43fb00000,0x000000d43fc00000) (1024K)]
  0x0000028726068b80 JavaThread "C2 CompilerThread2"         daemon [_thread_in_native, id=15076, stack(0x000000d43be00000,0x000000d43bf00000) (1024K)]
Total: 66

Other Threads:
  0x000002871a83d160 VMThread "VM Thread"                           [id=8032, stack(0x000000d43b200000,0x000000d43b300000) (1024K)]
  0x000002871a7ee920 WatcherThread "VM Periodic Task Thread"        [id=3300, stack(0x000000d43b100000,0x000000d43b200000) (1024K)]
  0x00000287031802b0 WorkerThread "GC Thread#0"                     [id=13480, stack(0x000000d43ac00000,0x000000d43ad00000) (1024K)]
  0x000002871a83d8c0 WorkerThread "GC Thread#1"                     [id=6576, stack(0x000000d43bf00000,0x000000d43c000000) (1024K)]
  0x000002871a83d510 WorkerThread "GC Thread#2"                     [id=6472, stack(0x000000d43c000000,0x000000d43c100000) (1024K)]
  0x000002871a83dc70 WorkerThread "GC Thread#3"                     [id=14680, stack(0x000000d43c100000,0x000000d43c200000) (1024K)]
  0x000002871a83e020 WorkerThread "GC Thread#4"                     [id=8336, stack(0x000000d43c200000,0x000000d43c300000) (1024K)]
  0x000002871a83e3d0 WorkerThread "GC Thread#5"                     [id=16900, stack(0x000000d43c300000,0x000000d43c400000) (1024K)]
  0x00000287214eed30 WorkerThread "GC Thread#6"                     [id=18040, stack(0x000000d43ce00000,0x000000d43cf00000) (1024K)]
  0x00000287214ee220 WorkerThread "GC Thread#7"                     [id=15288, stack(0x000000d43cf00000,0x000000d43d000000) (1024K)]
  0x0000028703191410 ConcurrentGCThread "G1 Main Marker"            [id=6764, stack(0x000000d43ad00000,0x000000d43ae00000) (1024K)]
  0x00000287031946d0 WorkerThread "G1 Conc#0"                       [id=3700, stack(0x000000d43ae00000,0x000000d43af00000) (1024K)]
  0x00000287214edac0 WorkerThread "G1 Conc#1"                       [id=16480, stack(0x000000d43d000000,0x000000d43d100000) (1024K)]
  0x000002871a73df80 ConcurrentGCThread "G1 Refine#0"               [id=13388, stack(0x000000d43af00000,0x000000d43b000000) (1024K)]
  0x000002871a73fe20 ConcurrentGCThread "G1 Service"                [id=1220, stack(0x000000d43b000000,0x000000d43b100000) (1024K)]
Total: 15

Threads with active compile tasks:
C2 CompilerThread0  12413 12178   !   4       java.lang.reflect.Executable::sharedToGenericString (255 bytes)
C2 CompilerThread1  12413 12134       4       java.beans.MethodRef::set (58 bytes)
C2 CompilerThread2  12413 12076       4       java.beans.Introspector::addMethod (241 bytes)
Total: 3

VM state: not at safepoint (normal execution)

VM Mutex/Monitor currently owned by a thread: None

Heap address: 0x0000000080000000, size: 2048 MB, Compressed Oops mode: 32-bit

CDS archive(s) not mapped
Compressed class space mapped at: 0x0000000100000000-0x0000000140000000, reserved size: 1073741824
Narrow klass base: 0x0000000000000000, Narrow klass shift: 3, Narrow klass range: 0x140000000

GC Precious Log:
 CardTable entry size: 512
 Card Set container configuration: InlinePtr #cards 5 size 8 Array Of Cards #cards 12 size 40 Howl #buckets 4 coarsen threshold 1843 Howl Bitmap #cards 512 size 80 coarsen threshold 460 Card regions per heap region 1 cards per card region 2048
 CPUs: 8 total, 8 available
 Memory: 16300M
 Large Page Support: Disabled
 NUMA Support: Disabled
 Compressed Oops: Enabled (32-bit)
 Heap Region Size: 1M
 Heap Min Capacity: 8M
 Heap Initial Capacity: 256M
 Heap Max Capacity: 2G
 Pre-touch: Disabled
 Parallel Workers: 8
 Concurrent Workers: 2
 Concurrent Refinement Workers: 8
 Periodic GC: Disabled

Heap:
 garbage-first heap   total 184320K, used 134947K [0x0000000080000000, 0x0000000100000000)
  region size 1024K, 27 young (27648K), 8 survivors (8192K)
 Metaspace       used 111962K, committed 113920K, reserved 1179648K
  class space    used 15630K, committed 16576K, reserved 1048576K

Heap Regions: E=young(eden), S=young(survivor), O=old, HS=humongous(starts), HC=humongous(continues), CS=collection set, F=free, TAMS=top-at-mark-start, PB=parsable bottom
|   0|0x0000000080000000, 0x0000000080100000, 0x0000000080100000|100%| O|  |TAMS 0x0000000080000000| PB 0x0000000080000000| Untracked 
|   1|0x0000000080100000, 0x0000000080200000, 0x0000000080200000|100%|HS|  |TAMS 0x0000000080100000| PB 0x0000000080100000| Complete 
|   2|0x0000000080200000, 0x0000000080300000, 0x0000000080300000|100%|HC|  |TAMS 0x0000000080200000| PB 0x0000000080200000| Complete 
|   3|0x0000000080300000, 0x0000000080400000, 0x0000000080400000|100%|HC|  |TAMS 0x0000000080300000| PB 0x0000000080300000| Complete 
|   4|0x0000000080400000, 0x0000000080500000, 0x0000000080500000|100%|HC|  |TAMS 0x0000000080400000| PB 0x0000000080400000| Complete 
|   5|0x0000000080500000, 0x0000000080600000, 0x0000000080600000|100%| O|  |TAMS 0x0000000080500000| PB 0x0000000080500000| Untracked 
|   6|0x0000000080600000, 0x0000000080700000, 0x0000000080700000|100%| O|  |TAMS 0x0000000080600000| PB 0x0000000080600000| Untracked 
|   7|0x0000000080700000, 0x0000000080800000, 0x0000000080800000|100%| O|  |TAMS 0x0000000080700000| PB 0x0000000080700000| Untracked 
|   8|0x0000000080800000, 0x0000000080900000, 0x0000000080900000|100%| O|  |TAMS 0x0000000080800000| PB 0x0000000080800000| Untracked 
|   9|0x0000000080900000, 0x0000000080a00000, 0x0000000080a00000|100%| O|  |TAMS 0x0000000080900000| PB 0x0000000080900000| Untracked 
|  10|0x0000000080a00000, 0x0000000080b00000, 0x0000000080b00000|100%| O|  |TAMS 0x0000000080a00000| PB 0x0000000080a00000| Untracked 
|  11|0x0000000080b00000, 0x0000000080c00000, 0x0000000080c00000|100%| O|  |TAMS 0x0000000080b00000| PB 0x0000000080b00000| Untracked 
|  12|0x0000000080c00000, 0x0000000080d00000, 0x0000000080d00000|100%| O|  |TAMS 0x0000000080c00000| PB 0x0000000080c00000| Untracked 
|  13|0x0000000080d00000, 0x0000000080e00000, 0x0000000080e00000|100%| O|  |TAMS 0x0000000080d00000| PB 0x0000000080d00000| Untracked 
|  14|0x0000000080e00000, 0x0000000080f00000, 0x0000000080f00000|100%| O|  |TAMS 0x0000000080e00000| PB 0x0000000080e00000| Untracked 
|  15|0x0000000080f00000, 0x0000000081000000, 0x0000000081000000|100%| O|  |TAMS 0x0000000080f00000| PB 0x0000000080f00000| Untracked 
|  16|0x0000000081000000, 0x0000000081100000, 0x0000000081100000|100%| O|  |TAMS 0x0000000081000000| PB 0x0000000081000000| Untracked 
|  17|0x0000000081100000, 0x0000000081200000, 0x0000000081200000|100%| O|  |TAMS 0x0000000081100000| PB 0x0000000081100000| Untracked 
|  18|0x0000000081200000, 0x0000000081300000, 0x0000000081300000|100%| O|  |TAMS 0x0000000081200000| PB 0x0000000081200000| Untracked 
|  19|0x0000000081300000, 0x0000000081400000, 0x0000000081400000|100%|HS|  |TAMS 0x0000000081300000| PB 0x0000000081300000| Complete 
|  20|0x0000000081400000, 0x0000000081500000, 0x0000000081500000|100%|HC|  |TAMS 0x0000000081400000| PB 0x0000000081400000| Complete 
|  21|0x0000000081500000, 0x0000000081600000, 0x0000000081600000|100%| O|  |TAMS 0x0000000081500000| PB 0x0000000081500000| Untracked 
|  22|0x0000000081600000, 0x0000000081700000, 0x0000000081700000|100%| O|  |TAMS 0x0000000081600000| PB 0x0000000081600000| Untracked 
|  23|0x0000000081700000, 0x0000000081800000, 0x0000000081800000|100%| O|  |TAMS 0x0000000081700000| PB 0x0000000081700000| Untracked 
|  24|0x0000000081800000, 0x0000000081900000, 0x0000000081900000|100%| O|  |TAMS 0x0000000081800000| PB 0x0000000081800000| Untracked 
|  25|0x0000000081900000, 0x0000000081a00000, 0x0000000081a00000|100%| O|  |TAMS 0x0000000081900000| PB 0x0000000081900000| Untracked 
|  26|0x0000000081a00000, 0x0000000081b00000, 0x0000000081b00000|100%| O|  |TAMS 0x0000000081a00000| PB 0x0000000081a00000| Untracked 
|  27|0x0000000081b00000, 0x0000000081c00000, 0x0000000081c00000|100%| O|  |TAMS 0x0000000081b00000| PB 0x0000000081b00000| Untracked 
|  28|0x0000000081c00000, 0x0000000081d00000, 0x0000000081d00000|100%| O|  |TAMS 0x0000000081c00000| PB 0x0000000081c00000| Untracked 
|  29|0x0000000081d00000, 0x0000000081e00000, 0x0000000081e00000|100%| O|  |TAMS 0x0000000081d00000| PB 0x0000000081d00000| Untracked 
|  30|0x0000000081e00000, 0x0000000081f00000, 0x0000000081f00000|100%| O|  |TAMS 0x0000000081e00000| PB 0x0000000081e00000| Untracked 
|  31|0x0000000081f00000, 0x0000000082000000, 0x0000000082000000|100%| O|  |TAMS 0x0000000081f00000| PB 0x0000000081f00000| Untracked 
|  32|0x0000000082000000, 0x0000000082000000, 0x0000000082100000|  0%| F|  |TAMS 0x0000000082000000| PB 0x0000000082000000| Untracked 
|  33|0x0000000082100000, 0x0000000082200000, 0x0000000082200000|100%| O|  |TAMS 0x0000000082100000| PB 0x0000000082100000| Untracked 
|  34|0x0000000082200000, 0x0000000082300000, 0x0000000082300000|100%| O|  |TAMS 0x0000000082200000| PB 0x0000000082200000| Untracked 
|  35|0x0000000082300000, 0x0000000082400000, 0x0000000082400000|100%| O|  |TAMS 0x0000000082300000| PB 0x0000000082300000| Untracked 
|  36|0x0000000082400000, 0x0000000082500000, 0x0000000082500000|100%| O|  |TAMS 0x0000000082400000| PB 0x0000000082400000| Untracked 
|  37|0x0000000082500000, 0x0000000082600000, 0x0000000082600000|100%| O|  |TAMS 0x0000000082500000| PB 0x0000000082500000| Untracked 
|  38|0x0000000082600000, 0x0000000082700000, 0x0000000082700000|100%| O|  |TAMS 0x0000000082600000| PB 0x0000000082600000| Untracked 
|  39|0x0000000082700000, 0x0000000082800000, 0x0000000082800000|100%| O|  |TAMS 0x0000000082700000| PB 0x0000000082700000| Untracked 
|  40|0x0000000082800000, 0x0000000082900000, 0x0000000082900000|100%| O|  |TAMS 0x0000000082800000| PB 0x0000000082800000| Untracked 
|  41|0x0000000082900000, 0x0000000082a00000, 0x0000000082a00000|100%| O|  |TAMS 0x0000000082900000| PB 0x0000000082900000| Untracked 
|  42|0x0000000082a00000, 0x0000000082b00000, 0x0000000082b00000|100%| O|  |TAMS 0x0000000082a00000| PB 0x0000000082a00000| Untracked 
|  43|0x0000000082b00000, 0x0000000082c00000, 0x0000000082c00000|100%| O|  |TAMS 0x0000000082b00000| PB 0x0000000082b00000| Untracked 
|  44|0x0000000082c00000, 0x0000000082d00000, 0x0000000082d00000|100%| O|  |TAMS 0x0000000082c00000| PB 0x0000000082c00000| Untracked 
|  45|0x0000000082d00000, 0x0000000082e00000, 0x0000000082e00000|100%| O|  |TAMS 0x0000000082d00000| PB 0x0000000082d00000| Untracked 
|  46|0x0000000082e00000, 0x0000000082f00000, 0x0000000082f00000|100%| O|  |TAMS 0x0000000082e00000| PB 0x0000000082e00000| Untracked 
|  47|0x0000000082f00000, 0x0000000083000000, 0x0000000083000000|100%| O|  |TAMS 0x0000000082f00000| PB 0x0000000082f00000| Untracked 
|  48|0x0000000083000000, 0x0000000083100000, 0x0000000083100000|100%| O|  |TAMS 0x0000000083000000| PB 0x0000000083000000| Untracked 
|  49|0x0000000083100000, 0x0000000083200000, 0x0000000083200000|100%| O|  |TAMS 0x0000000083100000| PB 0x0000000083100000| Untracked 
|  50|0x0000000083200000, 0x0000000083200000, 0x0000000083300000|  0%| F|  |TAMS 0x0000000083200000| PB 0x0000000083200000| Untracked 
|  51|0x0000000083300000, 0x0000000083400000, 0x0000000083400000|100%| O|  |TAMS 0x0000000083300000| PB 0x0000000083300000| Untracked 
|  52|0x0000000083400000, 0x0000000083500000, 0x0000000083500000|100%|HS|  |TAMS 0x0000000083400000| PB 0x0000000083400000| Complete 
|  53|0x0000000083500000, 0x0000000083600000, 0x0000000083600000|100%|HS|  |TAMS 0x0000000083500000| PB 0x0000000083500000| Complete 
|  54|0x0000000083600000, 0x0000000083700000, 0x0000000083700000|100%|HS|  |TAMS 0x0000000083600000| PB 0x0000000083600000| Complete 
|  55|0x0000000083700000, 0x0000000083800000, 0x0000000083800000|100%|HC|  |TAMS 0x0000000083700000| PB 0x0000000083700000| Complete 
|  56|0x0000000083800000, 0x0000000083900000, 0x0000000083900000|100%|HS|  |TAMS 0x0000000083800000| PB 0x0000000083800000| Complete 
|  57|0x0000000083900000, 0x0000000083a00000, 0x0000000083a00000|100%|HC|  |TAMS 0x0000000083900000| PB 0x0000000083900000| Complete 
|  58|0x0000000083a00000, 0x0000000083b00000, 0x0000000083b00000|100%|HS|  |TAMS 0x0000000083a00000| PB 0x0000000083a00000| Complete 
|  59|0x0000000083b00000, 0x0000000083c00000, 0x0000000083c00000|100%|HS|  |TAMS 0x0000000083b00000| PB 0x0000000083b00000| Complete 
|  60|0x0000000083c00000, 0x0000000083d00000, 0x0000000083d00000|100%|HC|  |TAMS 0x0000000083c00000| PB 0x0000000083c00000| Complete 
|  61|0x0000000083d00000, 0x0000000083e00000, 0x0000000083e00000|100%|HC|  |TAMS 0x0000000083d00000| PB 0x0000000083d00000| Complete 
|  62|0x0000000083e00000, 0x0000000083f00000, 0x0000000083f00000|100%|HC|  |TAMS 0x0000000083e00000| PB 0x0000000083e00000| Complete 
|  63|0x0000000083f00000, 0x0000000084000000, 0x0000000084000000|100%|HS|  |TAMS 0x0000000083f00000| PB 0x0000000083f00000| Complete 
|  64|0x0000000084000000, 0x0000000084100000, 0x0000000084100000|100%| O|  |TAMS 0x0000000084000000| PB 0x0000000084000000| Untracked 
|  65|0x0000000084100000, 0x0000000084200000, 0x0000000084200000|100%|HS|  |TAMS 0x0000000084100000| PB 0x0000000084100000| Complete 
|  66|0x0000000084200000, 0x0000000084300000, 0x0000000084300000|100%|HS|  |TAMS 0x0000000084200000| PB 0x0000000084200000| Complete 
|  67|0x0000000084300000, 0x0000000084400000, 0x0000000084400000|100%| O|  |TAMS 0x0000000084300000| PB 0x0000000084300000| Untracked 
|  68|0x0000000084400000, 0x0000000084500000, 0x0000000084500000|100%| O|  |TAMS 0x0000000084400000| PB 0x0000000084400000| Untracked 
|  69|0x0000000084500000, 0x0000000084600000, 0x0000000084600000|100%| O|  |TAMS 0x0000000084500000| PB 0x0000000084500000| Untracked 
|  70|0x0000000084600000, 0x0000000084700000, 0x0000000084700000|100%| O|  |TAMS 0x0000000084600000| PB 0x0000000084600000| Untracked 
|  71|0x0000000084700000, 0x0000000084800000, 0x0000000084800000|100%| O|  |TAMS 0x0000000084700000| PB 0x0000000084700000| Untracked 
|  72|0x0000000084800000, 0x0000000084900000, 0x0000000084900000|100%| O|  |TAMS 0x0000000084800000| PB 0x0000000084800000| Untracked 
|  73|0x0000000084900000, 0x0000000084a00000, 0x0000000084a00000|100%| O|  |TAMS 0x0000000084900000| PB 0x0000000084900000| Untracked 
|  74|0x0000000084a00000, 0x0000000084b00000, 0x0000000084b00000|100%| O|  |TAMS 0x0000000084a00000| PB 0x0000000084a00000| Untracked 
|  75|0x0000000084b00000, 0x0000000084c00000, 0x0000000084c00000|100%| O|  |TAMS 0x0000000084b00000| PB 0x0000000084b00000| Untracked 
|  76|0x0000000084c00000, 0x0000000084d00000, 0x0000000084d00000|100%|HS|  |TAMS 0x0000000084c00000| PB 0x0000000084c00000| Complete 
|  77|0x0000000084d00000, 0x0000000084e00000, 0x0000000084e00000|100%| O|  |TAMS 0x0000000084d00000| PB 0x0000000084d00000| Untracked 
|  78|0x0000000084e00000, 0x0000000084f00000, 0x0000000084f00000|100%| O|  |TAMS 0x0000000084e00000| PB 0x0000000084e00000| Untracked 
|  79|0x0000000084f00000, 0x0000000085000000, 0x0000000085000000|100%| O|  |TAMS 0x0000000084f00000| PB 0x0000000084f00000| Untracked 
|  80|0x0000000085000000, 0x0000000085100000, 0x0000000085100000|100%| O|  |TAMS 0x0000000085000000| PB 0x0000000085000000| Untracked 
|  81|0x0000000085100000, 0x0000000085200000, 0x0000000085200000|100%| O|  |TAMS 0x0000000085100000| PB 0x0000000085100000| Untracked 
|  82|0x0000000085200000, 0x0000000085300000, 0x0000000085300000|100%|HS|  |TAMS 0x0000000085200000| PB 0x0000000085200000| Complete 
|  83|0x0000000085300000, 0x0000000085400000, 0x0000000085400000|100%|HC|  |TAMS 0x0000000085300000| PB 0x0000000085300000| Complete 
|  84|0x0000000085400000, 0x0000000085500000, 0x0000000085500000|100%|HC|  |TAMS 0x0000000085400000| PB 0x0000000085400000| Complete 
|  85|0x0000000085500000, 0x0000000085600000, 0x0000000085600000|100%|HC|  |TAMS 0x0000000085500000| PB 0x0000000085500000| Complete 
|  86|0x0000000085600000, 0x0000000085700000, 0x0000000085700000|100%| O|  |TAMS 0x0000000085600000| PB 0x0000000085600000| Untracked 
|  87|0x0000000085700000, 0x0000000085800000, 0x0000000085800000|100%| O|  |TAMS 0x0000000085700000| PB 0x0000000085700000| Untracked 
|  88|0x0000000085800000, 0x0000000085900000, 0x0000000085900000|100%| O|  |TAMS 0x0000000085800000| PB 0x0000000085800000| Untracked 
|  89|0x0000000085900000, 0x0000000085a00000, 0x0000000085a00000|100%| O|  |TAMS 0x0000000085900000| PB 0x0000000085900000| Untracked 
|  90|0x0000000085a00000, 0x0000000085a00000, 0x0000000085b00000|  0%| F|  |TAMS 0x0000000085a00000| PB 0x0000000085a00000| Untracked 
|  91|0x0000000085b00000, 0x0000000085c00000, 0x0000000085c00000|100%| O|  |TAMS 0x0000000085b00000| PB 0x0000000085b00000| Untracked 
|  92|0x0000000085c00000, 0x0000000085d00000, 0x0000000085d00000|100%| O|  |TAMS 0x0000000085c00000| PB 0x0000000085c00000| Untracked 
|  93|0x0000000085d00000, 0x0000000085e00000, 0x0000000085e00000|100%| O|  |TAMS 0x0000000085d00000| PB 0x0000000085d00000| Untracked 
|  94|0x0000000085e00000, 0x0000000085f00000, 0x0000000085f00000|100%| O|  |TAMS 0x0000000085e00000| PB 0x0000000085e00000| Untracked 
|  95|0x0000000085f00000, 0x0000000086000000, 0x0000000086000000|100%| O|  |TAMS 0x0000000085f00000| PB 0x0000000085f00000| Untracked 
|  96|0x0000000086000000, 0x0000000086100000, 0x0000000086100000|100%| O|  |TAMS 0x0000000086000000| PB 0x0000000086000000| Untracked 
|  97|0x0000000086100000, 0x0000000086200000, 0x0000000086200000|100%| O|  |TAMS 0x0000000086100000| PB 0x0000000086100000| Untracked 
|  98|0x0000000086200000, 0x0000000086300000, 0x0000000086300000|100%| O|  |TAMS 0x0000000086200000| PB 0x0000000086200000| Untracked 
|  99|0x0000000086300000, 0x0000000086400000, 0x0000000086400000|100%| O|  |TAMS 0x0000000086300000| PB 0x0000000086300000| Untracked 
| 100|0x0000000086400000, 0x0000000086500000, 0x0000000086500000|100%| S|CS|TAMS 0x0000000086400000| PB 0x0000000086400000| Complete 
| 101|0x0000000086500000, 0x0000000086600000, 0x0000000086600000|100%| S|CS|TAMS 0x0000000086500000| PB 0x0000000086500000| Complete 
| 102|0x0000000086600000, 0x0000000086700000, 0x0000000086700000|100%| S|CS|TAMS 0x0000000086600000| PB 0x0000000086600000| Complete 
| 103|0x0000000086700000, 0x0000000086800000, 0x0000000086800000|100%| S|CS|TAMS 0x0000000086700000| PB 0x0000000086700000| Complete 
| 104|0x0000000086800000, 0x0000000086900000, 0x0000000086900000|100%| S|CS|TAMS 0x0000000086800000| PB 0x0000000086800000| Complete 
| 105|0x0000000086900000, 0x0000000086a00000, 0x0000000086a00000|100%| S|CS|TAMS 0x0000000086900000| PB 0x0000000086900000| Complete 
| 106|0x0000000086a00000, 0x0000000086b00000, 0x0000000086b00000|100%| S|CS|TAMS 0x0000000086a00000| PB 0x0000000086a00000| Complete 
| 107|0x0000000086b00000, 0x0000000086c00000, 0x0000000086c00000|100%| S|CS|TAMS 0x0000000086b00000| PB 0x0000000086b00000| Complete 
| 108|0x0000000086c00000, 0x0000000086c00000, 0x0000000086d00000|  0%| F|  |TAMS 0x0000000086c00000| PB 0x0000000086c00000| Untracked 
| 109|0x0000000086d00000, 0x0000000086d00000, 0x0000000086e00000|  0%| F|  |TAMS 0x0000000086d00000| PB 0x0000000086d00000| Untracked 
| 110|0x0000000086e00000, 0x0000000086e00000, 0x0000000086f00000|  0%| F|  |TAMS 0x0000000086e00000| PB 0x0000000086e00000| Untracked 
| 111|0x0000000086f00000, 0x0000000086f00000, 0x0000000087000000|  0%| F|  |TAMS 0x0000000086f00000| PB 0x0000000086f00000| Untracked 
| 112|0x0000000087000000, 0x0000000087000000, 0x0000000087100000|  0%| F|  |TAMS 0x0000000087000000| PB 0x0000000087000000| Untracked 
| 113|0x0000000087100000, 0x0000000087100000, 0x0000000087200000|  0%| F|  |TAMS 0x0000000087100000| PB 0x0000000087100000| Untracked 
| 114|0x0000000087200000, 0x0000000087200000, 0x0000000087300000|  0%| F|  |TAMS 0x0000000087200000| PB 0x0000000087200000| Untracked 
| 115|0x0000000087300000, 0x0000000087300000, 0x0000000087400000|  0%| F|  |TAMS 0x0000000087300000| PB 0x0000000087300000| Untracked 
| 116|0x0000000087400000, 0x0000000087400000, 0x0000000087500000|  0%| F|  |TAMS 0x0000000087400000| PB 0x0000000087400000| Untracked 
| 117|0x0000000087500000, 0x0000000087500000, 0x0000000087600000|  0%| F|  |TAMS 0x0000000087500000| PB 0x0000000087500000| Untracked 
| 118|0x0000000087600000, 0x0000000087600000, 0x0000000087700000|  0%| F|  |TAMS 0x0000000087600000| PB 0x0000000087600000| Untracked 
| 119|0x0000000087700000, 0x0000000087700000, 0x0000000087800000|  0%| F|  |TAMS 0x0000000087700000| PB 0x0000000087700000| Untracked 
| 120|0x0000000087800000, 0x0000000087800000, 0x0000000087900000|  0%| F|  |TAMS 0x0000000087800000| PB 0x0000000087800000| Untracked 
| 121|0x0000000087900000, 0x0000000087900000, 0x0000000087a00000|  0%| F|  |TAMS 0x0000000087900000| PB 0x0000000087900000| Untracked 
| 122|0x0000000087a00000, 0x0000000087a00000, 0x0000000087b00000|  0%| F|  |TAMS 0x0000000087a00000| PB 0x0000000087a00000| Untracked 
| 123|0x0000000087b00000, 0x0000000087b00000, 0x0000000087c00000|  0%| F|  |TAMS 0x0000000087b00000| PB 0x0000000087b00000| Untracked 
| 124|0x0000000087c00000, 0x0000000087c00000, 0x0000000087d00000|  0%| F|  |TAMS 0x0000000087c00000| PB 0x0000000087c00000| Untracked 
| 125|0x0000000087d00000, 0x0000000087d00000, 0x0000000087e00000|  0%| F|  |TAMS 0x0000000087d00000| PB 0x0000000087d00000| Untracked 
| 126|0x0000000087e00000, 0x0000000087e00000, 0x0000000087f00000|  0%| F|  |TAMS 0x0000000087e00000| PB 0x0000000087e00000| Untracked 
| 127|0x0000000087f00000, 0x0000000087f00000, 0x0000000088000000|  0%| F|  |TAMS 0x0000000087f00000| PB 0x0000000087f00000| Untracked 
| 128|0x0000000088000000, 0x0000000088000000, 0x0000000088100000|  0%| F|  |TAMS 0x0000000088000000| PB 0x0000000088000000| Untracked 
| 129|0x0000000088100000, 0x0000000088100000, 0x0000000088200000|  0%| F|  |TAMS 0x0000000088100000| PB 0x0000000088100000| Untracked 
| 130|0x0000000088200000, 0x0000000088200000, 0x0000000088300000|  0%| F|  |TAMS 0x0000000088200000| PB 0x0000000088200000| Untracked 
| 131|0x0000000088300000, 0x0000000088300000, 0x0000000088400000|  0%| F|  |TAMS 0x0000000088300000| PB 0x0000000088300000| Untracked 
| 132|0x0000000088400000, 0x0000000088400000, 0x0000000088500000|  0%| F|  |TAMS 0x0000000088400000| PB 0x0000000088400000| Untracked 
| 133|0x0000000088500000, 0x0000000088500000, 0x0000000088600000|  0%| F|  |TAMS 0x0000000088500000| PB 0x0000000088500000| Untracked 
| 134|0x0000000088600000, 0x0000000088600000, 0x0000000088700000|  0%| F|  |TAMS 0x0000000088600000| PB 0x0000000088600000| Untracked 
| 135|0x0000000088700000, 0x0000000088700000, 0x0000000088800000|  0%| F|  |TAMS 0x0000000088700000| PB 0x0000000088700000| Untracked 
| 136|0x0000000088800000, 0x0000000088800000, 0x0000000088900000|  0%| F|  |TAMS 0x0000000088800000| PB 0x0000000088800000| Untracked 
| 137|0x0000000088900000, 0x0000000088900000, 0x0000000088a00000|  0%| F|  |TAMS 0x0000000088900000| PB 0x0000000088900000| Untracked 
| 138|0x0000000088a00000, 0x0000000088a00000, 0x0000000088b00000|  0%| F|  |TAMS 0x0000000088a00000| PB 0x0000000088a00000| Untracked 
| 139|0x0000000088b00000, 0x0000000088b00000, 0x0000000088c00000|  0%| F|  |TAMS 0x0000000088b00000| PB 0x0000000088b00000| Untracked 
| 140|0x0000000088c00000, 0x0000000088c00000, 0x0000000088d00000|  0%| F|  |TAMS 0x0000000088c00000| PB 0x0000000088c00000| Untracked 
| 141|0x0000000088d00000, 0x0000000088d00000, 0x0000000088e00000|  0%| F|  |TAMS 0x0000000088d00000| PB 0x0000000088d00000| Untracked 
| 142|0x0000000088e00000, 0x0000000088e00000, 0x0000000088f00000|  0%| F|  |TAMS 0x0000000088e00000| PB 0x0000000088e00000| Untracked 
| 143|0x0000000088f00000, 0x0000000088f00000, 0x0000000089000000|  0%| F|  |TAMS 0x0000000088f00000| PB 0x0000000088f00000| Untracked 
| 144|0x0000000089000000, 0x0000000089000000, 0x0000000089100000|  0%| F|  |TAMS 0x0000000089000000| PB 0x0000000089000000| Untracked 
| 145|0x0000000089100000, 0x0000000089100000, 0x0000000089200000|  0%| F|  |TAMS 0x0000000089100000| PB 0x0000000089100000| Untracked 
| 146|0x0000000089200000, 0x0000000089200000, 0x0000000089300000|  0%| F|  |TAMS 0x0000000089200000| PB 0x0000000089200000| Untracked 
| 147|0x0000000089300000, 0x0000000089300000, 0x0000000089400000|  0%| F|  |TAMS 0x0000000089300000| PB 0x0000000089300000| Untracked 
| 148|0x0000000089400000, 0x0000000089400000, 0x0000000089500000|  0%| F|  |TAMS 0x0000000089400000| PB 0x0000000089400000| Untracked 
| 149|0x0000000089500000, 0x0000000089500000, 0x0000000089600000|  0%| F|  |TAMS 0x0000000089500000| PB 0x0000000089500000| Untracked 
| 150|0x0000000089600000, 0x0000000089600000, 0x0000000089700000|  0%| F|  |TAMS 0x0000000089600000| PB 0x0000000089600000| Untracked 
| 151|0x0000000089700000, 0x0000000089780a80, 0x0000000089800000| 50%| E|  |TAMS 0x0000000089700000| PB 0x0000000089700000| Complete 
| 152|0x0000000089800000, 0x0000000089900000, 0x0000000089900000|100%| E|CS|TAMS 0x0000000089800000| PB 0x0000000089800000| Complete 
| 153|0x0000000089900000, 0x0000000089a00000, 0x0000000089a00000|100%| E|CS|TAMS 0x0000000089900000| PB 0x0000000089900000| Complete 
| 154|0x0000000089a00000, 0x0000000089b00000, 0x0000000089b00000|100%| E|CS|TAMS 0x0000000089a00000| PB 0x0000000089a00000| Complete 
| 155|0x0000000089b00000, 0x0000000089c00000, 0x0000000089c00000|100%| E|CS|TAMS 0x0000000089b00000| PB 0x0000000089b00000| Complete 
| 156|0x0000000089c00000, 0x0000000089d00000, 0x0000000089d00000|100%| E|CS|TAMS 0x0000000089c00000| PB 0x0000000089c00000| Complete 
| 157|0x0000000089d00000, 0x0000000089e00000, 0x0000000089e00000|100%| E|CS|TAMS 0x0000000089d00000| PB 0x0000000089d00000| Complete 
| 213|0x000000008d500000, 0x000000008d600000, 0x000000008d600000|100%| E|CS|TAMS 0x000000008d500000| PB 0x000000008d500000| Complete 
| 214|0x000000008d600000, 0x000000008d700000, 0x000000008d700000|100%| E|CS|TAMS 0x000000008d600000| PB 0x000000008d600000| Complete 
| 215|0x000000008d700000, 0x000000008d800000, 0x000000008d800000|100%| E|CS|TAMS 0x000000008d700000| PB 0x000000008d700000| Complete 
| 216|0x000000008d800000, 0x000000008d900000, 0x000000008d900000|100%| E|CS|TAMS 0x000000008d800000| PB 0x000000008d800000| Complete 
| 217|0x000000008d900000, 0x000000008da00000, 0x000000008da00000|100%| E|  |TAMS 0x000000008d900000| PB 0x000000008d900000| Complete 
| 218|0x000000008da00000, 0x000000008db00000, 0x000000008db00000|100%| E|CS|TAMS 0x000000008da00000| PB 0x000000008da00000| Complete 
| 219|0x000000008db00000, 0x000000008dc00000, 0x000000008dc00000|100%| E|CS|TAMS 0x000000008db00000| PB 0x000000008db00000| Complete 
| 220|0x000000008dc00000, 0x000000008dd00000, 0x000000008dd00000|100%| E|CS|TAMS 0x000000008dc00000| PB 0x000000008dc00000| Complete 
| 221|0x000000008dd00000, 0x000000008de00000, 0x000000008de00000|100%| E|CS|TAMS 0x000000008dd00000| PB 0x000000008dd00000| Complete 
| 222|0x000000008de00000, 0x000000008df00000, 0x000000008df00000|100%| E|CS|TAMS 0x000000008de00000| PB 0x000000008de00000| Complete 
| 223|0x000000008df00000, 0x000000008e000000, 0x000000008e000000|100%| E|CS|TAMS 0x000000008df00000| PB 0x000000008df00000| Complete 
| 255|0x000000008ff00000, 0x0000000090000000, 0x0000000090000000|100%| E|CS|TAMS 0x000000008ff00000| PB 0x000000008ff00000| Complete 
|2038|0x00000000ff600000, 0x00000000ff6c8eb0, 0x00000000ff700000| 78%| O|  |TAMS 0x00000000ff600000| PB 0x00000000ff600000| Untracked 
|2039|0x00000000ff700000, 0x00000000ff800000, 0x00000000ff800000|100%| O|  |TAMS 0x00000000ff700000| PB 0x00000000ff700000| Untracked 
|2040|0x00000000ff800000, 0x00000000ff900000, 0x00000000ff900000|100%| O|  |TAMS 0x00000000ff800000| PB 0x00000000ff800000| Untracked 
|2041|0x00000000ff900000, 0x00000000ffa00000, 0x00000000ffa00000|100%| O|  |TAMS 0x00000000ff900000| PB 0x00000000ff900000| Untracked 
|2042|0x00000000ffa00000, 0x00000000ffb00000, 0x00000000ffb00000|100%| O|  |TAMS 0x00000000ffa00000| PB 0x00000000ffa00000| Untracked 
|2043|0x00000000ffb00000, 0x00000000ffc00000, 0x00000000ffc00000|100%| O|  |TAMS 0x00000000ffb00000| PB 0x00000000ffb00000| Untracked 
|2044|0x00000000ffc00000, 0x00000000ffd00000, 0x00000000ffd00000|100%| O|  |TAMS 0x00000000ffc00000| PB 0x00000000ffc00000| Untracked 
|2045|0x00000000ffd00000, 0x00000000ffe00000, 0x00000000ffe00000|100%| O|  |TAMS 0x00000000ffd00000| PB 0x00000000ffd00000| Untracked 
|2046|0x00000000ffe00000, 0x00000000fff00000, 0x00000000fff00000|100%| O|  |TAMS 0x00000000ffe00000| PB 0x00000000ffe00000| Untracked 
|2047|0x00000000fff00000, 0x0000000100000000, 0x0000000100000000|100%| O|  |TAMS 0x00000000fff00000| PB 0x00000000fff00000| Untracked 

Card table byte_map: [0x00000287159c0000,0x0000028715dc0000] _byte_map_base: 0x00000287155c0000

Marking Bits: (CMBitMap*) 0x00000287031809c0
 Bits: [0x0000028715dc0000, 0x0000028717dc0000)

Polling page: 0x00000287028f0000

Metaspace:

Usage:
  Non-class:     94.07 MB used.
      Class:     15.26 MB used.
       Both:    109.34 MB used.

Virtual space:
  Non-class space:      128.00 MB reserved,      95.06 MB ( 74%) committed,  2 nodes.
      Class space:        1.00 GB reserved,      16.19 MB (  2%) committed,  1 nodes.
             Both:        1.12 GB reserved,     111.25 MB ( 10%) committed. 

Chunk freelists:
   Non-Class:  832.00 KB
       Class:  15.69 MB
        Both:  16.50 MB

MaxMetaspaceSize: unlimited
CompressedClassSpaceSize: 1.00 GB
Initial GC threshold: 21.00 MB
Current GC threshold: 176.56 MB
CDS: off
 - commit_granule_bytes: 65536.
 - commit_granule_words: 8192.
 - virtual_space_node_default_size: 8388608.
 - enlarge_chunks_in_place: 1.
 - use_allocation_guard: 0.


Internal statistics:

num_allocs_failed_limit: 9.
num_arena_births: 3956.
num_arena_deaths: 0.
num_vsnodes_births: 3.
num_vsnodes_deaths: 0.
num_space_committed: 1780.
num_space_uncommitted: 0.
num_chunks_returned_to_freelist: 9.
num_chunks_taken_from_freelist: 8612.
num_chunk_merges: 9.
num_chunk_splits: 5640.
num_chunks_enlarged: 3574.
num_inconsistent_stats: 0.

CodeHeap 'non-profiled nmethods': size=120000Kb used=6873Kb max_used=6873Kb free=113126Kb
 bounds [0x000002870dd60000, 0x000002870e420000, 0x0000028715290000]
CodeHeap 'profiled nmethods': size=120000Kb used=19546Kb max_used=19546Kb free=100453Kb
 bounds [0x0000028706290000, 0x00000287075b0000, 0x000002870d7c0000]
CodeHeap 'non-nmethods': size=5760Kb used=2698Kb max_used=2805Kb free=3061Kb
 bounds [0x000002870d7c0000, 0x000002870daa0000, 0x000002870dd60000]
CodeCache: size=245760Kb, used=29117Kb, max_used=29224Kb, free=216640Kb
 total_blobs=11469, nmethods=10487, adapters=886, full_count=0
Compilation: enabled, stopped_count=0, restarted_count=0

Compilation events (20 events):
Event: 12.372 Thread 0x000002871a984af0 12251       3       com.google.protobuf.DescriptorProtos$FieldDescriptorProto::hasOptions (17 bytes)
Event: 12.372 Thread 0x000002871a984af0 nmethod 12251 0x000002870757b910 code [0x000002870757baa0, 0x000002870757bc08]
Event: 12.372 Thread 0x000002871a984af0 12253       3       com.google.protobuf.DescriptorProtos$EnumDescriptorProto::isInitialized (83 bytes)
Event: 12.373 Thread 0x000002871a984af0 nmethod 12253 0x000002870757bc90 code [0x000002870757bee0, 0x000002870757c7c8]
Event: 12.373 Thread 0x000002871a984af0 12254       3       com.google.protobuf.DescriptorProtos$DescriptorProto::getEnumTypeCount (10 bytes)
Event: 12.373 Thread 0x000002871a984af0 nmethod 12254 0x000002870757ca90 code [0x000002870757cc40, 0x000002870757ce10]
Event: 12.373 Thread 0x000002871a984af0 12252       1       com.google.protobuf.SmallSortedMap$EmptySet$1::hasNext (2 bytes)
Event: 12.373 Thread 0x000002871a984af0 nmethod 12252 0x000002870e414510 code [0x000002870e4146a0, 0x000002870e414768]
Event: 12.373 Thread 0x000002871a984af0 12257       3       com.google.protobuf.DescriptorProtos$DescriptorProto::isInitialized (253 bytes)
Event: 12.374 Thread 0x000002871a984af0 nmethod 12257 0x000002870757cf10 code [0x000002870757d380, 0x000002870757f350]
Event: 12.374 Thread 0x000002871a984af0 12256       3       com.google.protobuf.DescriptorProtos$DescriptorProto::getNestedTypeCount (10 bytes)
Event: 12.374 Thread 0x000002871a984af0 nmethod 12256 0x000002870757fd10 code [0x000002870757fec0, 0x0000028707580090]
Event: 12.374 Thread 0x000002871a984af0 12258       3       com.google.protobuf.DescriptorProtos$DescriptorProto::getOneofDeclCount (10 bytes)
Event: 12.374 Thread 0x000002871a984af0 nmethod 12258 0x0000028707580190 code [0x0000028707580340, 0x0000028707580510]
Event: 12.374 Thread 0x000002871a984af0 12255       3       com.google.protobuf.DescriptorProtos$DescriptorProto::getEnumType (14 bytes)
Event: 12.374 Thread 0x000002871a984af0 nmethod 12255 0x0000028707580610 code [0x00000287075807c0, 0x0000028707580a68]
Event: 12.374 Thread 0x000002871a984af0 12259       3       com.google.protobuf.DescriptorProtos$DescriptorProto::getExtensionRangeCount (10 bytes)
Event: 12.374 Thread 0x000002871a984af0 nmethod 12259 0x0000028707580b90 code [0x0000028707580d40, 0x0000028707580f10]
Event: 12.374 Thread 0x000002871a984af0 12260       3       com.google.protobuf.DescriptorProtos$DescriptorProto::hasOptions (15 bytes)
Event: 12.375 Thread 0x000002871a984af0 nmethod 12260 0x0000028707581010 code [0x00000287075811a0, 0x0000028707581308]

GC Heap History (20 events):
Event: 7.913 GC heap before
{Heap before GC invocations=24 (full 0):
 garbage-first heap   total 145408K, used 129364K [0x0000000080000000, 0x0000000100000000)
  region size 1024K, 48 young (49152K), 6 survivors (6144K)
 Metaspace       used 82912K, committed 84736K, reserved 1179648K
  class space    used 11397K, committed 12288K, reserved 1048576K
}
Event: 7.918 GC heap after
{Heap after GC invocations=25 (full 0):
 garbage-first heap   total 175104K, used 87689K [0x0000000080000000, 0x0000000100000000)
  region size 1024K, 3 young (3072K), 3 survivors (3072K)
 Metaspace       used 82912K, committed 84736K, reserved 1179648K
  class space    used 11397K, committed 12288K, reserved 1048576K
}
Event: 7.934 GC heap before
{Heap before GC invocations=25 (full 0):
 garbage-first heap   total 175104K, used 88713K [0x0000000080000000, 0x0000000100000000)
  region size 1024K, 5 young (5120K), 3 survivors (3072K)
 Metaspace       used 83073K, committed 84864K, reserved 1179648K
  class space    used 11413K, committed 12288K, reserved 1048576K
}
Event: 7.936 GC heap after
{Heap after GC invocations=26 (full 0):
 garbage-first heap   total 175104K, used 87730K [0x0000000080000000, 0x0000000100000000)
  region size 1024K, 3 young (3072K), 3 survivors (3072K)
 Metaspace       used 83073K, committed 84864K, reserved 1179648K
  class space    used 11413K, committed 12288K, reserved 1048576K
}
Event: 8.468 GC heap before
{Heap before GC invocations=27 (full 0):
 garbage-first heap   total 175104K, used 150194K [0x0000000080000000, 0x0000000100000000)
  region size 1024K, 60 young (61440K), 3 survivors (3072K)
 Metaspace       used 88801K, committed 90624K, reserved 1179648K
  class space    used 12214K, committed 13120K, reserved 1048576K
}
Event: 8.472 GC heap after
{Heap after GC invocations=28 (full 0):
 garbage-first heap   total 175104K, used 94576K [0x0000000080000000, 0x0000000100000000)
  region size 1024K, 6 young (6144K), 6 survivors (6144K)
 Metaspace       used 88801K, committed 90624K, reserved 1179648K
  class space    used 12214K, committed 13120K, reserved 1048576K
}
Event: 8.881 GC heap before
{Heap before GC invocations=28 (full 0):
 garbage-first heap   total 175104K, used 150896K [0x0000000080000000, 0x0000000100000000)
  region size 1024K, 61 young (62464K), 6 survivors (6144K)
 Metaspace       used 90477K, committed 92288K, reserved 1179648K
  class space    used 12447K, committed 13312K, reserved 1048576K
}
Event: 8.887 GC heap after
{Heap after GC invocations=29 (full 0):
 garbage-first heap   total 175104K, used 98480K [0x0000000080000000, 0x0000000100000000)
  region size 1024K, 8 young (8192K), 8 survivors (8192K)
 Metaspace       used 90477K, committed 92288K, reserved 1179648K
  class space    used 12447K, committed 13312K, reserved 1048576K
}
Event: 9.236 GC heap before
{Heap before GC invocations=29 (full 0):
 garbage-first heap   total 175104K, used 150704K [0x0000000080000000, 0x0000000100000000)
  region size 1024K, 60 young (61440K), 8 survivors (8192K)
 Metaspace       used 94205K, committed 96128K, reserved 1179648K
  class space    used 12954K, committed 13888K, reserved 1048576K
}
Event: 9.241 GC heap after
{Heap after GC invocations=30 (full 0):
 garbage-first heap   total 175104K, used 101560K [0x0000000080000000, 0x0000000100000000)
  region size 1024K, 4 young (4096K), 4 survivors (4096K)
 Metaspace       used 94205K, committed 96128K, reserved 1179648K
  class space    used 12954K, committed 13888K, reserved 1048576K
}
Event: 9.722 GC heap before
{Heap before GC invocations=31 (full 0):
 garbage-first heap   total 175104K, used 157880K [0x0000000080000000, 0x0000000100000000)
  region size 1024K, 58 young (59392K), 4 survivors (4096K)
 Metaspace       used 98014K, committed 99904K, reserved 1179648K
  class space    used 13690K, committed 14592K, reserved 1048576K
}
Event: 9.727 GC heap after
{Heap after GC invocations=32 (full 0):
 garbage-first heap   total 175104K, used 102429K [0x0000000080000000, 0x0000000100000000)
  region size 1024K, 5 young (5120K), 5 survivors (5120K)
 Metaspace       used 98014K, committed 99904K, reserved 1179648K
  class space    used 13690K, committed 14592K, reserved 1048576K
}
Event: 10.339 GC heap before
{Heap before GC invocations=32 (full 0):
 garbage-first heap   total 175104K, used 158749K [0x0000000080000000, 0x0000000100000000)
  region size 1024K, 60 young (61440K), 5 survivors (5120K)
 Metaspace       used 101848K, committed 103808K, reserved 1179648K
  class space    used 14249K, committed 15232K, reserved 1048576K
}
Event: 10.346 GC heap after
{Heap after GC invocations=33 (full 0):
 garbage-first heap   total 175104K, used 103295K [0x0000000080000000, 0x0000000100000000)
  region size 1024K, 7 young (7168K), 7 survivors (7168K)
 Metaspace       used 101848K, committed 103808K, reserved 1179648K
  class space    used 14249K, committed 15232K, reserved 1048576K
}
Event: 11.057 GC heap before
{Heap before GC invocations=33 (full 0):
 garbage-first heap   total 175104K, used 159615K [0x0000000080000000, 0x0000000100000000)
  region size 1024K, 62 young (63488K), 7 survivors (7168K)
 Metaspace       used 106083K, committed 108096K, reserved 1179648K
  class space    used 14908K, committed 15872K, reserved 1048576K
}
Event: 11.063 GC heap after
{Heap after GC invocations=34 (full 0):
 garbage-first heap   total 175104K, used 106258K [0x0000000080000000, 0x0000000100000000)
  region size 1024K, 8 young (8192K), 8 survivors (8192K)
 Metaspace       used 106083K, committed 108096K, reserved 1179648K
  class space    used 14908K, committed 15872K, reserved 1048576K
}
Event: 11.811 GC heap before
{Heap before GC invocations=35 (full 0):
 garbage-first heap   total 179200K, used 161554K [0x0000000080000000, 0x0000000100000000)
  region size 1024K, 62 young (63488K), 8 survivors (8192K)
 Metaspace       used 110399K, committed 112384K, reserved 1179648K
  class space    used 15482K, committed 16448K, reserved 1048576K
}
Event: 11.821 GC heap after
{Heap after GC invocations=36 (full 0):
 garbage-first heap   total 179200K, used 110151K [0x0000000080000000, 0x0000000100000000)
  region size 1024K, 7 young (7168K), 7 survivors (7168K)
 Metaspace       used 110399K, committed 112384K, reserved 1179648K
  class space    used 15482K, committed 16448K, reserved 1048576K
}
Event: 12.270 GC heap before
{Heap before GC invocations=36 (full 0):
 garbage-first heap   total 179200K, used 166471K [0x0000000080000000, 0x0000000100000000)
  region size 1024K, 62 young (63488K), 7 survivors (7168K)
 Metaspace       used 111163K, committed 113216K, reserved 1179648K
  class space    used 15574K, committed 16576K, reserved 1048576K
}
Event: 12.282 GC heap after
{Heap after GC invocations=37 (full 0):
 garbage-first heap   total 184320K, used 117539K [0x0000000080000000, 0x0000000100000000)
  region size 1024K, 8 young (8192K), 8 survivors (8192K)
 Metaspace       used 111163K, committed 113216K, reserved 1179648K
  class space    used 15574K, committed 16576K, reserved 1048576K
}

Dll operation events (3 events):
Event: 0.007 Loaded shared library C:\Program Files\Android\Android Studio\jbr\bin\java.dll
Event: 0.012 Loaded shared library C:\Program Files\Android\Android Studio\jbr\bin\zip.dll
Event: 0.482 Loaded shared library C:\Program Files\Android\Android Studio\jbr\bin\verify.dll

Deoptimization events (20 events):
Event: 11.908 Thread 0x000002872161f830 Uncommon trap: trap_request=0xffffffde fr.pc=0x000002870e001bd0 relative=0x0000000000000290
Event: 11.908 Thread 0x000002872161f830 Uncommon trap: reason=class_check action=maybe_recompile pc=0x000002870e001bd0 method=java.util.stream.StreamOpFlag.fromCharacteristics(Ljava/util/Spliterator;)I @ 14 c2
Event: 11.908 Thread 0x000002872161f830 DEOPT PACKING pc=0x000002870e001bd0 sp=0x000000d43cafb390
Event: 11.908 Thread 0x000002872161f830 DEOPT UNPACKING pc=0x000002870d8143a2 sp=0x000000d43cafb278 mode 2
Event: 11.912 Thread 0x000002872161f830 Uncommon trap: trap_request=0xffffff45 fr.pc=0x000002870de2100c relative=0x000000000000070c
Event: 11.913 Thread 0x000002872161f830 Uncommon trap: reason=unstable_if action=reinterpret pc=0x000002870de2100c method=java.util.HashMap$HashIterator.<init>(Ljava/util/HashMap;)V @ 45 c2
Event: 11.913 Thread 0x000002872161f830 DEOPT PACKING pc=0x000002870de2100c sp=0x000000d43cafb8c0
Event: 11.913 Thread 0x000002872161f830 DEOPT UNPACKING pc=0x000002870d8143a2 sp=0x000000d43cafb750 mode 2
Event: 11.921 Thread 0x000002872161f830 Uncommon trap: trap_request=0xffffff45 fr.pc=0x000002870e2fa1d4 relative=0x00000000000003f4
Event: 11.921 Thread 0x000002872161f830 Uncommon trap: reason=unstable_if action=reinterpret pc=0x000002870e2fa1d4 method=org.codehaus.groovy.runtime.metaclass.MetaMethodIndex.isOverridden(Lgroovy/lang/MetaMethod;Lgroovy/lang/MetaMethod;)Z @ 52 c2
Event: 11.921 Thread 0x000002872161f830 DEOPT PACKING pc=0x000002870e2fa1d4 sp=0x000000d43caf9b00
Event: 11.921 Thread 0x000002872161f830 DEOPT UNPACKING pc=0x000002870d8143a2 sp=0x000000d43caf9aa0 mode 2
Event: 11.927 Thread 0x000002872161f830 Uncommon trap: trap_request=0xffffff45 fr.pc=0x000002870e309178 relative=0x0000000000000958
Event: 11.927 Thread 0x000002872161f830 Uncommon trap: reason=unstable_if action=reinterpret pc=0x000002870e309178 method=sun.reflect.generics.parser.SignatureParser.parseZeroOrMoreTypeSignatures()[Lsun/reflect/generics/tree/TypeSignature; @ 18 c2
Event: 11.927 Thread 0x000002872161f830 DEOPT PACKING pc=0x000002870e309178 sp=0x000000d43caf95c0
Event: 11.927 Thread 0x000002872161f830 DEOPT UNPACKING pc=0x000002870d8143a2 sp=0x000000d43caf9148 mode 2
Event: 12.173 Thread 0x000002872161f830 Uncommon trap: trap_request=0xffffff45 fr.pc=0x000002870e3d6c38 relative=0x00000000000005f8
Event: 12.173 Thread 0x000002872161f830 Uncommon trap: reason=unstable_if action=reinterpret pc=0x000002870e3d6c38 method=groovy.lang.MetaClassImpl.filterPropertyMethod(Ljava/lang/Object;ZZ)Ljava/lang/Object; @ 60 c2
Event: 12.173 Thread 0x000002872161f830 DEOPT PACKING pc=0x000002870e3d6c38 sp=0x000000d43caf8e30
Event: 12.173 Thread 0x000002872161f830 DEOPT UNPACKING pc=0x000002870d8143a2 sp=0x000000d43caf8d90 mode 2

Classes loaded (20 events):
Event: 11.462 Loading class java/net/spi/InetAddressResolverProvider
Event: 11.462 Loading class java/net/spi/InetAddressResolverProvider done
Event: 11.465 Loading class sun/net/InetAddressCachePolicy
Event: 11.465 Loading class sun/net/InetAddressCachePolicy done
Event: 11.465 Loading class sun/net/InetAddressCachePolicy$1
Event: 11.465 Loading class sun/net/InetAddressCachePolicy$1 done
Event: 11.465 Loading class java/net/InetAddress$CachedLookup
Event: 11.465 Loading class java/net/InetAddress$CachedLookup done
Event: 11.465 Loading class java/net/InetAddress$CachedLocalHost
Event: 11.465 Loading class java/net/InetAddress$CachedLocalHost done
Event: 11.739 Loading class java/util/concurrent/LinkedBlockingDeque$Itr
Event: 11.739 Loading class java/util/concurrent/LinkedBlockingDeque$AbstractItr
Event: 11.739 Loading class java/util/concurrent/LinkedBlockingDeque$AbstractItr done
Event: 11.739 Loading class java/util/concurrent/LinkedBlockingDeque$Itr done
Event: 11.908 Loading class java/util/TreeMap$KeySpliterator
Event: 11.908 Loading class java/util/TreeMap$TreeMapSpliterator
Event: 11.908 Loading class java/util/TreeMap$TreeMapSpliterator done
Event: 11.908 Loading class java/util/TreeMap$KeySpliterator done
Event: 12.214 Loading class java/io/FilterReader
Event: 12.214 Loading class java/io/FilterReader done

Classes unloaded (0 events):
No events

Classes redefined (0 events):
No events

Internal exceptions (20 events):
Event: 12.343 Thread 0x000002872161f830 Exception <a 'sun/nio/fs/WindowsException'{0x000000008d7cc318}> (0x000000008d7cc318) 
thrown [s\src\hotspot\share\prims\jni.cpp, line 537]
Event: 12.344 Thread 0x000002872161f830 Exception <a 'sun/nio/fs/WindowsException'{0x000000008d7ff2a0}> (0x000000008d7ff2a0) 
thrown [s\src\hotspot\share\prims\jni.cpp, line 537]
Event: 12.345 Thread 0x000002872161f830 Exception <a 'sun/nio/fs/WindowsException'{0x000000008d638700}> (0x000000008d638700) 
thrown [s\src\hotspot\share\prims\jni.cpp, line 537]
Event: 12.346 Thread 0x000002872161f830 Exception <a 'sun/nio/fs/WindowsException'{0x000000008d649a50}> (0x000000008d649a50) 
thrown [s\src\hotspot\share\prims\jni.cpp, line 537]
Event: 12.346 Thread 0x000002872161f830 Exception <a 'sun/nio/fs/WindowsException'{0x000000008d6552c8}> (0x000000008d6552c8) 
thrown [s\src\hotspot\share\prims\jni.cpp, line 537]
Event: 12.347 Thread 0x000002872161f830 Exception <a 'sun/nio/fs/WindowsException'{0x000000008d669a60}> (0x000000008d669a60) 
thrown [s\src\hotspot\share\prims\jni.cpp, line 537]
Event: 12.348 Thread 0x000002872161f830 Exception <a 'sun/nio/fs/WindowsException'{0x000000008d675858}> (0x000000008d675858) 
thrown [s\src\hotspot\share\prims\jni.cpp, line 537]
Event: 12.349 Thread 0x000002872161f830 Exception <a 'sun/nio/fs/WindowsException'{0x000000008d682b48}> (0x000000008d682b48) 
thrown [s\src\hotspot\share\prims\jni.cpp, line 537]
Event: 12.353 Thread 0x000002872161f830 Exception <a 'sun/nio/fs/WindowsException'{0x000000008d6f96e8}> (0x000000008d6f96e8) 
thrown [s\src\hotspot\share\prims\jni.cpp, line 537]
Event: 12.354 Thread 0x000002872161f830 Exception <a 'sun/nio/fs/WindowsException'{0x000000008d504d48}> (0x000000008d504d48) 
thrown [s\src\hotspot\share\prims\jni.cpp, line 537]
Event: 12.354 Thread 0x000002872161f830 Exception <a 'sun/nio/fs/WindowsException'{0x000000008d512000}> (0x000000008d512000) 
thrown [s\src\hotspot\share\prims\jni.cpp, line 537]
Event: 12.355 Thread 0x000002872161f830 Exception <a 'sun/nio/fs/WindowsException'{0x000000008d537880}> (0x000000008d537880) 
thrown [s\src\hotspot\share\prims\jni.cpp, line 537]
Event: 12.361 Thread 0x000002872161f830 Exception <a 'sun/nio/fs/WindowsException'{0x0000000089d013f0}> (0x0000000089d013f0) 
thrown [s\src\hotspot\share\prims\jni.cpp, line 537]
Event: 12.362 Thread 0x000002872161f830 Exception <a 'sun/nio/fs/WindowsException'{0x0000000089d0e660}> (0x0000000089d0e660) 
thrown [s\src\hotspot\share\prims\jni.cpp, line 537]
Event: 12.365 Thread 0x000002872161f830 Exception <a 'sun/nio/fs/WindowsException'{0x0000000089d50bd8}> (0x0000000089d50bd8) 
thrown [s\src\hotspot\share\prims\jni.cpp, line 537]
Event: 12.366 Thread 0x000002872161f830 Exception <a 'sun/nio/fs/WindowsException'{0x0000000089d5dc90}> (0x0000000089d5dc90) 
thrown [s\src\hotspot\share\prims\jni.cpp, line 537]
Event: 12.374 Thread 0x000002872161f830 Exception <a 'sun/nio/fs/WindowsException'{0x0000000089c54ec0}> (0x0000000089c54ec0) 
thrown [s\src\hotspot\share\prims\jni.cpp, line 537]
Event: 12.375 Thread 0x000002872161f830 Exception <a 'sun/nio/fs/WindowsException'{0x0000000089c5eca0}> (0x0000000089c5eca0) 
thrown [s\src\hotspot\share\prims\jni.cpp, line 537]
Event: 12.376 Thread 0x000002872161f830 Exception <a 'sun/nio/fs/WindowsException'{0x0000000089c695f8}> (0x0000000089c695f8) 
thrown [s\src\hotspot\share\prims\jni.cpp, line 537]
Event: 12.377 Thread 0x000002872161f830 Exception <a 'sun/nio/fs/WindowsException'{0x0000000089c779c8}> (0x0000000089c779c8) 
thrown [s\src\hotspot\share\prims\jni.cpp, line 537]

ZGC Phase Switch (0 events):
No events

VM Operations (20 events):
Event: 11.166 Executing safepoint VM operation: G1PauseCleanup
Event: 11.166 Executing safepoint VM operation: G1PauseCleanup done
Event: 11.360 Executing non-safepoint VM operation: HandshakeAllThreads (Deoptimize)
Event: 11.360 Executing non-safepoint VM operation: HandshakeAllThreads (Deoptimize) done
Event: 11.405 Executing non-safepoint VM operation: HandshakeAllThreads (Deoptimize)
Event: 11.405 Executing non-safepoint VM operation: HandshakeAllThreads (Deoptimize) done
Event: 11.576 Executing safepoint VM operation: ICBufferFull
Event: 11.576 Executing safepoint VM operation: ICBufferFull done
Event: 11.746 Executing non-safepoint VM operation: HandshakeAllThreads (Deoptimize)
Event: 11.746 Executing non-safepoint VM operation: HandshakeAllThreads (Deoptimize) done
Event: 11.749 Executing non-safepoint VM operation: HandshakeAllThreads (Deoptimize)
Event: 11.749 Executing non-safepoint VM operation: HandshakeAllThreads (Deoptimize) done
Event: 11.811 Executing safepoint VM operation: G1CollectForAllocation (G1 Evacuation Pause)
Event: 11.821 Executing safepoint VM operation: G1CollectForAllocation (G1 Evacuation Pause) done
Event: 11.934 Executing non-safepoint VM operation: HandshakeAllThreads (Deoptimize)
Event: 11.934 Executing non-safepoint VM operation: HandshakeAllThreads (Deoptimize) done
Event: 12.159 Executing safepoint VM operation: ICBufferFull
Event: 12.159 Executing safepoint VM operation: ICBufferFull done
Event: 12.270 Executing safepoint VM operation: G1CollectForAllocation (G1 Evacuation Pause)
Event: 12.282 Executing safepoint VM operation: G1CollectForAllocation (G1 Evacuation Pause) done

Memory protections (0 events):
No events

Nmethod flushes (20 events):
Event: 11.131 Thread 0x000002871a83d160 flushing  nmethod 0x0000028706950c10
Event: 11.131 Thread 0x000002871a83d160 flushing  nmethod 0x0000028706a92590
Event: 11.131 Thread 0x000002871a83d160 flushing  nmethod 0x0000028706ae2e90
Event: 11.131 Thread 0x000002871a83d160 flushing  nmethod 0x0000028706ae7990
Event: 11.131 Thread 0x000002871a83d160 flushing  nmethod 0x0000028706b16d10
Event: 11.131 Thread 0x000002871a83d160 flushing  nmethod 0x0000028706b18010
Event: 11.131 Thread 0x000002871a83d160 flushing  nmethod 0x0000028706b19590
Event: 11.131 Thread 0x000002871a83d160 flushing  nmethod 0x0000028706b1ad10
Event: 11.131 Thread 0x000002871a83d160 flushing  nmethod 0x0000028706b1d890
Event: 11.131 Thread 0x000002871a83d160 flushing  nmethod 0x0000028706b63490
Event: 11.131 Thread 0x000002871a83d160 flushing  nmethod 0x0000028706b63890
Event: 11.131 Thread 0x000002871a83d160 flushing  nmethod 0x0000028706b64a10
Event: 11.131 Thread 0x000002871a83d160 flushing  nmethod 0x0000028706b65910
Event: 11.131 Thread 0x000002871a83d160 flushing  nmethod 0x0000028706b90710
Event: 11.131 Thread 0x000002871a83d160 flushing  nmethod 0x0000028706b97090
Event: 11.131 Thread 0x000002871a83d160 flushing  nmethod 0x0000028706c50d10
Event: 11.131 Thread 0x000002871a83d160 flushing  nmethod 0x0000028706cba910
Event: 11.131 Thread 0x000002871a83d160 flushing  nmethod 0x0000028706cbac90
Event: 11.131 Thread 0x000002871a83d160 flushing  nmethod 0x0000028706defb90
Event: 11.131 Thread 0x000002871a83d160 flushing  nmethod 0x0000028706f4d890

Events (20 events):
Event: 5.379 Thread 0x000002872161f830 Thread added: 0x0000028724bfa610
Event: 5.854 Thread 0x000002872161f830 Thread added: 0x0000028724e9d680
Event: 5.854 Thread 0x000002872161f830 Thread added: 0x0000028724e9dd10
Event: 5.854 Thread 0x000002872161f830 Thread added: 0x0000028724ea1820
Event: 5.854 Thread 0x000002872161f830 Thread added: 0x0000028724e9fde0
Event: 5.855 Thread 0x000002872161f830 Thread added: 0x0000028724e9c2d0
Event: 5.855 Thread 0x000002872161f830 Thread added: 0x0000028724e9e3a0
Event: 5.855 Thread 0x000002872161f830 Thread added: 0x0000028724ea0b00
Event: 5.887 Thread 0x000002872161f830 Thread added: 0x0000028724ea0470
Event: 5.888 Thread 0x000002872161f830 Thread added: 0x0000028724ea1190
Event: 5.889 Thread 0x000002872161f830 Thread added: 0x0000028724ea1eb0
Event: 5.890 Thread 0x000002872161f830 Thread added: 0x0000028724e9af20
Event: 5.891 Thread 0x000002872161f830 Thread added: 0x0000028724e9cff0
Event: 5.893 Thread 0x000002872161f830 Thread added: 0x0000028724e9c960
Event: 5.911 Thread 0x000002872161f830 Thread added: 0x0000028724e9ea30
Event: 6.750 Thread 0x000002872161f830 Thread added: 0x00000287225ca520
Event: 7.062 Thread 0x000002872161f830 Thread added: 0x00000287225cf3e0
Event: 7.895 Thread 0x000002872161f830 Thread added: 0x00000287225c9800
Event: 9.446 Thread 0x000002871f1a69d0 Thread exited: 0x000002871f1a69d0
Event: 10.406 Thread 0x000002871a984af0 Thread added: 0x0000028726068b80


Dynamic libraries:
0x00007ff6f67b0000 - 0x00007ff6f67ba000 	C:\Program Files\Android\Android Studio\jbr\bin\java.exe
0x00007fff43d70000 - 0x00007fff43f88000 	C:\Windows\SYSTEM32\ntdll.dll
0x00007fff427f0000 - 0x00007fff428b4000 	C:\Windows\System32\KERNEL32.DLL
0x00007fff40ff0000 - 0x00007fff413c3000 	C:\Windows\System32\KERNELBASE.dll
0x00007fff41690000 - 0x00007fff417a1000 	C:\Windows\System32\ucrtbase.dll
0x00007fff1c560000 - 0x00007fff1c578000 	C:\Program Files\Android\Android Studio\jbr\bin\jli.dll
0x00007fff23ec0000 - 0x00007fff23edb000 	C:\Program Files\Android\Android Studio\jbr\bin\VCRUNTIME140.dll
0x00007fff43a40000 - 0x00007fff43bf2000 	C:\Windows\System32\USER32.dll
0x00007fff313c0000 - 0x00007fff3165c000 	C:\Windows\WinSxS\amd64_microsoft.windows.common-controls_6595b64144ccf1df_6.0.22621.6060_none_2712eda17382d24b\COMCTL32.dll
0x00007fff41400000 - 0x00007fff41426000 	C:\Windows\System32\win32u.dll
0x00007fff41bf0000 - 0x00007fff41c97000 	C:\Windows\System32\msvcrt.dll
0x00007fff43970000 - 0x00007fff43999000 	C:\Windows\System32\GDI32.dll
0x00007fff41430000 - 0x00007fff4154b000 	C:\Windows\System32\gdi32full.dll
0x00007fff41970000 - 0x00007fff41a0a000 	C:\Windows\System32\msvcp_win.dll
0x00007fff41d60000 - 0x00007fff41d91000 	C:\Windows\System32\IMM32.DLL
0x00007fff3cc10000 - 0x00007fff3cc1c000 	C:\Program Files\Android\Android Studio\jbr\bin\vcruntime140_1.dll
0x00007fff10770000 - 0x00007fff107fd000 	C:\Program Files\Android\Android Studio\jbr\bin\msvcp140.dll
0x00007ffefe150000 - 0x00007ffefede6000 	C:\Program Files\Android\Android Studio\jbr\bin\server\jvm.dll
0x00007fff43c70000 - 0x00007fff43d21000 	C:\Windows\System32\ADVAPI32.dll
0x00007fff438c0000 - 0x00007fff43968000 	C:\Windows\System32\sechost.dll
0x00007fff413d0000 - 0x00007fff413f8000 	C:\Windows\System32\bcrypt.dll
0x00007fff42140000 - 0x00007fff42258000 	C:\Windows\System32\RPCRT4.dll
0x00007fff439a0000 - 0x00007fff43a11000 	C:\Windows\System32\WS2_32.dll
0x00007fff40d50000 - 0x00007fff40d9d000 	C:\Windows\SYSTEM32\POWRPROF.dll
0x00007fff39300000 - 0x00007fff39334000 	C:\Windows\SYSTEM32\WINMM.dll
0x00007fff3b250000 - 0x00007fff3b25a000 	C:\Windows\SYSTEM32\VERSION.dll
0x00007fff40d30000 - 0x00007fff40d43000 	C:\Windows\SYSTEM32\UMPDC.dll
0x00007fff3fe60000 - 0x00007fff3fe78000 	C:\Windows\SYSTEM32\kernel.appcore.dll
0x00007fff3c040000 - 0x00007fff3c04a000 	C:\Program Files\Android\Android Studio\jbr\bin\jimage.dll
0x00007fff30f70000 - 0x00007fff311a3000 	C:\Windows\SYSTEM32\DBGHELP.DLL
0x00007fff428c0000 - 0x00007fff42c51000 	C:\Windows\System32\combase.dll
0x00007fff41b10000 - 0x00007fff41be8000 	C:\Windows\System32\OLEAUT32.dll
0x00007fff26930000 - 0x00007fff26962000 	C:\Windows\SYSTEM32\dbgcore.DLL
0x00007fff418f0000 - 0x00007fff4196b000 	C:\Windows\System32\bcryptPrimitives.dll
0x00007fff239a0000 - 0x00007fff239ae000 	C:\Program Files\Android\Android Studio\jbr\bin\instrument.dll
0x00007fff236f0000 - 0x00007fff23710000 	C:\Program Files\Android\Android Studio\jbr\bin\java.dll
0x00007fff236d0000 - 0x00007fff236e8000 	C:\Program Files\Android\Android Studio\jbr\bin\zip.dll
0x00007fff43020000 - 0x00007fff438bc000 	C:\Windows\System32\SHELL32.dll
0x00007fff41550000 - 0x00007fff4168f000 	C:\Windows\System32\wintypes.dll
0x00007fff3ed80000 - 0x00007fff3f69a000 	C:\Windows\SYSTEM32\windows.storage.dll
0x00007fff426e0000 - 0x00007fff427e4000 	C:\Windows\System32\SHCORE.dll
0x00007fff43c00000 - 0x00007fff43c69000 	C:\Windows\System32\shlwapi.dll
0x00007fff40db0000 - 0x00007fff40dd5000 	C:\Windows\SYSTEM32\profapi.dll
0x00007fff3adb0000 - 0x00007fff3adc0000 	C:\Program Files\Android\Android Studio\jbr\bin\net.dll
0x00007fff3b590000 - 0x00007fff3b6bc000 	C:\Windows\SYSTEM32\WINHTTP.dll
0x00007fff40340000 - 0x00007fff403a9000 	C:\Windows\system32\mswsock.dll
0x00007fff236b0000 - 0x00007fff236c6000 	C:\Program Files\Android\Android Studio\jbr\bin\nio.dll
0x00007fff23b40000 - 0x00007fff23b50000 	C:\Program Files\Android\Android Studio\jbr\bin\verify.dll
0x00007fff23950000 - 0x00007fff23977000 	C:\Users\Annu pc\.gradle\native\c067742578af261105cb4f569cf0c3c89f3d7b1fecec35dd04571415982c5e48\windows-amd64\native-platform.dll
0x00007fff09750000 - 0x00007fff09894000 	C:\Users\Annu pc\.gradle\native\38dada09dfb8b06ba9b0570ebf7e218e3eb74d4ef43ca46872605cf95ebc2f47\windows-amd64\native-platform-file-events.dll
0x00007fff24660000 - 0x00007fff24669000 	C:\Program Files\Android\Android Studio\jbr\bin\management.dll
0x00007fff23eb0000 - 0x00007fff23ebb000 	C:\Program Files\Android\Android Studio\jbr\bin\management_ext.dll
0x00007fff43a30000 - 0x00007fff43a38000 	C:\Windows\System32\PSAPI.DLL
0x00007fff405a0000 - 0x00007fff405bb000 	C:\Windows\SYSTEM32\CRYPTSP.dll
0x00007fff3fdc0000 - 0x00007fff3fdf7000 	C:\Windows\system32\rsaenh.dll
0x00007fff40430000 - 0x00007fff40458000 	C:\Windows\SYSTEM32\USERENV.dll
0x00007fff40590000 - 0x00007fff4059c000 	C:\Windows\SYSTEM32\CRYPTBASE.dll
0x00007fff3f900000 - 0x00007fff3f92d000 	C:\Windows\SYSTEM32\IPHLPAPI.DLL
0x00007fff41cc0000 - 0x00007fff41cc9000 	C:\Windows\System32\NSI.dll
0x00007fff2ddd0000 - 0x00007fff2ddd9000 	C:\Program Files\Android\Android Studio\jbr\bin\extnet.dll
0x00007fff2fe40000 - 0x00007fff2fe48000 	C:\Windows\system32\wshunix.dll
0x00007fff22ab0000 - 0x00007fff22ac7000 	C:\Windows\system32\napinsp.dll
0x00007ffed0ac0000 - 0x00007ffed0adb000 	C:\Windows\system32\pnrpnsp.dll
0x00007fff3f970000 - 0x00007fff3fa68000 	C:\Windows\SYSTEM32\DNSAPI.dll
0x00007ffeb3720000 - 0x00007ffeb3731000 	C:\Windows\System32\winrnr.dll
0x00007fff1e700000 - 0x00007fff1e715000 	C:\Windows\system32\wshbth.dll
0x00007fff14090000 - 0x00007fff140b1000 	C:\Windows\system32\nlansp_c.dll
0x00007fff38540000 - 0x00007fff3854a000 	C:\Windows\System32\rasadhlp.dll
0x00007fff3ae90000 - 0x00007fff3af14000 	C:\Windows\System32\fwpuclnt.dll

JVMTI agents:
C:\Users\Annu pc\.gradle\wrapper\dists\gradle-8.7-bin\bhs2wmbdwecv87pi65oeuq5iu\gradle-8.7\lib\agents\gradle-instrumentation-agent-8.7.jar path:C:\Program Files\Android\Android Studio\jbr\bin\instrument.dll, loaded, initialized, instrumentlib options:none

dbghelp: loaded successfully - version: 4.0.5 - missing functions: none
symbol engine: initialized successfully - sym options: 0x614 - pdb path: .;C:\Program Files\Android\Android Studio\jbr\bin;C:\Windows\SYSTEM32;C:\Windows\WinSxS\amd64_microsoft.windows.common-controls_6595b64144ccf1df_6.0.22621.6060_none_2712eda17382d24b;C:\Program Files\Android\Android Studio\jbr\bin\server;C:\Users\Annu pc\.gradle\native\c067742578af261105cb4f569cf0c3c89f3d7b1fecec35dd04571415982c5e48\windows-amd64;C:\Users\Annu pc\.gradle\native\38dada09dfb8b06ba9b0570ebf7e218e3eb74d4ef43ca46872605cf95ebc2f47\windows-amd64

VM Arguments:
jvm_args: --add-opens=java.base/java.util=ALL-UNNAMED --add-opens=java.base/java.lang=ALL-UNNAMED --add-opens=java.base/java.lang.invoke=ALL-UNNAMED --add-opens=java.prefs/java.util.prefs=ALL-UNNAMED --add-opens=java.base/java.nio.charset=ALL-UNNAMED --add-opens=java.base/java.net=ALL-UNNAMED --add-opens=java.base/java.util.concurrent.atomic=ALL-UNNAMED -Xmx2048m -Dfile.encoding=UTF-8 -Duser.country=US -Duser.language=en -Duser.variant -javaagent:C:\Users\Annu pc\.gradle\wrapper\dists\gradle-8.7-bin\bhs2wmbdwecv87pi65oeuq5iu\gradle-8.7\lib\agents\gradle-instrumentation-agent-8.7.jar 
java_command: org.gradle.launcher.daemon.bootstrap.GradleDaemon 8.7
java_class_path (initial): C:\Users\Annu pc\.gradle\wrapper\dists\gradle-8.7-bin\bhs2wmbdwecv87pi65oeuq5iu\gradle-8.7\lib\gradle-launcher-8.7.jar
Launcher Type: SUN_STANDARD

[Global flags]
     intx CICompilerCount                          = 4                                         {product} {ergonomic}
     uint ConcGCThreads                            = 2                                         {product} {ergonomic}
     uint G1ConcRefinementThreads                  = 8                                         {product} {ergonomic}
   size_t G1HeapRegionSize                         = 1048576                                   {product} {ergonomic}
    uintx GCDrainStackTargetSize                   = 64                                        {product} {ergonomic}
   size_t InitialHeapSize                          = 268435456                                 {product} {ergonomic}
   size_t MarkStackSize                            = 4194304                                   {product} {ergonomic}
   size_t MaxHeapSize                              = 2147483648                                {product} {command line}
   size_t MaxNewSize                               = 1287651328                                {product} {ergonomic}
   size_t MinHeapDeltaBytes                        = 1048576                                   {product} {ergonomic}
   size_t MinHeapSize                              = 8388608                                   {product} {ergonomic}
    uintx NonNMethodCodeHeapSize                   = 5839372                                {pd product} {ergonomic}
    uintx NonProfiledCodeHeapSize                  = 122909434                              {pd product} {ergonomic}
    uintx ProfiledCodeHeapSize                     = 122909434                              {pd product} {ergonomic}
    uintx ReservedCodeCacheSize                    = 251658240                              {pd product} {ergonomic}
     bool SegmentedCodeCache                       = true                                      {product} {ergonomic}
   size_t SoftMaxHeapSize                          = 2147483648                             {manageable} {ergonomic}
     bool UseCompressedOops                        = true                           {product lp64_product} {ergonomic}
     bool UseG1GC                                  = true                                      {product} {ergonomic}
     bool UseLargePagesIndividualAllocation        = false                                  {pd product} {ergonomic}

Logging:
Log output configuration:
 #0: stdout all=warning uptime,level,tags foldmultilines=false
 #1: stderr all=off uptime,level,tags foldmultilines=false

Release file:
JAVA_VERSION="21.0.10" 
MODULES="java.base java.compiler java.datatransfer java.xml java.prefs java.desktop java.instrument java.logging java.management java.security.sasl java.naming java.rmi java.management.rmi java.net.http java.scripting java.security.jgss java.transaction.xa java.sql java.sql.rowset java.xml.crypto java.se java.smartcardio jdk.accessibility jdk.internal.jvmstat jdk.attach jdk.charsets jdk.internal.opt jdk.zipfs jdk.compiler jdk.crypto.ec jdk.crypto.cryptoki jdk.dynalink jdk.hotspot.agent jdk.httpserver jdk.internal.ed jdk.internal.le jdk.internal.vm.ci jdk.jartool jdk.javadoc jdk.jcmd jdk.jdeps jdk.jdwp.agent jdk.jdi jdk.jfr jdk.jlink jdk.jsobject jdk.localedata jdk.management jdk.management.agent jdk.management.jfr jdk.naming.dns jdk.naming.rmi jdk.net jdk.sctp jdk.security.auth jdk.security.jgss jdk.unsupported jdk.unsupported.desktop jdk.xml.dom" 
IMPLEMENTOR="JetBrains s.r.o." 
JAVA_RUNTIME_VERSION="21.0.10+-14961533-b1163.108" 
LIBC="default" 
OS_ARCH="x86_64" 
OS_NAME="Windows" 
SOURCE=".:git:1351622c2ff2" 

Environment Variables:
JAVA_HOME=C:\Program Files\Eclipse Adoptium\jdk-17.0.18.8-hotspot
PATH=C:\Program Files\Eclipse Adoptium\jdk-17.0.18.8-hotspot\bin;C:\Program Files\Eclipse Adoptium\jdk-25.0.2.10-hotspot\bin;C:\Program Files\Common Files\Oracle\Java\javapath;C:\Windows\system32;C:\Windows;C:\Windows\System32\Wbem;C:\Windows\System32\WindowsPowerShell\v1.0\;C:\Windows\System32\OpenSSH\;C:\Program Files\Git\cmd;C:\bazel\;C:\Users\Annu pc\AppData\Local\Microsoft\WindowsApps;C:\ProgramData\Annu pc\GitHubDesktop\bin
USERNAME=Annu pc
OS=Windows_NT
PROCESSOR_IDENTIFIER=Intel64 Family 6 Model 94 Stepping 3, GenuineIntel
TMP=C:\Users\ANNUPC~1\AppData\Local\Temp
TEMP=C:\Users\ANNUPC~1\AppData\Local\Temp




Periodic native trim disabled

JNI global refs:
JNI global refs: 27, weak refs: 12

JNI global refs memory usage: 835, weak refs: 833

Process memory usage:
Resident Set Size: 498396K (2% of 16692172K total physical memory with 1924544K free physical memory)

OOME stack traces (most recent first):
Classloader memory used:
Loader org.gradle.internal.classloader.VisitableURLClassLoader                         : 40137K
Loader org.gradle.internal.classloader.VisitableURLClassLoader$InstrumentingVisitableURLClassLoader: 30362K
Loader bootstrap                                                                       : 29047K
Loader org.gradle.initialization.MixInLegacyTypesClassLoader                           : 11004K
Loader jdk.internal.loader.ClassLoaders$PlatformClassLoader                            : 515K
Loader org.gradle.internal.classloader.VisitableURLClassLoader                         : 325K
Loader jdk.internal.loader.ClassLoaders$AppClassLoader                                 : 230K
Loader jdk.internal.reflect.DelegatingClassLoader                                      : 203K
Loader org.gradle.groovy.scripts.internal.DefaultScriptCompilationHandler$ScriptClassLoader: 137K
Loader org.codehaus.groovy.runtime.callsite.CallSiteClassLoader                        : 27488B
Loader sun.reflect.misc.MethodUtil                                                     : 2984B

Classes loaded by more than one classloader:
Class Program                                                                         : loaded 5 times (x 72B)
Class Build_gradle                                                                    : loaded 3 times (x 130B)
Class Build_gradle$1                                                                  : loaded 3 times (x 74B)
Class org.gradle.internal.classloader.FilteringClassLoader                            : loaded 2 times (x 105B)
Class [Lcom.google.common.base.AbstractIterator$State;                                : loaded 2 times (x 69B)
Class com.google.common.base.CharMatcher$IsEither                                     : loaded 2 times (x 111B)
Class org.gradle.internal.classloader.ClassLoaderHierarchy                            : loaded 2 times (x 70B)
Class com.google.common.collect.ImmutableEnumSet                                      : loaded 2 times (x 146B)
Class com.google.common.util.concurrent.ExecutionError                                : loaded 2 times (x 82B)
Class com.google.common.collect.ImmutableList$1                                       : loaded 2 times (x 97B)
Class org.gradle.api.internal.classpath.ManifestUtil                                  : loaded 2 times (x 71B)
Class com.google.common.collect.RegularImmutableMap                                   : loaded 2 times (x 121B)
Class com.google.common.collect.ImmutableMap$MapViewOfValuesAsSingletonSets           : loaded 2 times (x 125B)
Class [Lorg.objectweb.asm.Symbol;                                                     : loaded 2 times (x 69B)
Class org.objectweb.asm.ClassVisitor                                                  : loaded 2 times (x 88B)
Class com.google.common.collect.UnmodifiableListIterator                              : loaded 2 times (x 95B)
Class org.objectweb.asm.MethodTooLargeException                                       : loaded 2 times (x 83B)
Class [Lcom.google.common.cache.CacheBuilder$OneWeigher;                              : loaded 2 times (x 69B)
Class com.google.common.base.Suppliers                                                : loaded 2 times (x 71B)
Class com.google.common.base.Platform$JdkPatternCompiler                              : loaded 2 times (x 75B)
Class ijKotlinCoroutineJvmDebugInit1_ciq78omtnbp7b0q0n1n5pintz                        : loaded 2 times (x 179B)
Class org.gradle.internal.classloader.DefaultClassLoaderFactory                       : loaded 2 times (x 82B)
Class com.google.common.base.CharMatcher$None                                         : loaded 2 times (x 112B)
Class org.gradle.internal.classloader.ClassLoaderVisitor                              : loaded 2 times (x 76B)
Class [Lcom.google.common.collect.ImmutableMapEntry;                                  : loaded 2 times (x 69B)
Class org.gradle.api.internal.classpath.EffectiveClassPath                            : loaded 2 times (x 90B)
Class com.google.common.collect.ImmutableEnumMap                                      : loaded 2 times (x 125B)
Class com.google.common.collect.ListMultimap                                          : loaded 2 times (x 70B)
Class com.google.common.collect.Sets$1                                                : loaded 2 times (x 139B)
Class org.objectweb.asm.AnnotationVisitor                                             : loaded 2 times (x 78B)
Class com.google.common.base.Splitter                                                 : loaded 2 times (x 72B)
Class org.gradle.api.internal.DefaultClassPathProvider                                : loaded 2 times (x 76B)
Class com.google.common.collect.Sets$2                                                : loaded 2 times (x 139B)
Class [Lorg.gradle.api.internal.ClassPathProvider;                                    : loaded 2 times (x 69B)
Class org.gradle.api.internal.ClassPathProvider                                       : loaded 2 times (x 70B)
Class [Lorg.objectweb.asm.AnnotationVisitor;                                          : loaded 2 times (x 69B)
Class com.google.common.collect.Sets$3                                                : loaded 2 times (x 139B)
Class com.google.common.util.concurrent.AbstractFuture$SafeAtomicHelper               : loaded 2 times (x 79B)
Class com.google.common.cache.LocalCache$LocalLoadingCache                            : loaded 2 times (x 134B)
Class com.google.common.base.AbstractIterator$State                                   : loaded 2 times (x 79B)
Class org.gradle.internal.service.UnknownServiceException                             : loaded 2 times (x 83B)
Class com.google.common.collect.Sets$4                                                : loaded 2 times (x 139B)
Class org.objectweb.asm.ModuleVisitor                                                 : loaded 2 times (x 81B)
Class com.google.common.cache.LocalCache$Strength$1                                   : loaded 2 times (x 81B)
Class com.google.common.util.concurrent.SettableFuture                                : loaded 2 times (x 114B)
Class com.google.common.cache.LocalCache$Strength$2                                   : loaded 2 times (x 81B)
Class com.google.common.cache.LocalCache$Strength$3                                   : loaded 2 times (x 81B)
Class com.google.common.collect.MapDifference                                         : loaded 2 times (x 70B)
Class com.google.common.base.Splitter$1                                               : loaded 2 times (x 77B)
Class org.objectweb.asm.FieldWriter                                                   : loaded 2 times (x 78B)
Class com.google.common.cache.CacheBuilder$NullListener                               : loaded 2 times (x 82B)
Class org.gradle.internal.classpath.TransformedClassPath                              : loaded 2 times (x 96B)
Class com.google.common.cache.CacheLoader$FunctionToCacheLoader                       : loaded 2 times (x 75B)
Class com.google.common.collect.Iterators$ArrayItr                                    : loaded 2 times (x 97B)
Class com.google.common.collect.ImmutableCollection$Builder                           : loaded 2 times (x 76B)
Class com.google.common.base.Joiner                                                   : loaded 2 times (x 79B)
Class com.google.common.base.MoreObjects                                              : loaded 2 times (x 71B)
Class [Lorg.objectweb.asm.Type;                                                       : loaded 2 times (x 69B)
Class com.google.common.collect.Platform                                              : loaded 2 times (x 71B)
Class com.google.common.collect.UnmodifiableIterator                                  : loaded 2 times (x 80B)
Class ijKotlinCoroutineJvmDebugInit1_ciq78omtnbp7b0q0n1n5pintz$_run_closure1          : loaded 2 times (x 139B)
Class org.gradle.internal.service.ServiceLocator                                      : loaded 2 times (x 70B)
Class com.google.common.base.Ascii                                                    : loaded 2 times (x 71B)
Class com.google.common.collect.SingletonImmutableBiMap                               : loaded 2 times (x 143B)
Class com.google.common.cache.LocalCache$1                                            : loaded 2 times (x 89B)
Class com.google.common.collect.AbstractMapEntry                                      : loaded 2 times (x 81B)
Class com.google.common.collect.Sets$ImprovedAbstractSet                              : loaded 2 times (x 135B)
Class com.google.common.collect.ImmutableList$Builder                                 : loaded 2 times (x 77B)
Class com.google.common.cache.LocalCache$2                                            : loaded 2 times (x 142B)
Class com.google.common.collect.AbstractMultimap                                      : loaded 2 times (x 123B)
Class com.google.common.util.concurrent.AbstractFuture$UnsafeAtomicHelper$1           : loaded 2 times (x 76B)
Class com.google.common.collect.RegularImmutableAsList                                : loaded 2 times (x 216B)
Class com.google.common.util.concurrent.AbstractFuture$Trusted                        : loaded 2 times (x 70B)
Class com.google.common.collect.Iterators                                             : loaded 2 times (x 71B)
Class com.google.common.base.CharMatcher$RangesMatcher                                : loaded 2 times (x 112B)
Class com.google.common.util.concurrent.UncheckedExecutionException                   : loaded 2 times (x 82B)
Class com.google.common.collect.Lists$StringAsImmutableList                           : loaded 2 times (x 207B)
Class org.gradle.kotlin.dsl.VersionCatalogAccessorsKt                                 : loaded 2 times (x 71B)
Class com.google.common.base.CharMatcher$JavaLetterOrDigit                            : loaded 2 times (x 111B)
Class org.gradle.internal.InternalTransformer                                         : loaded 2 times (x 70B)
Class com.google.common.collect.AbstractMapBasedMultimap$KeySet$1                     : loaded 2 times (x 82B)
Class org.objectweb.asm.ClassWriter                                                   : loaded 2 times (x 106B)
Class com.google.common.cache.CacheLoader$UnsupportedLoadingOperationException        : loaded 2 times (x 82B)
Class com.google.common.base.CharMatcher$And                                          : loaded 2 times (x 112B)
Class org.gradle.internal.classloader.ClasspathUtil$1                                 : loaded 2 times (x 76B)
Class com.google.common.base.Objects                                                  : loaded 2 times (x 71B)
Class org.objectweb.asm.FieldVisitor                                                  : loaded 2 times (x 77B)
Class com.google.common.collect.IndexedImmutableSet                                   : loaded 2 times (x 150B)
Class com.google.common.collect.ImmutableMap$1                                        : loaded 2 times (x 81B)
Class com.google.common.collect.BiMap                                                 : loaded 2 times (x 70B)
Class ijJvmDebugger1_51wf4jmyj9l9djmvenywekqyn                                        : loaded 2 times (x 179B)
Class org.gradle.api.internal.classpath.DefaultModuleRegistry$DefaultModule           : loaded 2 times (x 86B)
Class com.google.common.primitives.Ints                                               : loaded 2 times (x 71B)
Class com.google.common.collect.AbstractIterator                                      : loaded 2 times (x 82B)
Class com.google.common.math.MathPreconditions                                        : loaded 2 times (x 71B)
Class com.google.common.collect.Multiset                                              : loaded 2 times (x 70B)
Class com.google.common.collect.ArrayListMultimapGwtSerializationDependencies         : loaded 2 times (x 172B)
Class com.google.common.collect.RegularImmutableMap$KeySet                            : loaded 2 times (x 150B)
Class com.google.common.collect.AbstractIndexedListIterator                           : loaded 2 times (x 96B)
Class com.google.common.collect.ImmutableMapEntrySet                                  : loaded 2 times (x 151B)
Class org.gradle.api.internal.classpath.Module                                        : loaded 2 times (x 70B)
Class com.google.common.cache.Weigher                                                 : loaded 2 times (x 70B)
Class org.gradle.api.internal.classpath.UnknownModuleException                        : loaded 2 times (x 82B)
Class org.gradle.cache.GlobalCache                                                    : loaded 2 times (x 70B)
Class com.google.common.base.Stopwatch                                                : loaded 2 times (x 72B)
Class com.google.common.cache.LocalCache$Strength                                     : loaded 2 times (x 81B)
Class com.google.common.cache.Cache                                                   : loaded 2 times (x 70B)
Class com.google.common.util.concurrent.AbstractFuture$Cancellation                   : loaded 2 times (x 72B)
Class com.google.common.collect.ImmutableMap$Builder                                  : loaded 2 times (x 82B)
Class com.google.common.base.NullnessCasts                                            : loaded 2 times (x 71B)
Class com.google.common.cache.RemovalListener                                         : loaded 2 times (x 70B)
Class org.gradle.api.internal.DefaultClassPathRegistry                                : loaded 2 times (x 76B)
Class com.google.common.primitives.IntsMethodsForWeb                                  : loaded 2 times (x 71B)
Class com.google.common.collect.Multimap                                              : loaded 2 times (x 70B)
Class org.gradle.api.internal.ClassPathRegistry                                       : loaded 2 times (x 70B)
Class org.gradle.internal.classpath.DefaultClassPath$ImmutableUniqueList              : loaded 2 times (x 199B)
Class com.google.common.base.ExtraObjectsMethodsForWeb                                : loaded 2 times (x 71B)
Class com.google.common.base.Equivalence$Identity                                     : loaded 2 times (x 82B)
Class com.google.common.cache.CacheBuilder                                            : loaded 2 times (x 72B)
Class com.google.common.collect.SingletonImmutableList                                : loaded 2 times (x 207B)
Class Settings_gradle$1                                                               : loaded 2 times (x 75B)
Class org.gradle.internal.classpath.ClassPath                                         : loaded 2 times (x 70B)
Class org.gradle.api.UncheckedIOException                                             : loaded 2 times (x 82B)
Class com.google.common.collect.ImmutableList$ReverseImmutableList                    : loaded 2 times (x 208B)
Class com.google.common.base.JdkPattern                                               : loaded 2 times (x 75B)
Class org.objectweb.asm.SymbolTable$Entry                                             : loaded 2 times (x 74B)
Class com.google.common.util.concurrent.AbstractFuture$AtomicHelper                   : loaded 2 times (x 78B)
Class org.objectweb.asm.Edge                                                          : loaded 2 times (x 72B)
Class com.google.common.base.Suppliers$SupplierOfInstance                             : loaded 2 times (x 79B)
Class com.google.common.collect.Iterators$1                                           : loaded 2 times (x 81B)
Class com.google.common.cache.LocalCache$ComputingValueReference                      : loaded 2 times (x 96B)
Class com.google.common.collect.SingletonImmutableSet                                 : loaded 2 times (x 146B)
Class com.google.common.collect.ImmutableMap$IteratorBasedImmutableMap                : loaded 2 times (x 125B)
Class ijKotlinCoroutineJvmDebugInit1_ciq78omtnbp7b0q0n1n5pintz$_run_closure1$_closure2: loaded 2 times (x 139B)
Class com.google.common.cache.LocalCache$Segment                                      : loaded 2 times (x 154B)
Class [Lorg.objectweb.asm.SymbolTable$Entry;                                          : loaded 2 times (x 69B)
Class com.google.common.cache.CacheLoader                                             : loaded 2 times (x 74B)
Class com.google.common.collect.Iterators$4                                           : loaded 2 times (x 82B)
Class com.google.common.collect.ImmutableBiMap                                        : loaded 2 times (x 143B)
Class com.google.common.collect.AbstractListMultimap                                  : loaded 2 times (x 172B)
Class org.gradle.internal.installation.GradleInstallation$1                           : loaded 2 times (x 75B)
Class org.gradle.api.internal.classpath.ModuleRegistry                                : loaded 2 times (x 70B)
Class com.google.common.util.concurrent.internal.InternalFutureFailureAccess          : loaded 2 times (x 72B)
Class com.google.common.collect.Iterators$5                                           : loaded 2 times (x 82B)
Class com.google.common.collect.ImmutableSet$JdkBackedSetBuilderImpl                  : loaded 2 times (x 76B)
Class com.google.common.base.Splitter$SplittingIterator                               : loaded 2 times (x 84B)
Class com.google.common.util.concurrent.AbstractFuture$UnsafeAtomicHelper             : loaded 2 times (x 78B)
Class com.google.common.cache.LocalCache$LocalManualCache$1                           : loaded 2 times (x 75B)
Class com.google.common.base.CharMatcher$ForPredicate                                 : loaded 2 times (x 112B)
Class com.google.common.collect.ImmutableCollection                                   : loaded 2 times (x 125B)
Class com.google.common.base.CharMatcher$AnyOf                                        : loaded 2 times (x 112B)
Class org.gradle.api.internal.classpath.DefaultModuleRegistry                         : loaded 2 times (x 86B)
Class com.google.common.util.concurrent.ListenableFuture                              : loaded 2 times (x 70B)
Class com.google.common.cache.ReferenceEntry                                          : loaded 2 times (x 70B)
Class com.google.common.collect.ImmutableSet$CachingAsList                            : loaded 2 times (x 147B)
Class com.google.common.base.Converter                                                : loaded 2 times (x 90B)
Class com.google.common.collect.Lists                                                 : loaded 2 times (x 71B)
Class com.google.common.base.CharMatcher$Any                                          : loaded 2 times (x 112B)
Class com.google.common.util.concurrent.AbstractFuture                                : loaded 2 times (x 106B)
Class com.google.common.base.FunctionalEquivalence                                    : loaded 2 times (x 83B)
Class com.google.common.collect.Iterators$9                                           : loaded 2 times (x 81B)
Class com.google.common.collect.AbstractMapBasedMultimap                              : loaded 2 times (x 139B)
Class com.google.common.collect.ImmutableAsList                                       : loaded 2 times (x 209B)
Class org.objectweb.asm.RecordComponentVisitor                                        : loaded 2 times (x 77B)
Class com.google.common.cache.CacheLoader$SupplierToCacheLoader                       : loaded 2 times (x 75B)
Class com.google.common.collect.Maps$EntryTransformer                                 : loaded 2 times (x 70B)
Class org.gradle.internal.service.ServiceLookupException                              : loaded 2 times (x 82B)
Class [Lcom.google.common.cache.LocalCache$EntryFactory;                              : loaded 2 times (x 69B)
Class com.google.common.base.CharMatcher$JavaLetter                                   : loaded 2 times (x 111B)
Class org.gradle.internal.classloader.ClassLoaderFactory                              : loaded 2 times (x 70B)
Class com.google.common.cache.LocalCache$LocalManualCache                             : loaded 2 times (x 99B)
Class com.google.common.base.CharMatcher$IsNot                                        : loaded 2 times (x 111B)
Class com.google.common.base.CommonPattern                                            : loaded 2 times (x 74B)
Class org.gradle.internal.service.CachingServiceLocator                               : loaded 2 times (x 82B)
Class com.google.common.collect.AbstractMapBasedMultimap$KeySet                       : loaded 2 times (x 137B)
Class com.google.common.math.IntMath                                                  : loaded 2 times (x 71B)
Class com.google.common.collect.Iterators$10                                          : loaded 2 times (x 81B)
Class com.google.common.collect.ImmutableMapEntry                                     : loaded 2 times (x 85B)
Class com.google.common.base.CharMatcher$JavaDigit                                    : loaded 2 times (x 111B)
Class com.google.common.base.Equivalence                                              : loaded 2 times (x 82B)
Class com.google.common.collect.ImmutableMapEntry$NonTerminalImmutableMapEntry        : loaded 2 times (x 85B)
Class com.google.common.base.Function                                                 : loaded 2 times (x 70B)
Class com.google.common.collect.IndexedImmutableSet$1                                 : loaded 2 times (x 212B)
Class com.google.common.cache.CacheBuilder$OneWeigher                                 : loaded 2 times (x 82B)
Class com.google.common.collect.RegularImmutableList                                  : loaded 2 times (x 212B)
Class com.google.common.collect.ImmutableBiMapFauxverideShim                          : loaded 2 times (x 120B)
Class org.gradle.internal.classloader.ClasspathUtil                                   : loaded 2 times (x 71B)
Class com.google.common.base.Charsets                                                 : loaded 2 times (x 71B)
Class com.google.common.util.concurrent.Uninterruptibles                              : loaded 2 times (x 71B)
Class com.google.common.collect.Maps                                                  : loaded 2 times (x 71B)
Class com.google.common.base.CharMatcher$JavaUpperCase                                : loaded 2 times (x 111B)
Class org.gradle.api.specs.Spec                                                       : loaded 2 times (x 70B)
Class [Lcom.google.common.collect.ImmutableEntry;                                     : loaded 2 times (x 69B)
Class com.google.common.cache.LocalCache$LoadingValueReference                        : loaded 2 times (x 96B)
Class com.google.common.collect.ObjectArrays                                          : loaded 2 times (x 71B)
Class com.google.common.base.Platform                                                 : loaded 2 times (x 71B)
Class [Lorg.objectweb.asm.AnnotationWriter;                                           : loaded 2 times (x 69B)
Class com.google.common.primitives.Ints$IntConverter                                  : loaded 2 times (x 90B)
Class com.google.common.collect.Maps$8                                                : loaded 2 times (x 82B)
Class com.google.common.collect.Sets$SetView                                          : loaded 2 times (x 138B)
Class com.google.common.cache.LocalCache$StrongValueReference                         : loaded 2 times (x 90B)
Class com.google.common.util.concurrent.AbstractFuture$SynchronizedHelper             : loaded 2 times (x 78B)
Class com.google.common.base.CharMatcher$Invisible                                    : loaded 2 times (x 112B)
Class org.objectweb.asm.Type                                                          : loaded 2 times (x 72B)
Class org.gradle.internal.classloader.VisitableURLClassLoader$InstrumentingVisitableURLClassLoader: loaded 2 times (x 123B)
Class org.objectweb.asm.ByteVector                                                    : loaded 2 times (x 79B)
Class [Lcom.google.common.cache.CacheBuilder$NullListener;                            : loaded 2 times (x 69B)
Class com.google.common.math.IntMath$1                                                : loaded 2 times (x 71B)
Class org.gradle.internal.classloader.VisitableURLClassLoader$Spec                    : loaded 2 times (x 74B)
Class org.gradle.internal.classpath.DefaultClassPath                                  : loaded 2 times (x 90B)
Class org.objectweb.asm.Symbol                                                        : loaded 2 times (x 73B)
Class com.google.common.base.AbstractIterator                                         : loaded 2 times (x 80B)
Class com.google.common.collect.RegularImmutableMap$Values                            : loaded 2 times (x 207B)
Class com.google.common.collect.ImmutableSet                                          : loaded 2 times (x 145B)
Class com.google.common.base.CharMatcher$BitSetMatcher                                : loaded 2 times (x 112B)
Class com.google.common.base.CharMatcher$Ascii                                        : loaded 2 times (x 112B)
Class ijJvmDebugger1_51wf4jmyj9l9djmvenywekqyn$_run_closure1                          : loaded 2 times (x 139B)
Class org.gradle.internal.classloader.ClassLoaderSpec                                 : loaded 2 times (x 71B)
Class org.objectweb.asm.AnnotationWriter                                              : loaded 2 times (x 79B)
Class com.google.common.cache.CacheStats                                              : loaded 2 times (x 71B)
Class org.objectweb.asm.RecordComponentWriter                                         : loaded 2 times (x 78B)
Class com.google.common.util.concurrent.AbstractFuture$Listener                       : loaded 2 times (x 72B)
Class com.google.common.base.CharMatcher$Or                                           : loaded 2 times (x 112B)
Class Settings_gradle$1$1                                                             : loaded 2 times (x 75B)
Class org.objectweb.asm.Attribute                                                     : loaded 2 times (x 77B)
Class com.google.common.base.Supplier                                                 : loaded 2 times (x 70B)
Class org.gradle.internal.classloader.VisitableURLClassLoader                         : loaded 2 times (x 117B)
Class com.google.common.util.concurrent.AbstractFuture$Waiter                         : loaded 2 times (x 72B)
Class Settings_gradle                                                                 : loaded 2 times (x 128B)
Class org.gradle.internal.Cast                                                        : loaded 2 times (x 71B)
Class org.gradle.api.Action                                                           : loaded 2 times (x 70B)
Class com.google.common.collect.Sets                                                  : loaded 2 times (x 71B)
Class org.objectweb.asm.Handler                                                       : loaded 2 times (x 72B)
Class com.google.common.base.Ticker                                                   : loaded 2 times (x 72B)
Class com.google.common.base.Strings                                                  : loaded 2 times (x 71B)
Class com.google.common.base.CharMatcher$FastMatcher                                  : loaded 2 times (x 111B)
Class org.gradle.internal.agents.InstrumentingClassLoader                             : loaded 2 times (x 70B)
Class [Lcom.google.common.cache.LocalCache$Segment;                                   : loaded 2 times (x 69B)
Class [Lcom.google.common.cache.LocalCache$Strength;                                  : loaded 2 times (x 69B)
Class com.google.common.cache.CacheBuilder$1                                          : loaded 2 times (x 85B)
Class com.google.common.collect.ImmutableMap                                          : loaded 2 times (x 120B)
Class com.google.common.base.Predicate                                                : loaded 2 times (x 70B)
Class ijJvmDebugger1_51wf4jmyj9l9djmvenywekqyn$_run_closure1$_closure2                : loaded 2 times (x 140B)
Class org.gradle.internal.classpath.DefaultClassPath$ImmutableUniqueList$Builder      : loaded 2 times (x 75B)
Class com.google.common.cache.LocalCache                                              : loaded 2 times (x 187B)
Class com.google.common.cache.CacheBuilder$2                                          : loaded 2 times (x 72B)
Class com.google.common.base.CharMatcher$NegatedFastMatcher                           : loaded 2 times (x 113B)
Class [Lcom.google.common.collect.AbstractMapEntry;                                   : loaded 2 times (x 69B)
Class com.google.common.collect.ImmutableEntry                                        : loaded 2 times (x 82B)
Class com.google.common.collect.ArrayListMultimap                                     : loaded 2 times (x 172B)
Class com.google.common.base.AbstractIterator$1                                       : loaded 2 times (x 71B)
Class com.google.common.base.CharMatcher$Digit                                        : loaded 2 times (x 112B)
Class org.gradle.api.GradleException                                                  : loaded 2 times (x 82B)
Class com.google.common.collect.CollectPreconditions                                  : loaded 2 times (x 71B)
Class com.google.common.base.CharMatcher$JavaIsoControl                               : loaded 2 times (x 112B)
Class com.google.common.collect.SortedMapDifference                                   : loaded 2 times (x 70B)
Class com.google.common.base.CharMatcher$JavaLowerCase                                : loaded 2 times (x 111B)
Class com.google.common.cache.LocalCache$EntryFactory                                 : loaded 2 times (x 83B)
Class com.google.common.cache.LocalCache$AbstractReferenceEntry                       : loaded 2 times (x 107B)
Class com.google.common.base.Splitter$1$1                                             : loaded 2 times (x 86B)
Class com.google.common.base.CharMatcher$Whitespace                                   : loaded 2 times (x 112B)
Class org.gradle.internal.IoActions                                                   : loaded 2 times (x 71B)
Class org.objectweb.asm.SymbolTable                                                   : loaded 2 times (x 72B)
Class com.google.common.cache.CacheLoader$InvalidCacheLoadException                   : loaded 2 times (x 82B)
Class com.google.common.collect.ImmutableSet$RegularSetBuilderImpl                    : loaded 2 times (x 77B)
Class com.google.common.base.CharMatcher$SingleWidth                                  : loaded 2 times (x 112B)
Class org.gradle.internal.classloader.SystemClassLoaderSpec                           : loaded 2 times (x 71B)
Class com.google.common.cache.LocalCache$StrongEntry                                  : loaded 2 times (x 108B)
Class com.google.common.util.concurrent.AbstractFuture$TrustedFuture                  : loaded 2 times (x 114B)
Class com.google.common.cache.LoadingCache                                            : loaded 2 times (x 70B)
Class org.objectweb.asm.MethodWriter                                                  : loaded 2 times (x 106B)
Class [Lcom.google.common.cache.Weigher;                                              : loaded 2 times (x 69B)
Class com.google.common.collect.RegularImmutableMap$BucketOverflowException           : loaded 2 times (x 82B)
Class com.google.common.collect.RegularImmutableBiMap                                 : loaded 2 times (x 148B)
Class com.google.common.cache.LocalCache$ValueReference                               : loaded 2 times (x 70B)
Class com.google.common.base.CharMatcher$Negated                                      : loaded 2 times (x 113B)
Class com.google.common.base.CharMatcher$Is                                           : loaded 2 times (x 111B)
Class com.google.common.util.concurrent.AbstractFuture$Failure                        : loaded 2 times (x 72B)
Class com.google.common.base.Equivalence$Equals                                       : loaded 2 times (x 82B)
Class com.google.common.collect.Hashing                                               : loaded 2 times (x 71B)
Class com.google.common.base.PatternCompiler                                          : loaded 2 times (x 70B)
Class com.google.common.base.Preconditions                                            : loaded 2 times (x 71B)
Class com.google.common.base.Joiner$1                                                 : loaded 2 times (x 80B)
Class org.objectweb.asm.Label                                                         : loaded 2 times (x 73B)
Class org.objectweb.asm.CurrentFrame                                                  : loaded 2 times (x 73B)
Class org.objectweb.asm.ClassTooLargeException                                        : loaded 2 times (x 83B)
Class com.google.common.collect.PeekingIterator                                       : loaded 2 times (x 70B)
Class com.google.common.base.CharMatcher                                              : loaded 2 times (x 111B)
Class com.google.common.base.Joiner$2                                                 : loaded 2 times (x 79B)
Class org.objectweb.asm.Frame                                                         : loaded 2 times (x 73B)
Class org.objectweb.asm.MethodVisitor                                                 : loaded 2 times (x 105B)
Class com.google.common.cache.LocalCache$EntryFactory$1                               : loaded 2 times (x 83B)
Class [Lcom.google.common.cache.RemovalListener;                                      : loaded 2 times (x 69B)
Class com.google.common.base.CharMatcher$1                                            : loaded 2 times (x 113B)
Class com.google.common.base.CharMatcher$NamedFastMatcher                             : loaded 2 times (x 112B)
Class com.google.common.cache.LocalCache$EntryFactory$2                               : loaded 2 times (x 83B)
Class org.objectweb.asm.ModuleWriter                                                  : loaded 2 times (x 82B)
Class com.google.common.cache.LocalCache$EntryFactory$3                               : loaded 2 times (x 83B)
Class com.google.common.base.Ticker$1                                                 : loaded 2 times (x 72B)
Class com.google.common.collect.ImmutableMapEntrySet$RegularEntrySet                  : loaded 2 times (x 151B)
Class com.google.common.collect.Maps$BiMapConverter                                   : loaded 2 times (x 90B)
Class com.google.common.cache.LocalCache$EntryFactory$4                               : loaded 2 times (x 83B)
Class com.google.common.collect.ImmutableSet$Builder                                  : loaded 2 times (x 85B)
Class com.google.common.base.CharMatcher$InRange                                      : loaded 2 times (x 111B)
Class com.google.common.cache.LocalCache$EntryFactory$5                               : loaded 2 times (x 83B)
Class com.google.common.base.PairwiseEquivalence                                      : loaded 2 times (x 83B)
Class com.google.common.cache.LocalCache$EntryFactory$6                               : loaded 2 times (x 83B)
Class org.gradle.internal.installation.CurrentGradleInstallationLocator               : loaded 2 times (x 71B)
Class com.google.common.collect.Maps$KeySet                                           : loaded 2 times (x 137B)
Class com.google.common.cache.LocalCache$EntryFactory$7                               : loaded 2 times (x 83B)
Class com.google.common.collect.ImmutableSet$EmptySetBuilderImpl                      : loaded 2 times (x 76B)
Class com.google.common.collect.ImmutableList                                         : loaded 2 times (x 206B)
Class org.gradle.internal.service.DefaultServiceLocator                               : loaded 2 times (x 83B)
Class com.google.common.cache.LocalCache$EntryFactory$8                               : loaded 2 times (x 83B)
Class com.google.common.collect.ImmutableSet$SetBuilderImpl                           : loaded 2 times (x 76B)
Class org.gradle.internal.installation.CurrentGradleInstallation                      : loaded 2 times (x 73B)
Class com.google.common.cache.CacheLoader$1                                           : loaded 2 times (x 75B)
Class com.google.common.collect.ImmutableList$SubList                                 : loaded 2 times (x 208B)
Class org.gradle.util.internal.GUtil                                                  : loaded 2 times (x 71B)
Class com.google.common.util.concurrent.AbstractFuture$SetFuture                      : loaded 2 times (x 75B)
Class com.google.common.cache.AbstractCache$StatsCounter                              : loaded 2 times (x 70B)
Class com.google.common.collect.Iterators$MergingIterator                             : loaded 2 times (x 81B)
Class com.google.common.collect.RegularImmutableSet                                   : loaded 2 times (x 148B)
Class org.gradle.internal.installation.GradleInstallation                             : loaded 2 times (x 75B)
Class com.google.common.collect.Iterables                                             : loaded 2 times (x 71B)
Class com.google.common.base.Splitter$Strategy                                        : loaded 2 times (x 70B)

---------------  S Y S T E M  ---------------

OS:
 Windows 11 , 64 bit Build 22621 (10.0.22621.5415)
OS uptime: 4 days 1:16 hours

CPU: total 8 (initial active 8) (4 cores per cpu, 2 threads per core) family 6 model 94 stepping 3 microcode 0xd6, cx8, cmov, fxsr, ht, mmx, 3dnowpref, sse, sse2, sse3, ssse3, sse4.1, sse4.2, popcnt, lzcnt, tsc, tscinvbit, avx, avx2, aes, erms, clmul, bmi1, bmi2, rtm, adx, fma, vzeroupper, clflush, clflushopt, rdtscp, f16c
Processor Information for the first 8 processors :
  Max Mhz: 3408, Current Mhz: 3408, Mhz Limit: 3408

Memory: 4k page, system-wide physical 16300M (1879M free)
TotalPageFile size 34940M (AvailPageFile size 6M)
current process WorkingSet (physical memory assigned to process): 490M, peak: 490M
current process commit charge ("private bytes"): 526M, peak: 528M

vm_info: OpenJDK 64-Bit Server VM (21.0.10+-14961533-b1163.108) for windows-amd64 JRE (21.0.10+-14961533-b1163.108), built on 2026-03-02T19:58:50Z by "builder" with MS VC++ 16.10 / 16.11 (VS2019)

END.
