#
# There is insufficient memory for the Java Runtime Environment to continue.
# Native memory allocation (malloc) failed to allocate 993696 bytes. Error detail: Chunk::new
# Possible reasons:
#   The system is out of physical RAM or swap space
#   This process is running with CompressedOops enabled, and the Java Heap may be blocking the growth of the native heap
# Possible solutions:
#   Reduce memory load on the system
#   Increase physical memory or swap space
#   Check if swap backing store is full
#   Decrease Java heap size (-Xmx/-Xms)
#   Decrease number of Java threads
#   Decrease Java thread stack sizes (-Xss)
#   Set larger code cache with -XX:ReservedCodeCacheSize=
#   JVM is running with Unscaled Compressed Oops mode in which the Java heap is
#     placed in the first 4GB address space. The Java Heap base address is the
#     maximum limit for the native heap growth. Please use -XX:HeapBaseMinAddress
#     to set the Java Heap base and to place the Java Heap above 4GB virtual address.
# This output file may be truncated or incomplete.
#
#  Out of Memory Error (arena.cpp:168), pid=12588, tid=13168
#
# JRE version: OpenJDK Runtime Environment (21.0.10) (build 21.0.10+-14961533-b1163.108)
# Java VM: OpenJDK 64-Bit Server VM (21.0.10+-14961533-b1163.108, mixed mode, tiered, compressed oops, compressed class ptrs, g1 gc, windows-amd64)
# No core dump will be written. Minidumps are not enabled by default on client versions of Windows
#

---------------  S U M M A R Y ------------

Command Line: --add-opens=java.base/java.util=ALL-UNNAMED --add-opens=java.base/java.lang=ALL-UNNAMED --add-opens=java.base/java.lang.invoke=ALL-UNNAMED --add-opens=java.prefs/java.util.prefs=ALL-UNNAMED --add-opens=java.base/java.nio.charset=ALL-UNNAMED --add-opens=java.base/java.net=ALL-UNNAMED --add-opens=java.base/java.util.concurrent.atomic=ALL-UNNAMED -Xmx2048m -Dfile.encoding=UTF-8 -Duser.country=US -Duser.language=en -Duser.variant -javaagent:C:\Users\Annu pc\.gradle\wrapper\dists\gradle-8.7-bin\bhs2wmbdwecv87pi65oeuq5iu\gradle-8.7\lib\agents\gradle-instrumentation-agent-8.7.jar org.gradle.launcher.daemon.bootstrap.GradleDaemon 8.7

Host: Intel(R) Core(TM) i7-6700 CPU @ 3.40GHz, 8 cores, 15G,  Windows 11 , 64 bit Build 22621 (10.0.22621.5415)
Time: Wed Jun 24 18:47:47 2026 India Standard Time elapsed time: 14.276460 seconds (0d 0h 0m 14s)

---------------  T H R E A D  ---------------

Current thread (0x000001ffdab0ab10):  JavaThread "C2 CompilerThread0" daemon [_thread_in_native, id=13168, stack(0x0000004078b00000,0x0000004078c00000) (1024K)]


Current CompileTask:
C2:14276 15048 % !   4       com.android.tools.r8.dex.C::k @ 947 (2698 bytes)

Stack: [0x0000004078b00000,0x0000004078c00000]
Native frames: (J=compiled Java code, j=interpreted, Vv=VM code, C=native code)
V  [jvm.dll+0x6d78a9]
V  [jvm.dll+0x8665b3]
V  [jvm.dll+0x868bde]
V  [jvm.dll+0x8692c3]
V  [jvm.dll+0x280ee6]
V  [jvm.dll+0xc07cd]
V  [jvm.dll+0xc0d03]
V  [jvm.dll+0x2f6170]
V  [jvm.dll+0x6003e9]
V  [jvm.dll+0x252ce2]
V  [jvm.dll+0x25309f]
V  [jvm.dll+0x24b845]
V  [jvm.dll+0x24909e]
V  [jvm.dll+0x1c76e4]
V  [jvm.dll+0x25891e]
V  [jvm.dll+0x256e66]
V  [jvm.dll+0x3f513e]
V  [jvm.dll+0x80fd28]
V  [jvm.dll+0x6d60fd]
C  [ucrtbase.dll+0x29333]
C  [KERNEL32.DLL+0x1259d]
C  [ntdll.dll+0x5af78]


---------------  P R O C E S S  ---------------

Threads class SMR info:
_java_thread_list=0x000001ffe57e9620, length=142, elements={
0x000001ffc31b9020, 0x000001ffdaace8c0, 0x000001ffdaad22e0, 0x000001ffdaadaca0,
0x000001ffdaadd450, 0x000001ffdaaf31b0, 0x000001ffdaaf56a0, 0x000001ffdaaf4980,
0x000001ffdab0ab10, 0x000001ffdab0eeb0, 0x000001ffdaaf5010, 0x000001ffdaaf5d30,
0x000001ffdaaf63c0, 0x000001ffdaaf42f0, 0x000001ffdaaf3c60, 0x000001ffdaaf6a50,
0x000001ffe08e4d80, 0x000001ffe08e5410, 0x000001ffe08e1f90, 0x000001ffe08df830,
0x000001ffe08dfec0, 0x000001ffe08e1270, 0x000001ffe08e4060, 0x000001ffe08e2620,
0x000001ffe08e5aa0, 0x000001ffe08e0be0, 0x000001ffe08df1a0, 0x000001ffe08e1900,
0x000001ffe08e67c0, 0x000001ffe08e2cb0, 0x000001ffe08e3340, 0x000001ffe08e39d0,
0x000001ffe08e46f0, 0x000001ffe47fe120, 0x000001ffe47ffb60, 0x000001ffe48001f0,
0x000001ffe4800f10, 0x000001ffe4803d00, 0x000001ffe48022c0, 0x000001ffe47fe7b0,
0x000001ffe47fcd70, 0x000001ffe4802fe0, 0x000001ffe47fd400, 0x000001ffe4801c30,
0x000001ffe48015a0, 0x000001ffe47ff4d0, 0x000001ffe6135a20, 0x000001ffe6131f10,
0x000001ffe6131880, 0x000001ffe61360b0, 0x000001ffe61325a0, 0x000001ffe6133950,
0x000001ffe6132c30, 0x000001ffe6134670, 0x000001ffe6135390, 0x000001ffe6136dd0,
0x000001ffe6134d00, 0x000001ffe61332c0, 0x000001ffe6138ea0, 0x000001ffe6136740,
0x000001ffe6133fe0, 0x000001ffe6137af0, 0x000001ffe6138180, 0x000001ffe1f5dcf0,
0x000001ffe0816cc0, 0x000001ffe0817390, 0x000001ffeca76ee0, 0x000001ffeca75b30,
0x000001ffeca77570, 0x000001ffeca761c0, 0x000001ffeca733d0, 0x000001ffeca754a0,
0x000001ffeca73a60, 0x000001ffeca77c00, 0x000001ffeca78290, 0x000001ffeca726b0,
0x000001ffeca71300, 0x000001ffe5e151e0, 0x000001ffe5e116d0, 0x000001ffe5e11d60,
0x000001ffe5e13110, 0x000001ffe5e137a0, 0x000001ffe5e14b50, 0x000001ffe5e15f00,
0x000001ffe5e13e30, 0x000001ffe5e144c0, 0x000001ffe5e123f0, 0x000001ffe5e16c20,
0x000001ffe5e12a80, 0x000001ffe5e172b0, 0x000001ffe5e17940, 0x000001ffeca76850,
0x000001ffeca72d40, 0x000001ffeca71990, 0x000001ffeca74e10, 0x000001ffeca72020,
0x000001ffeca740f0, 0x000001ffeca74780, 0x000001ffec506c20, 0x000001ffec50adc0,
0x000001ffec507fd0, 0x000001ffec508660, 0x000001ffec5072b0, 0x000001ffec50ce90,
0x000001ffec50bae0, 0x000001ffec507940, 0x000001ffec508cf0, 0x000001ffec505f00,
0x000001ffec50b450, 0x000001ffec50a0a0, 0x000001ffec50c170, 0x000001ffec50c800,
0x000001ffec50d520, 0x000001ffec509380, 0x000001ffec506590, 0x000001ffec509a10,
0x000001ffec50a730, 0x000001ffe1f5c940, 0x000001ffe1f5cfd0, 0x000001ffe47fda90,
0x000001ffe4cc2010, 0x000001ffe4cc0c60, 0x000001ffe4cc05d0, 0x000001ffe4cbe500,
0x000001ffe4cc40e0, 0x000001ffe4cc33c0, 0x000001ffe4cbde70, 0x000001ffe4cbf220,
0x000001ffe4cc4770, 0x000001ffe4cc4e00, 0x000001ffe4cc3a50, 0x000001ffe4cbf8b0,
0x000001ffe4cc12f0, 0x000001ffe4cc5490, 0x000001ffe4cbeb90, 0x000001ffe4cc1980,
0x000001ffe4cc2d30, 0x000001ffdfe98570, 0x000001ffdfe8e160, 0x000001ffdfe93020,
0x000001ffdfe92300, 0x000001ffdfe90f50
}

Java Threads: ( => current thread )
  0x000001ffc31b9020 JavaThread "main"                              [_thread_blocked, id=6424, stack(0x0000004077c00000,0x0000004077d00000) (1024K)]
  0x000001ffdaace8c0 JavaThread "Common-Cleaner"             daemon [_thread_blocked, id=10452, stack(0x0000004078400000,0x0000004078500000) (1024K)]
  0x000001ffdaad22e0 JavaThread "Reference Handler"          daemon [_thread_blocked, id=1592, stack(0x0000004078500000,0x0000004078600000) (1024K)]
  0x000001ffdaadaca0 JavaThread "Finalizer"                  daemon [_thread_blocked, id=10696, stack(0x0000004078600000,0x0000004078700000) (1024K)]
  0x000001ffdaadd450 JavaThread "Signal Dispatcher"          daemon [_thread_blocked, id=13604, stack(0x0000004078700000,0x0000004078800000) (1024K)]
  0x000001ffdaaf31b0 JavaThread "Attach Listener"            daemon [_thread_blocked, id=6988, stack(0x0000004078800000,0x0000004078900000) (1024K)]
  0x000001ffdaaf56a0 JavaThread "Service Thread"             daemon [_thread_blocked, id=14388, stack(0x0000004078900000,0x0000004078a00000) (1024K)]
  0x000001ffdaaf4980 JavaThread "Monitor Deflation Thread"   daemon [_thread_blocked, id=13716, stack(0x0000004078a00000,0x0000004078b00000) (1024K)]
=>0x000001ffdab0ab10 JavaThread "C2 CompilerThread0"         daemon [_thread_in_native, id=13168, stack(0x0000004078b00000,0x0000004078c00000) (1024K)]
  0x000001ffdab0eeb0 JavaThread "C1 CompilerThread0"         daemon [_thread_blocked, id=6692, stack(0x0000004078c00000,0x0000004078d00000) (1024K)]
  0x000001ffdaaf5010 JavaThread "Notification Thread"        daemon [_thread_blocked, id=5488, stack(0x0000004078d00000,0x0000004078e00000) (1024K)]
  0x000001ffdaaf5d30 JavaThread "Daemon health stats"               [_thread_blocked, id=11580, stack(0x0000004079500000,0x0000004079600000) (1024K)]
  0x000001ffdaaf63c0 JavaThread "Incoming local TCP Connector on port 63286"        [_thread_in_native, id=12556, stack(0x0000004079600000,0x0000004079700000) (1024K)]
  0x000001ffdaaf42f0 JavaThread "Daemon periodic checks"            [_thread_blocked, id=13396, stack(0x0000004079700000,0x0000004079800000) (1024K)]
  0x000001ffdaaf3c60 JavaThread "Daemon"                            [_thread_blocked, id=9140, stack(0x0000004079800000,0x0000004079900000) (1024K)]
  0x000001ffdaaf6a50 JavaThread "Handler for socket connection from /127.0.0.1:63286 to /127.0.0.1:63287"        [_thread_in_native, id=14124, stack(0x0000004079900000,0x0000004079a00000) (1024K)]
  0x000001ffe08e4d80 JavaThread "Cancel handler"                    [_thread_blocked, id=10936, stack(0x0000004079a00000,0x0000004079b00000) (1024K)]
  0x000001ffe08e5410 JavaThread "Daemon worker"                     [_thread_blocked, id=3236, stack(0x0000004079b00000,0x0000004079c00000) (1024K)]
  0x000001ffe08e1f90 JavaThread "Asynchronous log dispatcher for DefaultDaemonConnection: socket connection from /127.0.0.1:63286 to /127.0.0.1:63287"        [_thread_blocked, id=16184, stack(0x0000004079c00000,0x0000004079d00000) (1024K)]
  0x000001ffe08df830 JavaThread "Stdin handler"                     [_thread_blocked, id=1100, stack(0x0000004079d00000,0x0000004079e00000) (1024K)]
  0x000001ffe08dfec0 JavaThread "Daemon client event forwarder"        [_thread_blocked, id=1484, stack(0x0000004079e00000,0x0000004079f00000) (1024K)]
  0x000001ffe08e1270 JavaThread "Cache worker for journal cache (C:\Users\Annu pc\.gradle\caches\journal-1)"        [_thread_blocked, id=12716, stack(0x000000407a200000,0x000000407a300000) (1024K)]
  0x000001ffe08e4060 JavaThread "File lock request listener"        [_thread_in_native, id=10756, stack(0x000000407a300000,0x000000407a400000) (1024K)]
  0x000001ffe08e2620 JavaThread "Cache worker for file hash cache (C:\Users\Annu pc\.gradle\caches\8.7\fileHashes)"        [_thread_blocked, id=10432, stack(0x000000407a400000,0x000000407a500000) (1024K)]
  0x000001ffe08e5aa0 JavaThread "Cache worker for file hash cache (D:\github\OQPAY-FinanceAndroidApplication\.gradle\8.7\fileHashes)"        [_thread_blocked, id=17292, stack(0x000000407a500000,0x000000407a600000) (1024K)]
  0x000001ffe08e0be0 JavaThread "File watcher server"        daemon [_thread_in_native, id=6956, stack(0x000000407a600000,0x000000407a700000) (1024K)]
  0x000001ffe08df1a0 JavaThread "File watcher consumer"      daemon [_thread_blocked, id=9924, stack(0x000000407a700000,0x000000407a800000) (1024K)]
  0x000001ffe08e1900 JavaThread "Cache worker for checksums cache (D:\github\OQPAY-FinanceAndroidApplication\.gradle\8.7\checksums)"        [_thread_blocked, id=5944, stack(0x000000407a800000,0x000000407a900000) (1024K)]
  0x000001ffe08e67c0 JavaThread "Cache worker for cache directory md-supplier (C:\Users\Annu pc\.gradle\caches\8.7\md-supplier)"        [_thread_blocked, id=14296, stack(0x000000407a900000,0x000000407aa00000) (1024K)]
  0x000001ffe08e2cb0 JavaThread "Cache worker for cache directory md-rule (C:\Users\Annu pc\.gradle\caches\8.7\md-rule)"        [_thread_blocked, id=7544, stack(0x000000407aa00000,0x000000407ab00000) (1024K)]
  0x000001ffe08e3340 JavaThread "Cache worker for file content cache (C:\Users\Annu pc\.gradle\caches\8.7\fileContent)"        [_thread_blocked, id=15444, stack(0x000000407ab00000,0x000000407ac00000) (1024K)]
  0x000001ffe08e39d0 JavaThread "jar transforms"                    [_thread_blocked, id=10220, stack(0x000000407ac00000,0x000000407ad00000) (1024K)]
  0x000001ffe08e46f0 JavaThread "jar transforms Thread 2"           [_thread_blocked, id=14608, stack(0x000000407ad00000,0x000000407ae00000) (1024K)]
  0x000001ffe47fe120 JavaThread "jar transforms Thread 3"           [_thread_blocked, id=7620, stack(0x000000407ae00000,0x000000407af00000) (1024K)]
  0x000001ffe47ffb60 JavaThread "Unconstrained build operations"        [_thread_blocked, id=18304, stack(0x000000407af00000,0x000000407b000000) (1024K)]
  0x000001ffe48001f0 JavaThread "Unconstrained build operations Thread 2"        [_thread_blocked, id=1460, stack(0x000000407b000000,0x000000407b100000) (1024K)]
  0x000001ffe4800f10 JavaThread "Unconstrained build operations Thread 3"        [_thread_blocked, id=14356, stack(0x000000407b100000,0x000000407b200000) (1024K)]
  0x000001ffe4803d00 JavaThread "Unconstrained build operations Thread 4"        [_thread_blocked, id=14380, stack(0x000000407b200000,0x000000407b300000) (1024K)]
  0x000001ffe48022c0 JavaThread "Unconstrained build operations Thread 5"        [_thread_blocked, id=13216, stack(0x000000407b300000,0x000000407b400000) (1024K)]
  0x000001ffe47fe7b0 JavaThread "Unconstrained build operations Thread 6"        [_thread_blocked, id=13944, stack(0x000000407b400000,0x000000407b500000) (1024K)]
  0x000001ffe47fcd70 JavaThread "Unconstrained build operations Thread 7"        [_thread_blocked, id=17520, stack(0x000000407b500000,0x000000407b600000) (1024K)]
  0x000001ffe4802fe0 JavaThread "jar transforms Thread 4"           [_thread_blocked, id=9916, stack(0x000000407b600000,0x000000407b700000) (1024K)]
  0x000001ffe47fd400 JavaThread "jar transforms Thread 5"           [_thread_blocked, id=4496, stack(0x000000407b700000,0x000000407b800000) (1024K)]
  0x000001ffe4801c30 JavaThread "jar transforms Thread 6"           [_thread_blocked, id=10364, stack(0x000000407b800000,0x000000407b900000) (1024K)]
  0x000001ffe48015a0 JavaThread "jar transforms Thread 7"           [_thread_blocked, id=14000, stack(0x000000407b900000,0x000000407ba00000) (1024K)]
  0x000001ffe47ff4d0 JavaThread "jar transforms Thread 8"           [_thread_blocked, id=5872, stack(0x000000407ba00000,0x000000407bb00000) (1024K)]
  0x000001ffe6135a20 JavaThread "Cache worker for Build Output Cleanup Cache (D:\github\OQPAY-FinanceAndroidApplication\.gradle\buildOutputCleanup)"        [_thread_blocked, id=15660, stack(0x000000407bb00000,0x000000407bc00000) (1024K)]
  0x000001ffe6131f10 JavaThread "Unconstrained build operations Thread 8"        [_thread_blocked, id=7664, stack(0x000000407bc00000,0x000000407bd00000) (1024K)]
  0x000001ffe6131880 JavaThread "Unconstrained build operations Thread 9"        [_thread_blocked, id=8988, stack(0x000000407bd00000,0x000000407be00000) (1024K)]
  0x000001ffe61360b0 JavaThread "Unconstrained build operations Thread 10"        [_thread_blocked, id=10952, stack(0x000000407be00000,0x000000407bf00000) (1024K)]
  0x000001ffe61325a0 JavaThread "Unconstrained build operations Thread 11"        [_thread_blocked, id=5188, stack(0x000000407bf00000,0x000000407c000000) (1024K)]
  0x000001ffe6133950 JavaThread "Unconstrained build operations Thread 12"        [_thread_blocked, id=18252, stack(0x000000407c000000,0x000000407c100000) (1024K)]
  0x000001ffe6132c30 JavaThread "Unconstrained build operations Thread 13"        [_thread_blocked, id=12908, stack(0x000000407c100000,0x000000407c200000) (1024K)]
  0x000001ffe6134670 JavaThread "Unconstrained build operations Thread 14"        [_thread_blocked, id=1468, stack(0x000000407c200000,0x000000407c300000) (1024K)]
  0x000001ffe6135390 JavaThread "Unconstrained build operations Thread 15"        [_thread_blocked, id=14312, stack(0x000000407c300000,0x000000407c400000) (1024K)]
  0x000001ffe6136dd0 JavaThread "Unconstrained build operations Thread 16"        [_thread_blocked, id=9184, stack(0x000000407c400000,0x000000407c500000) (1024K)]
  0x000001ffe6134d00 JavaThread "Unconstrained build operations Thread 17"        [_thread_blocked, id=14136, stack(0x000000407c500000,0x000000407c600000) (1024K)]
  0x000001ffe61332c0 JavaThread "Unconstrained build operations Thread 18"        [_thread_blocked, id=1612, stack(0x000000407c600000,0x000000407c700000) (1024K)]
  0x000001ffe6138ea0 JavaThread "Unconstrained build operations Thread 19"        [_thread_blocked, id=18208, stack(0x000000407c700000,0x000000407c800000) (1024K)]
  0x000001ffe6136740 JavaThread "Unconstrained build operations Thread 20"        [_thread_blocked, id=7488, stack(0x000000407c800000,0x000000407c900000) (1024K)]
  0x000001ffe6133fe0 JavaThread "Unconstrained build operations Thread 21"        [_thread_blocked, id=15528, stack(0x000000407c900000,0x000000407ca00000) (1024K)]
  0x000001ffe6137af0 JavaThread "build event listener"              [_thread_blocked, id=13636, stack(0x000000407ca00000,0x000000407cb00000) (1024K)]
  0x000001ffe6138180 JavaThread "Memory manager"                    [_thread_blocked, id=6436, stack(0x000000407cb00000,0x000000407cc00000) (1024K)]
  0x000001ffe1f5dcf0 JavaThread "build event listener"              [_thread_blocked, id=15160, stack(0x000000407cc00000,0x000000407cd00000) (1024K)]
  0x000001ffe0816cc0 JavaThread "C2 CompilerThread1"         daemon [_thread_blocked, id=5668, stack(0x0000004078e00000,0x0000004078f00000) (1024K)]
  0x000001ffe0817390 JavaThread "C2 CompilerThread2"         daemon [_thread_blocked, id=6100, stack(0x0000004079400000,0x0000004079500000) (1024K)]
  0x000001ffeca76ee0 JavaThread "pool-3-thread-1"                   [_thread_blocked, id=11800, stack(0x000000407cd00000,0x000000407ce00000) (1024K)]
  0x000001ffeca75b30 JavaThread "build event listener"              [_thread_blocked, id=11336, stack(0x000000407ce00000,0x000000407cf00000) (1024K)]
  0x000001ffeca77570 JavaThread "included builds"                   [_thread_blocked, id=8156, stack(0x000000407cf00000,0x000000407d000000) (1024K)]
  0x000001ffeca761c0 JavaThread "Execution worker"                  [_thread_blocked, id=1824, stack(0x000000407d000000,0x000000407d100000) (1024K)]
  0x000001ffeca733d0 JavaThread "Execution worker Thread 2"         [_thread_blocked, id=18184, stack(0x000000407d100000,0x000000407d200000) (1024K)]
  0x000001ffeca754a0 JavaThread "Execution worker Thread 3"         [_thread_blocked, id=3488, stack(0x000000407d200000,0x000000407d300000) (1024K)]
  0x000001ffeca73a60 JavaThread "Execution worker Thread 4"         [_thread_blocked, id=7660, stack(0x000000407d300000,0x000000407d400000) (1024K)]
  0x000001ffeca77c00 JavaThread "Execution worker Thread 5"         [_thread_blocked, id=4740, stack(0x000000407d400000,0x000000407d500000) (1024K)]
  0x000001ffeca78290 JavaThread "Execution worker Thread 6"         [_thread_blocked, id=6188, stack(0x000000407d500000,0x000000407d600000) (1024K)]
  0x000001ffeca726b0 JavaThread "Execution worker Thread 7"         [_thread_blocked, id=13412, stack(0x000000407d600000,0x000000407d700000) (1024K)]
  0x000001ffeca71300 JavaThread "Cache worker for execution history cache (D:\github\OQPAY-FinanceAndroidApplication\.gradle\8.7\executionHistory)"        [_thread_blocked, id=16808, stack(0x000000407d700000,0x000000407d800000) (1024K)]
  0x000001ffe5e151e0 JavaThread "Unconstrained build operations Thread 22"        [_thread_blocked, id=1248, stack(0x000000407d800000,0x000000407d900000) (1024K)]
  0x000001ffe5e116d0 JavaThread "Unconstrained build operations Thread 23"        [_thread_blocked, id=18168, stack(0x000000407d900000,0x000000407da00000) (1024K)]
  0x000001ffe5e11d60 JavaThread "Unconstrained build operations Thread 24"        [_thread_blocked, id=6680, stack(0x000000407da00000,0x000000407db00000) (1024K)]
  0x000001ffe5e13110 JavaThread "Unconstrained build operations Thread 25"        [_thread_blocked, id=9012, stack(0x000000407db00000,0x000000407dc00000) (1024K)]
  0x000001ffe5e137a0 JavaThread "Unconstrained build operations Thread 26"        [_thread_blocked, id=2068, stack(0x000000407dc00000,0x000000407dd00000) (1024K)]
  0x000001ffe5e14b50 JavaThread "Unconstrained build operations Thread 27"        [_thread_blocked, id=7384, stack(0x000000407dd00000,0x000000407de00000) (1024K)]
  0x000001ffe5e15f00 JavaThread "Unconstrained build operations Thread 28"        [_thread_blocked, id=9980, stack(0x000000407de00000,0x000000407df00000) (1024K)]
  0x000001ffe5e13e30 JavaThread "Unconstrained build operations Thread 29"        [_thread_blocked, id=5588, stack(0x000000407df00000,0x000000407e000000) (1024K)]
  0x000001ffe5e144c0 JavaThread "Unconstrained build operations Thread 30"        [_thread_blocked, id=17284, stack(0x000000407e000000,0x000000407e100000) (1024K)]
  0x000001ffe5e123f0 JavaThread "Unconstrained build operations Thread 31"        [_thread_blocked, id=15996, stack(0x000000407e100000,0x000000407e200000) (1024K)]
  0x000001ffe5e16c20 JavaThread "Unconstrained build operations Thread 32"        [_thread_blocked, id=8292, stack(0x000000407e200000,0x000000407e300000) (1024K)]
  0x000001ffe5e12a80 JavaThread "Unconstrained build operations Thread 33"        [_thread_blocked, id=9108, stack(0x000000407e300000,0x000000407e400000) (1024K)]
  0x000001ffe5e172b0 JavaThread "Unconstrained build operations Thread 34"        [_thread_blocked, id=12668, stack(0x000000407e400000,0x000000407e500000) (1024K)]
  0x000001ffe5e17940 JavaThread "Unconstrained build operations Thread 35"        [_thread_blocked, id=16364, stack(0x000000407e500000,0x000000407e600000) (1024K)]
  0x000001ffeca76850 JavaThread "Unconstrained build operations Thread 36"        [_thread_blocked, id=9712, stack(0x000000407e600000,0x000000407e700000) (1024K)]
  0x000001ffeca72d40 JavaThread "Unconstrained build operations Thread 37"        [_thread_blocked, id=18408, stack(0x000000407e700000,0x000000407e800000) (1024K)]
  0x000001ffeca71990 JavaThread "Unconstrained build operations Thread 38"        [_thread_blocked, id=5532, stack(0x000000407e800000,0x000000407e900000) (1024K)]
  0x000001ffeca74e10 JavaThread "Unconstrained build operations Thread 39"        [_thread_blocked, id=11876, stack(0x000000407e900000,0x000000407ea00000) (1024K)]
  0x000001ffeca72020 JavaThread "Unconstrained build operations Thread 40"        [_thread_blocked, id=7440, stack(0x000000407ea00000,0x000000407eb00000) (1024K)]
  0x000001ffeca740f0 JavaThread "Unconstrained build operations Thread 41"        [_thread_blocked, id=8612, stack(0x000000407eb00000,0x000000407ec00000) (1024K)]
  0x000001ffeca74780 JavaThread "Unconstrained build operations Thread 42"        [_thread_blocked, id=14040, stack(0x000000407ec00000,0x000000407ed00000) (1024K)]
  0x000001ffec506c20 JavaThread "Unconstrained build operations Thread 43"        [_thread_blocked, id=16776, stack(0x000000407ed00000,0x000000407ee00000) (1024K)]
  0x000001ffec50adc0 JavaThread "Unconstrained build operations Thread 44"        [_thread_blocked, id=10988, stack(0x000000407ee00000,0x000000407ef00000) (1024K)]
  0x000001ffec507fd0 JavaThread "Unconstrained build operations Thread 45"        [_thread_blocked, id=18332, stack(0x000000407ef00000,0x000000407f000000) (1024K)]
  0x000001ffec508660 JavaThread "Unconstrained build operations Thread 46"        [_thread_blocked, id=10384, stack(0x000000407f000000,0x000000407f100000) (1024K)]
  0x000001ffec5072b0 JavaThread "Unconstrained build operations Thread 47"        [_thread_blocked, id=4164, stack(0x000000407f100000,0x000000407f200000) (1024K)]
  0x000001ffec50ce90 JavaThread "Unconstrained build operations Thread 48"        [_thread_blocked, id=4888, stack(0x000000407f200000,0x000000407f300000) (1024K)]
  0x000001ffec50bae0 JavaThread "Unconstrained build operations Thread 49"        [_thread_blocked, id=16484, stack(0x000000407f300000,0x000000407f400000) (1024K)]
  0x000001ffec507940 JavaThread "Unconstrained build operations Thread 50"        [_thread_blocked, id=4452, stack(0x000000407f400000,0x000000407f500000) (1024K)]
  0x000001ffec508cf0 JavaThread "Unconstrained build operations Thread 51"        [_thread_blocked, id=15140, stack(0x000000407f500000,0x000000407f600000) (1024K)]
  0x000001ffec505f00 JavaThread "Unconstrained build operations Thread 52"        [_thread_blocked, id=1928, stack(0x000000407f600000,0x000000407f700000) (1024K)]
  0x000001ffec50b450 JavaThread "Unconstrained build operations Thread 53"        [_thread_blocked, id=7628, stack(0x000000407f700000,0x000000407f800000) (1024K)]
  0x000001ffec50a0a0 JavaThread "Unconstrained build operations Thread 54"        [_thread_blocked, id=18092, stack(0x000000407f800000,0x000000407f900000) (1024K)]
  0x000001ffec50c170 JavaThread "Unconstrained build operations Thread 55"        [_thread_blocked, id=14840, stack(0x000000407f900000,0x000000407fa00000) (1024K)]
  0x000001ffec50c800 JavaThread "Unconstrained build operations Thread 56"        [_thread_blocked, id=16880, stack(0x000000407fa00000,0x000000407fb00000) (1024K)]
  0x000001ffec50d520 JavaThread "Unconstrained build operations Thread 57"        [_thread_blocked, id=7616, stack(0x000000407fb00000,0x000000407fc00000) (1024K)]
  0x000001ffec509380 JavaThread "Unconstrained build operations Thread 58"        [_thread_blocked, id=6216, stack(0x000000407fc00000,0x000000407fd00000) (1024K)]
  0x000001ffec506590 JavaThread "Unconstrained build operations Thread 59"        [_thread_blocked, id=13668, stack(0x000000407fd00000,0x000000407fe00000) (1024K)]
  0x000001ffec509a10 JavaThread "Unconstrained build operations Thread 60"        [_thread_blocked, id=12436, stack(0x000000407fe00000,0x000000407ff00000) (1024K)]
  0x000001ffec50a730 JavaThread "Unconstrained build operations Thread 61"        [_thread_blocked, id=12544, stack(0x000000407ff00000,0x0000004080000000) (1024K)]
  0x000001ffe1f5c940 JavaThread "Unconstrained build operations Thread 62"        [_thread_blocked, id=636, stack(0x0000004000000000,0x0000004000100000) (1024K)]
  0x000001ffe1f5cfd0 JavaThread "Unconstrained build operations Thread 63"        [_thread_blocked, id=1456, stack(0x0000004000100000,0x0000004000200000) (1024K)]
  0x000001ffe47fda90 JavaThread "Unconstrained build operations Thread 64"        [_thread_blocked, id=5364, stack(0x0000004000200000,0x0000004000300000) (1024K)]
  0x000001ffe4cc2010 JavaThread "Unconstrained build operations Thread 65"        [_thread_blocked, id=18176, stack(0x0000004000300000,0x0000004000400000) (1024K)]
  0x000001ffe4cc0c60 JavaThread "Unconstrained build operations Thread 66"        [_thread_blocked, id=2864, stack(0x0000004000400000,0x0000004000500000) (1024K)]
  0x000001ffe4cc05d0 JavaThread "Unconstrained build operations Thread 67"        [_thread_blocked, id=3484, stack(0x0000004000500000,0x0000004000600000) (1024K)]
  0x000001ffe4cbe500 JavaThread "Unconstrained build operations Thread 68"        [_thread_blocked, id=4136, stack(0x0000004000600000,0x0000004000700000) (1024K)]
  0x000001ffe4cc40e0 JavaThread "Unconstrained build operations Thread 69"        [_thread_blocked, id=13060, stack(0x0000004000700000,0x0000004000800000) (1024K)]
  0x000001ffe4cc33c0 JavaThread "Unconstrained build operations Thread 70"        [_thread_blocked, id=9272, stack(0x0000004000800000,0x0000004000900000) (1024K)]
  0x000001ffe4cbde70 JavaThread "Unconstrained build operations Thread 71"        [_thread_blocked, id=1812, stack(0x0000004000900000,0x0000004000a00000) (1024K)]
  0x000001ffe4cbf220 JavaThread "Unconstrained build operations Thread 72"        [_thread_blocked, id=10632, stack(0x0000004000a00000,0x0000004000b00000) (1024K)]
  0x000001ffe4cc4770 JavaThread "Unconstrained build operations Thread 73"        [_thread_blocked, id=10308, stack(0x0000004000b00000,0x0000004000c00000) (1024K)]
  0x000001ffe4cc4e00 JavaThread "Unconstrained build operations Thread 74"        [_thread_blocked, id=8556, stack(0x0000004000c00000,0x0000004000d00000) (1024K)]
  0x000001ffe4cc3a50 JavaThread "Unconstrained build operations Thread 75"        [_thread_blocked, id=4200, stack(0x0000004000d00000,0x0000004000e00000) (1024K)]
  0x000001ffe4cbf8b0 JavaThread "Unconstrained build operations Thread 76"        [_thread_blocked, id=11360, stack(0x0000004000e00000,0x0000004000f00000) (1024K)]
  0x000001ffe4cc12f0 JavaThread "Unconstrained build operations Thread 77"        [_thread_blocked, id=17892, stack(0x0000004000f00000,0x0000004001000000) (1024K)]
  0x000001ffe4cc5490 JavaThread "Unconstrained build operations Thread 78"        [_thread_blocked, id=12520, stack(0x0000004001000000,0x0000004001100000) (1024K)]
  0x000001ffe4cbeb90 JavaThread "Unconstrained build operations Thread 79"        [_thread_blocked, id=6328, stack(0x0000004001100000,0x0000004001200000) (1024K)]
  0x000001ffe4cc1980 JavaThread "Unconstrained build operations Thread 80"        [_thread_blocked, id=12240, stack(0x0000004001200000,0x0000004001300000) (1024K)]
  0x000001ffe4cc2d30 JavaThread "WorkerExecutor Queue"              [_thread_blocked, id=14812, stack(0x0000004001300000,0x0000004001400000) (1024K)]
  0x000001ffdfe98570 JavaThread "pool-4-thread-1"                   [_thread_blocked, id=6212, stack(0x0000004001400000,0x0000004001500000) (1024K)]
  0x000001ffdfe8e160 JavaThread "stderr"                            [_thread_in_native, id=18080, stack(0x0000004001500000,0x0000004001600000) (1024K)]
  0x000001ffdfe93020 JavaThread "stdout"                            [_thread_in_native, id=10620, stack(0x0000004001600000,0x0000004001700000) (1024K)]
  0x000001ffdfe92300 JavaThread "WorkerExecutor Queue Thread 2"        [_thread_blocked, id=12536, stack(0x0000004001700000,0x0000004001800000) (1024K)]
  0x000001ffdfe90f50 JavaThread "WorkerExecutor Queue Thread 3"        [_thread_in_Java, id=7956, stack(0x0000004001800000,0x0000004001900000) (1024K)]
Total: 142

Other Threads:
  0x000001ffdaa40200 VMThread "VM Thread"                           [id=11456, stack(0x0000004078300000,0x0000004078400000) (1024K)]
  0x000001ffda8dccb0 WatcherThread "VM Periodic Task Thread"        [id=8928, stack(0x0000004078200000,0x0000004078300000) (1024K)]
  0x000001ffc32120c0 WorkerThread "GC Thread#0"                     [id=17528, stack(0x0000004077d00000,0x0000004077e00000) (1024K)]
  0x000001ffdf37fd00 WorkerThread "GC Thread#1"                     [id=7368, stack(0x0000004078f00000,0x0000004079000000) (1024K)]
  0x000001ffdf6678b0 WorkerThread "GC Thread#2"                     [id=4592, stack(0x0000004079000000,0x0000004079100000) (1024K)]
  0x000001ffdf2a06a0 WorkerThread "GC Thread#3"                     [id=6872, stack(0x0000004079100000,0x0000004079200000) (1024K)]
  0x000001ffdf29f9f0 WorkerThread "GC Thread#4"                     [id=11152, stack(0x0000004079200000,0x0000004079300000) (1024K)]
  0x000001ffdf7704f0 WorkerThread "GC Thread#5"                     [id=9072, stack(0x0000004079300000,0x0000004079400000) (1024K)]
  0x000001ffe143d690 WorkerThread "GC Thread#6"                     [id=5524, stack(0x0000004079f00000,0x000000407a000000) (1024K)]
  0x000001ffe03b6ee0 WorkerThread "GC Thread#7"                     [id=16436, stack(0x000000407a000000,0x000000407a100000) (1024K)]
  0x000001ffc3223220 ConcurrentGCThread "G1 Main Marker"            [id=8656, stack(0x0000004077e00000,0x0000004077f00000) (1024K)]
  0x000001ffc32264e0 WorkerThread "G1 Conc#0"                       [id=8500, stack(0x0000004077f00000,0x0000004078000000) (1024K)]
  0x000001ffe197e3f0 WorkerThread "G1 Conc#1"                       [id=5880, stack(0x000000407a100000,0x000000407a200000) (1024K)]
  0x000001ffda7a9ad0 ConcurrentGCThread "G1 Refine#0"               [id=3676, stack(0x0000004078000000,0x0000004078100000) (1024K)]
  0x000001ffda7aa300 ConcurrentGCThread "G1 Service"                [id=7204, stack(0x0000004078100000,0x0000004078200000) (1024K)]
Total: 15

Threads with active compile tasks:
C2 CompilerThread0  14311 15048 % !   4       com.android.tools.r8.dex.C::k @ 947 (2698 bytes)
Total: 1

VM state: not at safepoint (normal execution)

VM Mutex/Monitor currently owned by a thread: None

Heap address: 0x0000000080000000, size: 2048 MB, Compressed Oops mode: 32-bit

CDS archive(s) not mapped
Compressed class space mapped at: 0x0000000100000000-0x0000000140000000, reserved size: 1073741824
Narrow klass base: 0x0000000000000000, Narrow klass shift: 3, Narrow klass range: 0x140000000

GC Precious Log:
 CardTable entry size: 512
 Card Set container configuration: InlinePtr #cards 5 size 8 Array Of Cards #cards 12 size 40 Howl #buckets 4 coarsen threshold 1843 Howl Bitmap #cards 512 size 80 coarsen threshold 460 Card regions per heap region 1 cards per card region 2048
 CPUs: 8 total, 8 available
 Memory: 16300M
 Large Page Support: Disabled
 NUMA Support: Disabled
 Compressed Oops: Enabled (32-bit)
 Heap Region Size: 1M
 Heap Min Capacity: 8M
 Heap Initial Capacity: 256M
 Heap Max Capacity: 2G
 Pre-touch: Disabled
 Parallel Workers: 8
 Concurrent Workers: 2
 Concurrent Refinement Workers: 8
 Periodic GC: Disabled

Heap:
 garbage-first heap   total 430080K, used 340696K [0x0000000080000000, 0x0000000100000000)
  region size 1024K, 83 young (84992K), 2 survivors (2048K)
 Metaspace       used 121963K, committed 124160K, reserved 1179648K
  class space    used 16969K, committed 18048K, reserved 1048576K

Heap Regions: E=young(eden), S=young(survivor), O=old, HS=humongous(starts), HC=humongous(continues), CS=collection set, F=free, TAMS=top-at-mark-start, PB=parsable bottom
|   0|0x0000000080000000, 0x0000000080100000, 0x0000000080100000|100%| O|  |TAMS 0x0000000080000000| PB 0x0000000080000000| Untracked 
|   1|0x0000000080100000, 0x0000000080200000, 0x0000000080200000|100%|HS|  |TAMS 0x0000000080100000| PB 0x0000000080100000| Complete 
|   2|0x0000000080200000, 0x0000000080300000, 0x0000000080300000|100%|HC|  |TAMS 0x0000000080200000| PB 0x0000000080200000| Complete 
|   3|0x0000000080300000, 0x0000000080400000, 0x0000000080400000|100%|HC|  |TAMS 0x0000000080300000| PB 0x0000000080300000| Complete 
|   4|0x0000000080400000, 0x0000000080500000, 0x0000000080500000|100%|HC|  |TAMS 0x0000000080400000| PB 0x0000000080400000| Complete 
|   5|0x0000000080500000, 0x0000000080600000, 0x0000000080600000|100%| O|  |TAMS 0x0000000080500000| PB 0x0000000080500000| Untracked 
|   6|0x0000000080600000, 0x0000000080700000, 0x0000000080700000|100%| O|  |TAMS 0x0000000080600000| PB 0x0000000080600000| Untracked 
|   7|0x0000000080700000, 0x0000000080800000, 0x0000000080800000|100%| O|  |TAMS 0x0000000080700000| PB 0x0000000080700000| Untracked 
|   8|0x0000000080800000, 0x0000000080900000, 0x0000000080900000|100%| O|  |TAMS 0x0000000080800000| PB 0x0000000080800000| Untracked 
|   9|0x0000000080900000, 0x0000000080a00000, 0x0000000080a00000|100%| O|  |TAMS 0x0000000080900000| PB 0x0000000080900000| Untracked 
|  10|0x0000000080a00000, 0x0000000080b00000, 0x0000000080b00000|100%| O|  |TAMS 0x0000000080a00000| PB 0x0000000080a00000| Untracked 
|  11|0x0000000080b00000, 0x0000000080c00000, 0x0000000080c00000|100%| O|  |TAMS 0x0000000080b00000| PB 0x0000000080b00000| Untracked 
|  12|0x0000000080c00000, 0x0000000080d00000, 0x0000000080d00000|100%| O|  |TAMS 0x0000000080c00000| PB 0x0000000080c00000| Untracked 
|  13|0x0000000080d00000, 0x0000000080e00000, 0x0000000080e00000|100%| O|  |TAMS 0x0000000080d00000| PB 0x0000000080d00000| Untracked 
|  14|0x0000000080e00000, 0x0000000080f00000, 0x0000000080f00000|100%| O|  |TAMS 0x0000000080e00000| PB 0x0000000080e00000| Untracked 
|  15|0x0000000080f00000, 0x0000000081000000, 0x0000000081000000|100%| O|  |TAMS 0x0000000080f00000| PB 0x0000000080f00000| Untracked 
|  16|0x0000000081000000, 0x0000000081100000, 0x0000000081100000|100%| O|  |TAMS 0x0000000081000000| PB 0x0000000081000000| Untracked 
|  17|0x0000000081100000, 0x0000000081200000, 0x0000000081200000|100%| O|  |TAMS 0x0000000081100000| PB 0x0000000081100000| Untracked 
|  18|0x0000000081200000, 0x0000000081300000, 0x0000000081300000|100%| O|  |TAMS 0x0000000081200000| PB 0x0000000081200000| Untracked 
|  19|0x0000000081300000, 0x0000000081400000, 0x0000000081400000|100%| O|  |TAMS 0x0000000081300000| PB 0x0000000081300000| Untracked 
|  20|0x0000000081400000, 0x0000000081500000, 0x0000000081500000|100%| O|  |TAMS 0x0000000081400000| PB 0x0000000081400000| Untracked 
|  21|0x0000000081500000, 0x0000000081600000, 0x0000000081600000|100%| O|  |TAMS 0x0000000081500000| PB 0x0000000081500000| Untracked 
|  22|0x0000000081600000, 0x0000000081700000, 0x0000000081700000|100%|HS|  |TAMS 0x0000000081600000| PB 0x0000000081600000| Complete 
|  23|0x0000000081700000, 0x0000000081800000, 0x0000000081800000|100%|HC|  |TAMS 0x0000000081700000| PB 0x0000000081700000| Complete 
|  24|0x0000000081800000, 0x0000000081900000, 0x0000000081900000|100%| O|  |TAMS 0x0000000081800000| PB 0x0000000081800000| Untracked 
|  25|0x0000000081900000, 0x0000000081a00000, 0x0000000081a00000|100%| O|  |TAMS 0x0000000081900000| PB 0x0000000081900000| Untracked 
|  26|0x0000000081a00000, 0x0000000081b00000, 0x0000000081b00000|100%| O|  |TAMS 0x0000000081a00000| PB 0x0000000081a00000| Untracked 
|  27|0x0000000081b00000, 0x0000000081c00000, 0x0000000081c00000|100%| O|  |TAMS 0x0000000081b00000| PB 0x0000000081b00000| Untracked 
|  28|0x0000000081c00000, 0x0000000081d00000, 0x0000000081d00000|100%| O|  |TAMS 0x0000000081c00000| PB 0x0000000081c00000| Untracked 
|  29|0x0000000081d00000, 0x0000000081e00000, 0x0000000081e00000|100%| O|  |TAMS 0x0000000081d00000| PB 0x0000000081d00000| Untracked 
|  30|0x0000000081e00000, 0x0000000081f00000, 0x0000000081f00000|100%| O|  |TAMS 0x0000000081e00000| PB 0x0000000081e00000| Untracked 
|  31|0x0000000081f00000, 0x0000000082000000, 0x0000000082000000|100%| O|  |TAMS 0x0000000081f00000| PB 0x0000000081f00000| Untracked 
|  32|0x0000000082000000, 0x0000000082100000, 0x0000000082100000|100%| O|  |TAMS 0x0000000082000000| PB 0x0000000082000000| Untracked 
|  33|0x0000000082100000, 0x0000000082200000, 0x0000000082200000|100%| O|  |TAMS 0x0000000082100000| PB 0x0000000082100000| Untracked 
|  34|0x0000000082200000, 0x0000000082300000, 0x0000000082300000|100%| O|  |TAMS 0x0000000082200000| PB 0x0000000082200000| Untracked 
|  35|0x0000000082300000, 0x0000000082400000, 0x0000000082400000|100%| O|  |TAMS 0x0000000082300000| PB 0x0000000082300000| Untracked 
|  36|0x0000000082400000, 0x0000000082500000, 0x0000000082500000|100%| O|  |TAMS 0x0000000082400000| PB 0x0000000082400000| Untracked 
|  37|0x0000000082500000, 0x0000000082600000, 0x0000000082600000|100%| O|  |TAMS 0x0000000082500000| PB 0x0000000082500000| Untracked 
|  38|0x0000000082600000, 0x0000000082700000, 0x0000000082700000|100%| O|  |TAMS 0x0000000082600000| PB 0x0000000082600000| Untracked 
|  39|0x0000000082700000, 0x0000000082800000, 0x0000000082800000|100%| O|  |TAMS 0x0000000082700000| PB 0x0000000082700000| Untracked 
|  40|0x0000000082800000, 0x0000000082900000, 0x0000000082900000|100%| O|  |TAMS 0x0000000082800000| PB 0x0000000082800000| Untracked 
|  41|0x0000000082900000, 0x0000000082a00000, 0x0000000082a00000|100%| O|  |TAMS 0x0000000082900000| PB 0x0000000082900000| Untracked 
|  42|0x0000000082a00000, 0x0000000082b00000, 0x0000000082b00000|100%| O|  |TAMS 0x0000000082a00000| PB 0x0000000082a00000| Untracked 
|  43|0x0000000082b00000, 0x0000000082c00000, 0x0000000082c00000|100%| O|  |TAMS 0x0000000082b00000| PB 0x0000000082b00000| Untracked 
|  44|0x0000000082c00000, 0x0000000082d00000, 0x0000000082d00000|100%| O|  |TAMS 0x0000000082c00000| PB 0x0000000082c00000| Untracked 
|  45|0x0000000082d00000, 0x0000000082e00000, 0x0000000082e00000|100%| O|  |TAMS 0x0000000082d00000| PB 0x0000000082d00000| Untracked 
|  46|0x0000000082e00000, 0x0000000082f00000, 0x0000000082f00000|100%| O|  |TAMS 0x0000000082e00000| PB 0x0000000082e00000| Untracked 
|  47|0x0000000082f00000, 0x0000000083000000, 0x0000000083000000|100%|HS|  |TAMS 0x0000000082f00000| PB 0x0000000082f00000| Complete 
|  48|0x0000000083000000, 0x0000000083100000, 0x0000000083100000|100%|HS|  |TAMS 0x0000000083000000| PB 0x0000000083000000| Complete 
|  49|0x0000000083100000, 0x0000000083200000, 0x0000000083200000|100%| O|  |TAMS 0x0000000083100000| PB 0x0000000083100000| Untracked 
|  50|0x0000000083200000, 0x0000000083300000, 0x0000000083300000|100%| O|  |TAMS 0x0000000083200000| PB 0x0000000083200000| Untracked 
|  51|0x0000000083300000, 0x0000000083400000, 0x0000000083400000|100%| O|Cm|TAMS 0x0000000083300000| PB 0x0000000083300000| Complete 
|  52|0x0000000083400000, 0x0000000083500000, 0x0000000083500000|100%| O|  |TAMS 0x0000000083400000| PB 0x0000000083400000| Untracked 
|  53|0x0000000083500000, 0x0000000083600000, 0x0000000083600000|100%|HS|  |TAMS 0x0000000083500000| PB 0x0000000083500000| Complete 
|  54|0x0000000083600000, 0x0000000083700000, 0x0000000083700000|100%|HC|  |TAMS 0x0000000083600000| PB 0x0000000083600000| Complete 
|  55|0x0000000083700000, 0x0000000083800000, 0x0000000083800000|100%|HS|  |TAMS 0x0000000083700000| PB 0x0000000083700000| Complete 
|  56|0x0000000083800000, 0x0000000083900000, 0x0000000083900000|100%|HC|  |TAMS 0x0000000083800000| PB 0x0000000083800000| Complete 
|  57|0x0000000083900000, 0x0000000083a00000, 0x0000000083a00000|100%|HS|  |TAMS 0x0000000083900000| PB 0x0000000083900000| Complete 
|  58|0x0000000083a00000, 0x0000000083b00000, 0x0000000083b00000|100%|HS|  |TAMS 0x0000000083a00000| PB 0x0000000083a00000| Complete 
|  59|0x0000000083b00000, 0x0000000083c00000, 0x0000000083c00000|100%|HC|  |TAMS 0x0000000083b00000| PB 0x0000000083b00000| Complete 
|  60|0x0000000083c00000, 0x0000000083d00000, 0x0000000083d00000|100%|HC|  |TAMS 0x0000000083c00000| PB 0x0000000083c00000| Complete 
|  61|0x0000000083d00000, 0x0000000083e00000, 0x0000000083e00000|100%|HC|  |TAMS 0x0000000083d00000| PB 0x0000000083d00000| Complete 
|  62|0x0000000083e00000, 0x0000000083f00000, 0x0000000083f00000|100%|HS|  |TAMS 0x0000000083e00000| PB 0x0000000083e00000| Complete 
|  63|0x0000000083f00000, 0x0000000084000000, 0x0000000084000000|100%| O|  |TAMS 0x0000000083f00000| PB 0x0000000083f00000| Untracked 
|  64|0x0000000084000000, 0x0000000084100000, 0x0000000084100000|100%|HS|  |TAMS 0x0000000084000000| PB 0x0000000084000000| Complete 
|  65|0x0000000084100000, 0x0000000084200000, 0x0000000084200000|100%|HS|  |TAMS 0x0000000084100000| PB 0x0000000084100000| Complete 
|  66|0x0000000084200000, 0x0000000084300000, 0x0000000084300000|100%| O|  |TAMS 0x0000000084200000| PB 0x0000000084200000| Untracked 
|  67|0x0000000084300000, 0x0000000084400000, 0x0000000084400000|100%| O|  |TAMS 0x0000000084300000| PB 0x0000000084300000| Untracked 
|  68|0x0000000084400000, 0x0000000084500000, 0x0000000084500000|100%| O|  |TAMS 0x0000000084400000| PB 0x0000000084400000| Untracked 
|  69|0x0000000084500000, 0x0000000084600000, 0x0000000084600000|100%|HS|  |TAMS 0x0000000084500000| PB 0x0000000084500000| Complete 
|  70|0x0000000084600000, 0x0000000084700000, 0x0000000084700000|100%| O|  |TAMS 0x0000000084600000| PB 0x0000000084600000| Untracked 
|  71|0x0000000084700000, 0x0000000084800000, 0x0000000084800000|100%| O|  |TAMS 0x0000000084700000| PB 0x0000000084700000| Untracked 
|  72|0x0000000084800000, 0x0000000084900000, 0x0000000084900000|100%| O|  |TAMS 0x0000000084800000| PB 0x0000000084800000| Untracked 
|  73|0x0000000084900000, 0x0000000084a00000, 0x0000000084a00000|100%| O|  |TAMS 0x0000000084900000| PB 0x0000000084900000| Untracked 
|  74|0x0000000084a00000, 0x0000000084b00000, 0x0000000084b00000|100%| O|  |TAMS 0x0000000084a00000| PB 0x0000000084a00000| Untracked 
|  75|0x0000000084b00000, 0x0000000084c00000, 0x0000000084c00000|100%| O|  |TAMS 0x0000000084b00000| PB 0x0000000084b00000| Untracked 
|  76|0x0000000084c00000, 0x0000000084d00000, 0x0000000084d00000|100%| O|  |TAMS 0x0000000084c00000| PB 0x0000000084c00000| Untracked 
|  77|0x0000000084d00000, 0x0000000084e00000, 0x0000000084e00000|100%| O|  |TAMS 0x0000000084d00000| PB 0x0000000084d00000| Untracked 
|  78|0x0000000084e00000, 0x0000000084f00000, 0x0000000084f00000|100%|HS|  |TAMS 0x0000000084e00000| PB 0x0000000084e00000| Complete 
|  79|0x0000000084f00000, 0x0000000085000000, 0x0000000085000000|100%|HC|  |TAMS 0x0000000084f00000| PB 0x0000000084f00000| Complete 
|  80|0x0000000085000000, 0x0000000085100000, 0x0000000085100000|100%|HC|  |TAMS 0x0000000085000000| PB 0x0000000085000000| Complete 
|  81|0x0000000085100000, 0x0000000085200000, 0x0000000085200000|100%|HC|  |TAMS 0x0000000085100000| PB 0x0000000085100000| Complete 
|  82|0x0000000085200000, 0x0000000085300000, 0x0000000085300000|100%| O|  |TAMS 0x0000000085200000| PB 0x0000000085200000| Untracked 
|  83|0x0000000085300000, 0x0000000085400000, 0x0000000085400000|100%| O|Cm|TAMS 0x0000000085300000| PB 0x0000000085300000| Complete 
|  84|0x0000000085400000, 0x0000000085500000, 0x0000000085500000|100%| O|  |TAMS 0x0000000085400000| PB 0x0000000085400000| Untracked 
|  85|0x0000000085500000, 0x0000000085600000, 0x0000000085600000|100%| O|  |TAMS 0x0000000085500000| PB 0x0000000085500000| Untracked 
|  86|0x0000000085600000, 0x0000000085700000, 0x0000000085700000|100%| O|  |TAMS 0x0000000085600000| PB 0x0000000085600000| Untracked 
|  87|0x0000000085700000, 0x0000000085800000, 0x0000000085800000|100%| O|  |TAMS 0x0000000085700000| PB 0x0000000085700000| Untracked 
|  88|0x0000000085800000, 0x0000000085900000, 0x0000000085900000|100%| O|  |TAMS 0x0000000085800000| PB 0x0000000085800000| Untracked 
|  89|0x0000000085900000, 0x0000000085a00000, 0x0000000085a00000|100%| O|  |TAMS 0x0000000085900000| PB 0x0000000085900000| Untracked 
|  90|0x0000000085a00000, 0x0000000085b00000, 0x0000000085b00000|100%| O|  |TAMS 0x0000000085a00000| PB 0x0000000085a00000| Untracked 
|  91|0x0000000085b00000, 0x0000000085c00000, 0x0000000085c00000|100%| O|  |TAMS 0x0000000085b00000| PB 0x0000000085b00000| Untracked 
|  92|0x0000000085c00000, 0x0000000085d00000, 0x0000000085d00000|100%| O|  |TAMS 0x0000000085c00000| PB 0x0000000085c00000| Untracked 
|  93|0x0000000085d00000, 0x0000000085e00000, 0x0000000085e00000|100%|HS|  |TAMS 0x0000000085d00000| PB 0x0000000085d00000| Complete 
|  94|0x0000000085e00000, 0x0000000085f00000, 0x0000000085f00000|100%|HC|  |TAMS 0x0000000085e00000| PB 0x0000000085e00000| Complete 
|  95|0x0000000085f00000, 0x0000000086000000, 0x0000000086000000|100%| O|  |TAMS 0x0000000085f00000| PB 0x0000000085f00000| Untracked 
|  96|0x0000000086000000, 0x0000000086100000, 0x0000000086100000|100%| O|  |TAMS 0x0000000086000000| PB 0x0000000086000000| Untracked 
|  97|0x0000000086100000, 0x0000000086200000, 0x0000000086200000|100%| O|  |TAMS 0x0000000086100000| PB 0x0000000086100000| Untracked 
|  98|0x0000000086200000, 0x0000000086300000, 0x0000000086300000|100%| O|  |TAMS 0x0000000086200000| PB 0x0000000086200000| Untracked 
|  99|0x0000000086300000, 0x0000000086400000, 0x0000000086400000|100%| O|  |TAMS 0x0000000086300000| PB 0x0000000086300000| Untracked 
| 100|0x0000000086400000, 0x0000000086500000, 0x0000000086500000|100%| O|  |TAMS 0x0000000086400000| PB 0x0000000086400000| Untracked 
| 101|0x0000000086500000, 0x0000000086600000, 0x0000000086600000|100%| O|  |TAMS 0x0000000086500000| PB 0x0000000086500000| Untracked 
| 102|0x0000000086600000, 0x0000000086700000, 0x0000000086700000|100%| O|  |TAMS 0x0000000086600000| PB 0x0000000086600000| Untracked 
| 103|0x0000000086700000, 0x0000000086800000, 0x0000000086800000|100%| O|  |TAMS 0x0000000086700000| PB 0x0000000086700000| Untracked 
| 104|0x0000000086800000, 0x0000000086900000, 0x0000000086900000|100%| O|  |TAMS 0x0000000086800000| PB 0x0000000086800000| Untracked 
| 105|0x0000000086900000, 0x0000000086a00000, 0x0000000086a00000|100%| O|  |TAMS 0x0000000086900000| PB 0x0000000086900000| Untracked 
| 106|0x0000000086a00000, 0x0000000086b00000, 0x0000000086b00000|100%|HS|  |TAMS 0x0000000086a00000| PB 0x0000000086a00000| Complete 
| 107|0x0000000086b00000, 0x0000000086c00000, 0x0000000086c00000|100%| O|  |TAMS 0x0000000086b00000| PB 0x0000000086b00000| Untracked 
| 108|0x0000000086c00000, 0x0000000086d00000, 0x0000000086d00000|100%| O|  |TAMS 0x0000000086c00000| PB 0x0000000086c00000| Untracked 
| 109|0x0000000086d00000, 0x0000000086e00000, 0x0000000086e00000|100%| O|  |TAMS 0x0000000086d00000| PB 0x0000000086d00000| Untracked 
| 110|0x0000000086e00000, 0x0000000086f00000, 0x0000000086f00000|100%| O|  |TAMS 0x0000000086e00000| PB 0x0000000086e00000| Untracked 
| 111|0x0000000086f00000, 0x0000000087000000, 0x0000000087000000|100%| O|  |TAMS 0x0000000086f00000| PB 0x0000000086f00000| Untracked 
| 112|0x0000000087000000, 0x0000000087100000, 0x0000000087100000|100%| O|  |TAMS 0x0000000087000000| PB 0x0000000087000000| Untracked 
| 113|0x0000000087100000, 0x0000000087200000, 0x0000000087200000|100%|HS|  |TAMS 0x0000000087100000| PB 0x0000000087100000| Complete 
| 114|0x0000000087200000, 0x0000000087300000, 0x0000000087300000|100%| O|  |TAMS 0x0000000087200000| PB 0x0000000087200000| Untracked 
| 115|0x0000000087300000, 0x0000000087400000, 0x0000000087400000|100%| O|  |TAMS 0x0000000087300000| PB 0x0000000087300000| Untracked 
| 116|0x0000000087400000, 0x0000000087500000, 0x0000000087500000|100%| O|  |TAMS 0x0000000087400000| PB 0x0000000087400000| Untracked 
| 117|0x0000000087500000, 0x0000000087600000, 0x0000000087600000|100%| O|  |TAMS 0x0000000087500000| PB 0x0000000087500000| Untracked 
| 118|0x0000000087600000, 0x0000000087700000, 0x0000000087700000|100%| O|  |TAMS 0x0000000087600000| PB 0x0000000087600000| Untracked 
| 119|0x0000000087700000, 0x0000000087800000, 0x0000000087800000|100%| O|Cm|TAMS 0x0000000087700000| PB 0x0000000087700000| Complete 
| 120|0x0000000087800000, 0x0000000087900000, 0x0000000087900000|100%| O|  |TAMS 0x0000000087800000| PB 0x0000000087800000| Untracked 
| 121|0x0000000087900000, 0x0000000087a00000, 0x0000000087a00000|100%| O|  |TAMS 0x0000000087900000| PB 0x0000000087900000| Untracked 
| 122|0x0000000087a00000, 0x0000000087b00000, 0x0000000087b00000|100%| O|  |TAMS 0x0000000087a00000| PB 0x0000000087a00000| Untracked 
| 123|0x0000000087b00000, 0x0000000087c00000, 0x0000000087c00000|100%| O|  |TAMS 0x0000000087b00000| PB 0x0000000087b00000| Untracked 
| 124|0x0000000087c00000, 0x0000000087d00000, 0x0000000087d00000|100%| O|  |TAMS 0x0000000087c00000| PB 0x0000000087c00000| Untracked 
| 125|0x0000000087d00000, 0x0000000087e00000, 0x0000000087e00000|100%| O|Cm|TAMS 0x0000000087d00000| PB 0x0000000087d00000| Complete 
| 126|0x0000000087e00000, 0x0000000087f00000, 0x0000000087f00000|100%| O|  |TAMS 0x0000000087e00000| PB 0x0000000087e00000| Untracked 
| 127|0x0000000087f00000, 0x0000000088000000, 0x0000000088000000|100%|HS|  |TAMS 0x0000000087f00000| PB 0x0000000087f00000| Complete 
| 128|0x0000000088000000, 0x0000000088100000, 0x0000000088100000|100%|HS|  |TAMS 0x0000000088000000| PB 0x0000000088000000| Complete 
| 129|0x0000000088100000, 0x0000000088200000, 0x0000000088200000|100%|HS|  |TAMS 0x0000000088100000| PB 0x0000000088100000| Complete 
| 130|0x0000000088200000, 0x0000000088300000, 0x0000000088300000|100%| O|  |TAMS 0x0000000088200000| PB 0x0000000088200000| Untracked 
| 131|0x0000000088300000, 0x0000000088400000, 0x0000000088400000|100%|HS|  |TAMS 0x0000000088300000| PB 0x0000000088300000| Complete 
| 132|0x0000000088400000, 0x0000000088500000, 0x0000000088500000|100%|HC|  |TAMS 0x0000000088400000| PB 0x0000000088400000| Complete 
| 133|0x0000000088500000, 0x0000000088600000, 0x0000000088600000|100%|HS|  |TAMS 0x0000000088500000| PB 0x0000000088500000| Complete 
| 134|0x0000000088600000, 0x0000000088700000, 0x0000000088700000|100%|HC|  |TAMS 0x0000000088600000| PB 0x0000000088600000| Complete 
| 135|0x0000000088700000, 0x0000000088800000, 0x0000000088800000|100%|HS|  |TAMS 0x0000000088700000| PB 0x0000000088700000| Complete 
| 136|0x0000000088800000, 0x0000000088900000, 0x0000000088900000|100%|HC|  |TAMS 0x0000000088800000| PB 0x0000000088800000| Complete 
| 137|0x0000000088900000, 0x0000000088a00000, 0x0000000088a00000|100%|HS|  |TAMS 0x0000000088900000| PB 0x0000000088900000| Complete 
| 138|0x0000000088a00000, 0x0000000088b00000, 0x0000000088b00000|100%|HS|  |TAMS 0x0000000088a00000| PB 0x0000000088a00000| Complete 
| 139|0x0000000088b00000, 0x0000000088c00000, 0x0000000088c00000|100%|HC|  |TAMS 0x0000000088b00000| PB 0x0000000088b00000| Complete 
| 140|0x0000000088c00000, 0x0000000088d00000, 0x0000000088d00000|100%|HS|  |TAMS 0x0000000088c00000| PB 0x0000000088c00000| Complete 
| 141|0x0000000088d00000, 0x0000000088e00000, 0x0000000088e00000|100%|HS|  |TAMS 0x0000000088d00000| PB 0x0000000088d00000| Complete 
| 142|0x0000000088e00000, 0x0000000088f00000, 0x0000000088f00000|100%|HC|  |TAMS 0x0000000088e00000| PB 0x0000000088e00000| Complete 
| 143|0x0000000088f00000, 0x0000000089000000, 0x0000000089000000|100%|HC|  |TAMS 0x0000000088f00000| PB 0x0000000088f00000| Complete 
| 144|0x0000000089000000, 0x0000000089100000, 0x0000000089100000|100%|HS|  |TAMS 0x0000000089000000| PB 0x0000000089000000| Complete 
| 145|0x0000000089100000, 0x0000000089200000, 0x0000000089200000|100%|HS|  |TAMS 0x0000000089100000| PB 0x0000000089100000| Complete 
| 146|0x0000000089200000, 0x0000000089300000, 0x0000000089300000|100%|HS|  |TAMS 0x0000000089200000| PB 0x0000000089200000| Complete 
| 147|0x0000000089300000, 0x0000000089400000, 0x0000000089400000|100%|HC|  |TAMS 0x0000000089300000| PB 0x0000000089300000| Complete 
| 148|0x0000000089400000, 0x0000000089500000, 0x0000000089500000|100%|HC|  |TAMS 0x0000000089400000| PB 0x0000000089400000| Complete 
| 149|0x0000000089500000, 0x0000000089600000, 0x0000000089600000|100%|HS|  |TAMS 0x0000000089500000| PB 0x0000000089500000| Complete 
| 150|0x0000000089600000, 0x0000000089700000, 0x0000000089700000|100%|HS|  |TAMS 0x0000000089600000| PB 0x0000000089600000| Complete 
| 151|0x0000000089700000, 0x0000000089800000, 0x0000000089800000|100%|HS|  |TAMS 0x0000000089700000| PB 0x0000000089700000| Complete 
| 152|0x0000000089800000, 0x0000000089900000, 0x0000000089900000|100%|HS|  |TAMS 0x0000000089800000| PB 0x0000000089800000| Complete 
| 153|0x0000000089900000, 0x0000000089a00000, 0x0000000089a00000|100%| O|  |TAMS 0x0000000089900000| PB 0x0000000089900000| Untracked 
| 154|0x0000000089a00000, 0x0000000089b00000, 0x0000000089b00000|100%| O|  |TAMS 0x0000000089a00000| PB 0x0000000089a00000| Untracked 
| 155|0x0000000089b00000, 0x0000000089c00000, 0x0000000089c00000|100%| O|  |TAMS 0x0000000089b00000| PB 0x0000000089b00000| Untracked 
| 156|0x0000000089c00000, 0x0000000089d00000, 0x0000000089d00000|100%| O|  |TAMS 0x0000000089c00000| PB 0x0000000089c00000| Untracked 
| 157|0x0000000089d00000, 0x0000000089e00000, 0x0000000089e00000|100%| O|  |TAMS 0x0000000089d00000| PB 0x0000000089d00000| Untracked 
| 158|0x0000000089e00000, 0x0000000089f00000, 0x0000000089f00000|100%| O|  |TAMS 0x0000000089e00000| PB 0x0000000089e00000| Untracked 
| 159|0x0000000089f00000, 0x000000008a000000, 0x000000008a000000|100%| O|  |TAMS 0x0000000089f00000| PB 0x0000000089f00000| Untracked 
| 160|0x000000008a000000, 0x000000008a100000, 0x000000008a100000|100%| O|  |TAMS 0x000000008a000000| PB 0x000000008a000000| Untracked 
| 161|0x000000008a100000, 0x000000008a200000, 0x000000008a200000|100%| O|  |TAMS 0x000000008a100000| PB 0x000000008a100000| Untracked 
| 162|0x000000008a200000, 0x000000008a300000, 0x000000008a300000|100%| O|  |TAMS 0x000000008a200000| PB 0x000000008a200000| Untracked 
| 163|0x000000008a300000, 0x000000008a400000, 0x000000008a400000|100%| O|  |TAMS 0x000000008a300000| PB 0x000000008a300000| Untracked 
| 164|0x000000008a400000, 0x000000008a4b6078, 0x000000008a500000| 71%| O|  |TAMS 0x000000008a400000| PB 0x000000008a400000| Untracked 
| 165|0x000000008a500000, 0x000000008a600000, 0x000000008a600000|100%|HS|  |TAMS 0x000000008a500000| PB 0x000000008a500000| Complete 
| 166|0x000000008a600000, 0x000000008a700000, 0x000000008a700000|100%|HC|  |TAMS 0x000000008a600000| PB 0x000000008a600000| Complete 
| 167|0x000000008a700000, 0x000000008a800000, 0x000000008a800000|100%|HS|  |TAMS 0x000000008a700000| PB 0x000000008a700000| Complete 
| 168|0x000000008a800000, 0x000000008a900000, 0x000000008a900000|100%|HC|  |TAMS 0x000000008a800000| PB 0x000000008a800000| Complete 
| 169|0x000000008a900000, 0x000000008aa00000, 0x000000008aa00000|100%|HS|  |TAMS 0x000000008a900000| PB 0x000000008a900000| Complete 
| 170|0x000000008aa00000, 0x000000008ab00000, 0x000000008ab00000|100%|HS|  |TAMS 0x000000008aa00000| PB 0x000000008aa00000| Complete 
| 171|0x000000008ab00000, 0x000000008ac00000, 0x000000008ac00000|100%|HS|  |TAMS 0x000000008ab00000| PB 0x000000008ab00000| Complete 
| 172|0x000000008ac00000, 0x000000008ad00000, 0x000000008ad00000|100%|HS|  |TAMS 0x000000008ac00000| PB 0x000000008ac00000| Complete 
| 173|0x000000008ad00000, 0x000000008ae00000, 0x000000008ae00000|100%|HS|  |TAMS 0x000000008ad00000| PB 0x000000008ad00000| Complete 
| 174|0x000000008ae00000, 0x000000008af00000, 0x000000008af00000|100%|HS|  |TAMS 0x000000008ae00000| PB 0x000000008ae00000| Complete 
| 175|0x000000008af00000, 0x000000008b000000, 0x000000008b000000|100%|HS|  |TAMS 0x000000008af00000| PB 0x000000008af00000| Complete 
| 176|0x000000008b000000, 0x000000008b100000, 0x000000008b100000|100%|HS|  |TAMS 0x000000008b000000| PB 0x000000008b000000| Complete 
| 177|0x000000008b100000, 0x000000008b200000, 0x000000008b200000|100%|HS|  |TAMS 0x000000008b100000| PB 0x000000008b100000| Complete 
| 178|0x000000008b200000, 0x000000008b300000, 0x000000008b300000|100%|HC|  |TAMS 0x000000008b200000| PB 0x000000008b200000| Complete 
| 179|0x000000008b300000, 0x000000008b400000, 0x000000008b400000|100%|HS|  |TAMS 0x000000008b300000| PB 0x000000008b300000| Complete 
| 180|0x000000008b400000, 0x000000008b500000, 0x000000008b500000|100%|HC|  |TAMS 0x000000008b400000| PB 0x000000008b400000| Complete 
| 181|0x000000008b500000, 0x000000008b600000, 0x000000008b600000|100%|HS|  |TAMS 0x000000008b500000| PB 0x000000008b500000| Complete 
| 182|0x000000008b600000, 0x000000008b700000, 0x000000008b700000|100%|HS|  |TAMS 0x000000008b600000| PB 0x000000008b600000| Complete 
| 183|0x000000008b700000, 0x000000008b800000, 0x000000008b800000|100%|HS|  |TAMS 0x000000008b700000| PB 0x000000008b700000| Complete 
| 184|0x000000008b800000, 0x000000008b900000, 0x000000008b900000|100%|HS|  |TAMS 0x000000008b800000| PB 0x000000008b800000| Complete 
| 185|0x000000008b900000, 0x000000008ba00000, 0x000000008ba00000|100%|HC|  |TAMS 0x000000008b900000| PB 0x000000008b900000| Complete 
| 186|0x000000008ba00000, 0x000000008bb00000, 0x000000008bb00000|100%|HS|  |TAMS 0x000000008ba00000| PB 0x000000008ba00000| Complete 
| 187|0x000000008bb00000, 0x000000008bc00000, 0x000000008bc00000|100%|HC|  |TAMS 0x000000008bb00000| PB 0x000000008bb00000| Complete 
| 188|0x000000008bc00000, 0x000000008bd00000, 0x000000008bd00000|100%|HS|  |TAMS 0x000000008bc00000| PB 0x000000008bc00000| Complete 
| 189|0x000000008bd00000, 0x000000008be00000, 0x000000008be00000|100%|HS|  |TAMS 0x000000008bd00000| PB 0x000000008bd00000| Complete 
| 190|0x000000008be00000, 0x000000008bf00000, 0x000000008bf00000|100%|HC|  |TAMS 0x000000008be00000| PB 0x000000008be00000| Complete 
| 191|0x000000008bf00000, 0x000000008c000000, 0x000000008c000000|100%|HS|  |TAMS 0x000000008bf00000| PB 0x000000008bf00000| Complete 
| 192|0x000000008c000000, 0x000000008c100000, 0x000000008c100000|100%|HC|  |TAMS 0x000000008c000000| PB 0x000000008c000000| Complete 
| 193|0x000000008c100000, 0x000000008c200000, 0x000000008c200000|100%|HS|  |TAMS 0x000000008c100000| PB 0x000000008c100000| Complete 
| 194|0x000000008c200000, 0x000000008c300000, 0x000000008c300000|100%|HS|  |TAMS 0x000000008c200000| PB 0x000000008c200000| Complete 
| 195|0x000000008c300000, 0x000000008c400000, 0x000000008c400000|100%|HS|  |TAMS 0x000000008c300000| PB 0x000000008c300000| Complete 
| 196|0x000000008c400000, 0x000000008c500000, 0x000000008c500000|100%|HS|  |TAMS 0x000000008c400000| PB 0x000000008c400000| Complete 
| 197|0x000000008c500000, 0x000000008c600000, 0x000000008c600000|100%|HC|  |TAMS 0x000000008c500000| PB 0x000000008c500000| Complete 
| 198|0x000000008c600000, 0x000000008c700000, 0x000000008c700000|100%|HS|  |TAMS 0x000000008c600000| PB 0x000000008c600000| Complete 
| 199|0x000000008c700000, 0x000000008c800000, 0x000000008c800000|100%|HC|  |TAMS 0x000000008c700000| PB 0x000000008c700000| Complete 
| 200|0x000000008c800000, 0x000000008c900000, 0x000000008c900000|100%|HS|  |TAMS 0x000000008c800000| PB 0x000000008c800000| Complete 
| 201|0x000000008c900000, 0x000000008ca00000, 0x000000008ca00000|100%|HS|  |TAMS 0x000000008c900000| PB 0x000000008c900000| Complete 
| 202|0x000000008ca00000, 0x000000008cb00000, 0x000000008cb00000|100%|HS|  |TAMS 0x000000008ca00000| PB 0x000000008ca00000| Complete 
| 203|0x000000008cb00000, 0x000000008cc00000, 0x000000008cc00000|100%|HS|  |TAMS 0x000000008cb00000| PB 0x000000008cb00000| Complete 
| 204|0x000000008cc00000, 0x000000008cd00000, 0x000000008cd00000|100%|HC|  |TAMS 0x000000008cc00000| PB 0x000000008cc00000| Complete 
| 205|0x000000008cd00000, 0x000000008ce00000, 0x000000008ce00000|100%|HS|  |TAMS 0x000000008cd00000| PB 0x000000008cd00000| Complete 
| 206|0x000000008ce00000, 0x000000008cf00000, 0x000000008cf00000|100%|HC|  |TAMS 0x000000008ce00000| PB 0x000000008ce00000| Complete 
| 207|0x000000008cf00000, 0x000000008d000000, 0x000000008d000000|100%|HC|  |TAMS 0x000000008cf00000| PB 0x000000008cf00000| Complete 
| 208|0x000000008d000000, 0x000000008d100000, 0x000000008d100000|100%|HS|  |TAMS 0x000000008d000000| PB 0x000000008d000000| Complete 
| 209|0x000000008d100000, 0x000000008d200000, 0x000000008d200000|100%|HC|  |TAMS 0x000000008d100000| PB 0x000000008d100000| Complete 
| 210|0x000000008d200000, 0x000000008d300000, 0x000000008d300000|100%|HC|  |TAMS 0x000000008d200000| PB 0x000000008d200000| Complete 
| 211|0x000000008d300000, 0x000000008d400000, 0x000000008d400000|100%|HS|  |TAMS 0x000000008d300000| PB 0x000000008d300000| Complete 
| 212|0x000000008d400000, 0x000000008d500000, 0x000000008d500000|100%|HS|  |TAMS 0x000000008d400000| PB 0x000000008d400000| Complete 
| 213|0x000000008d500000, 0x000000008d600000, 0x000000008d600000|100%|HS|  |TAMS 0x000000008d500000| PB 0x000000008d500000| Complete 
| 214|0x000000008d600000, 0x000000008d700000, 0x000000008d700000|100%|HS|  |TAMS 0x000000008d600000| PB 0x000000008d600000| Complete 
| 215|0x000000008d700000, 0x000000008d800000, 0x000000008d800000|100%|HS|  |TAMS 0x000000008d700000| PB 0x000000008d700000| Complete 
| 216|0x000000008d800000, 0x000000008d900000, 0x000000008d900000|100%|HS|  |TAMS 0x000000008d800000| PB 0x000000008d800000| Complete 
| 217|0x000000008d900000, 0x000000008da00000, 0x000000008da00000|100%|HC|  |TAMS 0x000000008d900000| PB 0x000000008d900000| Complete 
| 218|0x000000008da00000, 0x000000008db00000, 0x000000008db00000|100%|HS|  |TAMS 0x000000008da00000| PB 0x000000008da00000| Complete 
| 219|0x000000008db00000, 0x000000008dc00000, 0x000000008dc00000|100%|HC|  |TAMS 0x000000008db00000| PB 0x000000008db00000| Complete 
| 220|0x000000008dc00000, 0x000000008dd00000, 0x000000008dd00000|100%|HC|  |TAMS 0x000000008dc00000| PB 0x000000008dc00000| Complete 
| 221|0x000000008dd00000, 0x000000008de00000, 0x000000008de00000|100%|HS|  |TAMS 0x000000008dd00000| PB 0x000000008dd00000| Complete 
| 222|0x000000008de00000, 0x000000008df00000, 0x000000008df00000|100%|HC|  |TAMS 0x000000008de00000| PB 0x000000008de00000| Complete 
| 223|0x000000008df00000, 0x000000008e000000, 0x000000008e000000|100%|HC|  |TAMS 0x000000008df00000| PB 0x000000008df00000| Complete 
| 224|0x000000008e000000, 0x000000008e100000, 0x000000008e100000|100%|HS|  |TAMS 0x000000008e000000| PB 0x000000008e000000| Complete 
| 225|0x000000008e100000, 0x000000008e200000, 0x000000008e200000|100%|HS|  |TAMS 0x000000008e100000| PB 0x000000008e100000| Complete 
| 226|0x000000008e200000, 0x000000008e300000, 0x000000008e300000|100%|HS|  |TAMS 0x000000008e200000| PB 0x000000008e200000| Complete 
| 227|0x000000008e300000, 0x000000008e400000, 0x000000008e400000|100%|HS|  |TAMS 0x000000008e300000| PB 0x000000008e300000| Complete 
| 228|0x000000008e400000, 0x000000008e500000, 0x000000008e500000|100%|HS|  |TAMS 0x000000008e400000| PB 0x000000008e400000| Complete 
| 229|0x000000008e500000, 0x000000008e600000, 0x000000008e600000|100%|HS|  |TAMS 0x000000008e500000| PB 0x000000008e500000| Complete 
| 230|0x000000008e600000, 0x000000008e600000, 0x000000008e700000|  0%| F|  |TAMS 0x000000008e600000| PB 0x000000008e600000| Untracked 
| 231|0x000000008e700000, 0x000000008e700000, 0x000000008e800000|  0%| F|  |TAMS 0x000000008e700000| PB 0x000000008e700000| Untracked 
| 232|0x000000008e800000, 0x000000008e800000, 0x000000008e900000|  0%| F|  |TAMS 0x000000008e800000| PB 0x000000008e800000| Untracked 
| 233|0x000000008e900000, 0x000000008e900000, 0x000000008ea00000|  0%| F|  |TAMS 0x000000008e900000| PB 0x000000008e900000| Untracked 
| 234|0x000000008ea00000, 0x000000008ea00000, 0x000000008eb00000|  0%| F|  |TAMS 0x000000008ea00000| PB 0x000000008ea00000| Untracked 
| 235|0x000000008eb00000, 0x000000008eb00000, 0x000000008ec00000|  0%| F|  |TAMS 0x000000008eb00000| PB 0x000000008eb00000| Untracked 
| 236|0x000000008ec00000, 0x000000008ec00000, 0x000000008ed00000|  0%| F|  |TAMS 0x000000008ec00000| PB 0x000000008ec00000| Untracked 
| 237|0x000000008ed00000, 0x000000008ed00000, 0x000000008ee00000|  0%| F|  |TAMS 0x000000008ed00000| PB 0x000000008ed00000| Untracked 
| 238|0x000000008ee00000, 0x000000008ef00000, 0x000000008ef00000|100%| E|CS|TAMS 0x000000008ee00000| PB 0x000000008ee00000| Complete 
| 239|0x000000008ef00000, 0x000000008f000000, 0x000000008f000000|100%| E|CS|TAMS 0x000000008ef00000| PB 0x000000008ef00000| Complete 
| 240|0x000000008f000000, 0x000000008f100000, 0x000000008f100000|100%| E|CS|TAMS 0x000000008f000000| PB 0x000000008f000000| Complete 
| 241|0x000000008f100000, 0x000000008f200000, 0x000000008f200000|100%| E|CS|TAMS 0x000000008f100000| PB 0x000000008f100000| Complete 
| 242|0x000000008f200000, 0x000000008f300000, 0x000000008f300000|100%| E|CS|TAMS 0x000000008f200000| PB 0x000000008f200000| Complete 
| 243|0x000000008f300000, 0x000000008f400000, 0x000000008f400000|100%| E|CS|TAMS 0x000000008f300000| PB 0x000000008f300000| Complete 
| 244|0x000000008f400000, 0x000000008f500000, 0x000000008f500000|100%| E|CS|TAMS 0x000000008f400000| PB 0x000000008f400000| Complete 
| 245|0x000000008f500000, 0x000000008f600000, 0x000000008f600000|100%| E|CS|TAMS 0x000000008f500000| PB 0x000000008f500000| Complete 
| 246|0x000000008f600000, 0x000000008f700000, 0x000000008f700000|100%| S|CS|TAMS 0x000000008f600000| PB 0x000000008f600000| Complete 
| 247|0x000000008f700000, 0x000000008f800000, 0x000000008f800000|100%| S|CS|TAMS 0x000000008f700000| PB 0x000000008f700000| Complete 
| 248|0x000000008f800000, 0x000000008f900000, 0x000000008f900000|100%| E|CS|TAMS 0x000000008f800000| PB 0x000000008f800000| Complete 
| 249|0x000000008f900000, 0x000000008fa00000, 0x000000008fa00000|100%| E|CS|TAMS 0x000000008f900000| PB 0x000000008f900000| Complete 
| 250|0x000000008fa00000, 0x000000008fb00000, 0x000000008fb00000|100%| E|CS|TAMS 0x000000008fa00000| PB 0x000000008fa00000| Complete 
| 251|0x000000008fb00000, 0x000000008fc00000, 0x000000008fc00000|100%| E|CS|TAMS 0x000000008fb00000| PB 0x000000008fb00000| Complete 
| 252|0x000000008fc00000, 0x000000008fd00000, 0x000000008fd00000|100%| E|CS|TAMS 0x000000008fc00000| PB 0x000000008fc00000| Complete 
| 253|0x000000008fd00000, 0x000000008fe00000, 0x000000008fe00000|100%| E|CS|TAMS 0x000000008fd00000| PB 0x000000008fd00000| Complete 
| 254|0x000000008fe00000, 0x000000008ff00000, 0x000000008ff00000|100%| E|CS|TAMS 0x000000008fe00000| PB 0x000000008fe00000| Complete 
| 255|0x000000008ff00000, 0x0000000090000000, 0x0000000090000000|100%| E|CS|TAMS 0x000000008ff00000| PB 0x000000008ff00000| Complete 
| 256|0x0000000090000000, 0x0000000090100000, 0x0000000090100000|100%| E|CS|TAMS 0x0000000090000000| PB 0x0000000090000000| Complete 
| 257|0x0000000090100000, 0x0000000090200000, 0x0000000090200000|100%| E|CS|TAMS 0x0000000090100000| PB 0x0000000090100000| Complete 
| 258|0x0000000090200000, 0x0000000090300000, 0x0000000090300000|100%| E|CS|TAMS 0x0000000090200000| PB 0x0000000090200000| Complete 
| 259|0x0000000090300000, 0x0000000090400000, 0x0000000090400000|100%| E|CS|TAMS 0x0000000090300000| PB 0x0000000090300000| Complete 
| 260|0x0000000090400000, 0x0000000090500000, 0x0000000090500000|100%| E|CS|TAMS 0x0000000090400000| PB 0x0000000090400000| Complete 
| 261|0x0000000090500000, 0x0000000090600000, 0x0000000090600000|100%| E|CS|TAMS 0x0000000090500000| PB 0x0000000090500000| Complete 
| 262|0x0000000090600000, 0x0000000090700000, 0x0000000090700000|100%| E|CS|TAMS 0x0000000090600000| PB 0x0000000090600000| Complete 
| 263|0x0000000090700000, 0x0000000090800000, 0x0000000090800000|100%| E|CS|TAMS 0x0000000090700000| PB 0x0000000090700000| Complete 
| 264|0x0000000090800000, 0x0000000090900000, 0x0000000090900000|100%| E|CS|TAMS 0x0000000090800000| PB 0x0000000090800000| Complete 
| 265|0x0000000090900000, 0x0000000090a00000, 0x0000000090a00000|100%| E|CS|TAMS 0x0000000090900000| PB 0x0000000090900000| Complete 
| 266|0x0000000090a00000, 0x0000000090b00000, 0x0000000090b00000|100%| E|CS|TAMS 0x0000000090a00000| PB 0x0000000090a00000| Complete 
| 267|0x0000000090b00000, 0x0000000090c00000, 0x0000000090c00000|100%| E|CS|TAMS 0x0000000090b00000| PB 0x0000000090b00000| Complete 
| 268|0x0000000090c00000, 0x0000000090d00000, 0x0000000090d00000|100%| E|CS|TAMS 0x0000000090c00000| PB 0x0000000090c00000| Complete 
| 269|0x0000000090d00000, 0x0000000090e00000, 0x0000000090e00000|100%| E|CS|TAMS 0x0000000090d00000| PB 0x0000000090d00000| Complete 
| 270|0x0000000090e00000, 0x0000000090f00000, 0x0000000090f00000|100%| E|CS|TAMS 0x0000000090e00000| PB 0x0000000090e00000| Complete 
| 271|0x0000000090f00000, 0x0000000091000000, 0x0000000091000000|100%| E|CS|TAMS 0x0000000090f00000| PB 0x0000000090f00000| Complete 
| 272|0x0000000091000000, 0x0000000091100000, 0x0000000091100000|100%| E|CS|TAMS 0x0000000091000000| PB 0x0000000091000000| Complete 
| 273|0x0000000091100000, 0x0000000091200000, 0x0000000091200000|100%| E|CS|TAMS 0x0000000091100000| PB 0x0000000091100000| Complete 
| 274|0x0000000091200000, 0x0000000091300000, 0x0000000091300000|100%| E|CS|TAMS 0x0000000091200000| PB 0x0000000091200000| Complete 
| 275|0x0000000091300000, 0x0000000091400000, 0x0000000091400000|100%| E|CS|TAMS 0x0000000091300000| PB 0x0000000091300000| Complete 
| 276|0x0000000091400000, 0x0000000091500000, 0x0000000091500000|100%| E|CS|TAMS 0x0000000091400000| PB 0x0000000091400000| Complete 
| 277|0x0000000091500000, 0x0000000091600000, 0x0000000091600000|100%| E|CS|TAMS 0x0000000091500000| PB 0x0000000091500000| Complete 
| 278|0x0000000091600000, 0x0000000091700000, 0x0000000091700000|100%| E|CS|TAMS 0x0000000091600000| PB 0x0000000091600000| Complete 
| 279|0x0000000091700000, 0x0000000091800000, 0x0000000091800000|100%| E|CS|TAMS 0x0000000091700000| PB 0x0000000091700000| Complete 
| 280|0x0000000091800000, 0x0000000091900000, 0x0000000091900000|100%| E|CS|TAMS 0x0000000091800000| PB 0x0000000091800000| Complete 
| 281|0x0000000091900000, 0x0000000091a00000, 0x0000000091a00000|100%| E|CS|TAMS 0x0000000091900000| PB 0x0000000091900000| Complete 
| 282|0x0000000091a00000, 0x0000000091b00000, 0x0000000091b00000|100%| E|CS|TAMS 0x0000000091a00000| PB 0x0000000091a00000| Complete 
| 283|0x0000000091b00000, 0x0000000091b00000, 0x0000000091c00000|  0%| F|  |TAMS 0x0000000091b00000| PB 0x0000000091b00000| Untracked 
| 284|0x0000000091c00000, 0x0000000091c00000, 0x0000000091d00000|  0%| F|  |TAMS 0x0000000091c00000| PB 0x0000000091c00000| Untracked 
| 285|0x0000000091d00000, 0x0000000091d00000, 0x0000000091e00000|  0%| F|  |TAMS 0x0000000091d00000| PB 0x0000000091d00000| Untracked 
| 286|0x0000000091e00000, 0x0000000091e00000, 0x0000000091f00000|  0%| F|  |TAMS 0x0000000091e00000| PB 0x0000000091e00000| Untracked 
| 287|0x0000000091f00000, 0x0000000091f00000, 0x0000000092000000|  0%| F|  |TAMS 0x0000000091f00000| PB 0x0000000091f00000| Untracked 
| 288|0x0000000092000000, 0x0000000092000000, 0x0000000092100000|  0%| F|  |TAMS 0x0000000092000000| PB 0x0000000092000000| Untracked 
| 289|0x0000000092100000, 0x0000000092100000, 0x0000000092200000|  0%| F|  |TAMS 0x0000000092100000| PB 0x0000000092100000| Untracked 
| 290|0x0000000092200000, 0x0000000092200000, 0x0000000092300000|  0%| F|  |TAMS 0x0000000092200000| PB 0x0000000092200000| Untracked 
| 291|0x0000000092300000, 0x0000000092300000, 0x0000000092400000|  0%| F|  |TAMS 0x0000000092300000| PB 0x0000000092300000| Untracked 
| 292|0x0000000092400000, 0x0000000092400000, 0x0000000092500000|  0%| F|  |TAMS 0x0000000092400000| PB 0x0000000092400000| Untracked 
| 293|0x0000000092500000, 0x0000000092500000, 0x0000000092600000|  0%| F|  |TAMS 0x0000000092500000| PB 0x0000000092500000| Untracked 
| 294|0x0000000092600000, 0x0000000092600000, 0x0000000092700000|  0%| F|  |TAMS 0x0000000092600000| PB 0x0000000092600000| Untracked 
| 295|0x0000000092700000, 0x0000000092700000, 0x0000000092800000|  0%| F|  |TAMS 0x0000000092700000| PB 0x0000000092700000| Untracked 
| 296|0x0000000092800000, 0x0000000092800000, 0x0000000092900000|  0%| F|  |TAMS 0x0000000092800000| PB 0x0000000092800000| Untracked 
| 297|0x0000000092900000, 0x0000000092900000, 0x0000000092a00000|  0%| F|  |TAMS 0x0000000092900000| PB 0x0000000092900000| Untracked 
| 298|0x0000000092a00000, 0x0000000092a00000, 0x0000000092b00000|  0%| F|  |TAMS 0x0000000092a00000| PB 0x0000000092a00000| Untracked 
| 299|0x0000000092b00000, 0x0000000092b00000, 0x0000000092c00000|  0%| F|  |TAMS 0x0000000092b00000| PB 0x0000000092b00000| Untracked 
| 300|0x0000000092c00000, 0x0000000092c00000, 0x0000000092d00000|  0%| F|  |TAMS 0x0000000092c00000| PB 0x0000000092c00000| Untracked 
| 301|0x0000000092d00000, 0x0000000092d00000, 0x0000000092e00000|  0%| F|  |TAMS 0x0000000092d00000| PB 0x0000000092d00000| Untracked 
| 302|0x0000000092e00000, 0x0000000092e00000, 0x0000000092f00000|  0%| F|  |TAMS 0x0000000092e00000| PB 0x0000000092e00000| Untracked 
| 303|0x0000000092f00000, 0x0000000092f00000, 0x0000000093000000|  0%| F|  |TAMS 0x0000000092f00000| PB 0x0000000092f00000| Untracked 
| 304|0x0000000093000000, 0x0000000093000000, 0x0000000093100000|  0%| F|  |TAMS 0x0000000093000000| PB 0x0000000093000000| Untracked 
| 305|0x0000000093100000, 0x0000000093100000, 0x0000000093200000|  0%| F|  |TAMS 0x0000000093100000| PB 0x0000000093100000| Untracked 
| 306|0x0000000093200000, 0x0000000093200000, 0x0000000093300000|  0%| F|  |TAMS 0x0000000093200000| PB 0x0000000093200000| Untracked 
| 307|0x0000000093300000, 0x0000000093300000, 0x0000000093400000|  0%| F|  |TAMS 0x0000000093300000| PB 0x0000000093300000| Untracked 
| 308|0x0000000093400000, 0x0000000093400000, 0x0000000093500000|  0%| F|  |TAMS 0x0000000093400000| PB 0x0000000093400000| Untracked 
| 309|0x0000000093500000, 0x0000000093500000, 0x0000000093600000|  0%| F|  |TAMS 0x0000000093500000| PB 0x0000000093500000| Untracked 
| 310|0x0000000093600000, 0x0000000093600000, 0x0000000093700000|  0%| F|  |TAMS 0x0000000093600000| PB 0x0000000093600000| Untracked 
| 311|0x0000000093700000, 0x0000000093700000, 0x0000000093800000|  0%| F|  |TAMS 0x0000000093700000| PB 0x0000000093700000| Untracked 
| 312|0x0000000093800000, 0x0000000093800000, 0x0000000093900000|  0%| F|  |TAMS 0x0000000093800000| PB 0x0000000093800000| Untracked 
| 313|0x0000000093900000, 0x0000000093900000, 0x0000000093a00000|  0%| F|  |TAMS 0x0000000093900000| PB 0x0000000093900000| Untracked 
| 314|0x0000000093a00000, 0x0000000093a00000, 0x0000000093b00000|  0%| F|  |TAMS 0x0000000093a00000| PB 0x0000000093a00000| Untracked 
| 315|0x0000000093b00000, 0x0000000093b00000, 0x0000000093c00000|  0%| F|  |TAMS 0x0000000093b00000| PB 0x0000000093b00000| Untracked 
| 316|0x0000000093c00000, 0x0000000093c00000, 0x0000000093d00000|  0%| F|  |TAMS 0x0000000093c00000| PB 0x0000000093c00000| Untracked 
| 317|0x0000000093d00000, 0x0000000093d00000, 0x0000000093e00000|  0%| F|  |TAMS 0x0000000093d00000| PB 0x0000000093d00000| Untracked 
| 318|0x0000000093e00000, 0x0000000093e00000, 0x0000000093f00000|  0%| F|  |TAMS 0x0000000093e00000| PB 0x0000000093e00000| Untracked 
| 319|0x0000000093f00000, 0x0000000093f00000, 0x0000000094000000|  0%| F|  |TAMS 0x0000000093f00000| PB 0x0000000093f00000| Untracked 
| 320|0x0000000094000000, 0x0000000094000000, 0x0000000094100000|  0%| F|  |TAMS 0x0000000094000000| PB 0x0000000094000000| Untracked 
| 321|0x0000000094100000, 0x0000000094100000, 0x0000000094200000|  0%| F|  |TAMS 0x0000000094100000| PB 0x0000000094100000| Untracked 
| 322|0x0000000094200000, 0x0000000094200000, 0x0000000094300000|  0%| F|  |TAMS 0x0000000094200000| PB 0x0000000094200000| Untracked 
| 323|0x0000000094300000, 0x0000000094300000, 0x0000000094400000|  0%| F|  |TAMS 0x0000000094300000| PB 0x0000000094300000| Untracked 
| 324|0x0000000094400000, 0x0000000094400000, 0x0000000094500000|  0%| F|  |TAMS 0x0000000094400000| PB 0x0000000094400000| Untracked 
| 325|0x0000000094500000, 0x0000000094500000, 0x0000000094600000|  0%| F|  |TAMS 0x0000000094500000| PB 0x0000000094500000| Untracked 
| 326|0x0000000094600000, 0x0000000094600000, 0x0000000094700000|  0%| F|  |TAMS 0x0000000094600000| PB 0x0000000094600000| Untracked 
| 327|0x0000000094700000, 0x0000000094700000, 0x0000000094800000|  0%| F|  |TAMS 0x0000000094700000| PB 0x0000000094700000| Untracked 
| 328|0x0000000094800000, 0x0000000094800000, 0x0000000094900000|  0%| F|  |TAMS 0x0000000094800000| PB 0x0000000094800000| Untracked 
| 329|0x0000000094900000, 0x0000000094900000, 0x0000000094a00000|  0%| F|  |TAMS 0x0000000094900000| PB 0x0000000094900000| Untracked 
| 330|0x0000000094a00000, 0x0000000094a00000, 0x0000000094b00000|  0%| F|  |TAMS 0x0000000094a00000| PB 0x0000000094a00000| Untracked 
| 331|0x0000000094b00000, 0x0000000094b00000, 0x0000000094c00000|  0%| F|  |TAMS 0x0000000094b00000| PB 0x0000000094b00000| Untracked 
| 332|0x0000000094c00000, 0x0000000094c00000, 0x0000000094d00000|  0%| F|  |TAMS 0x0000000094c00000| PB 0x0000000094c00000| Untracked 
| 333|0x0000000094d00000, 0x0000000094d00000, 0x0000000094e00000|  0%| F|  |TAMS 0x0000000094d00000| PB 0x0000000094d00000| Untracked 
| 334|0x0000000094e00000, 0x0000000094e00000, 0x0000000094f00000|  0%| F|  |TAMS 0x0000000094e00000| PB 0x0000000094e00000| Untracked 
| 335|0x0000000094f00000, 0x0000000094f00000, 0x0000000095000000|  0%| F|  |TAMS 0x0000000094f00000| PB 0x0000000094f00000| Untracked 
| 336|0x0000000095000000, 0x0000000095000000, 0x0000000095100000|  0%| F|  |TAMS 0x0000000095000000| PB 0x0000000095000000| Untracked 
| 337|0x0000000095100000, 0x0000000095100000, 0x0000000095200000|  0%| F|  |TAMS 0x0000000095100000| PB 0x0000000095100000| Untracked 
| 338|0x0000000095200000, 0x0000000095200000, 0x0000000095300000|  0%| F|  |TAMS 0x0000000095200000| PB 0x0000000095200000| Untracked 
| 339|0x0000000095300000, 0x0000000095300000, 0x0000000095400000|  0%| F|  |TAMS 0x0000000095300000| PB 0x0000000095300000| Untracked 
| 340|0x0000000095400000, 0x0000000095400000, 0x0000000095500000|  0%| F|  |TAMS 0x0000000095400000| PB 0x0000000095400000| Untracked 
| 341|0x0000000095500000, 0x0000000095500000, 0x0000000095600000|  0%| F|  |TAMS 0x0000000095500000| PB 0x0000000095500000| Untracked 
| 342|0x0000000095600000, 0x0000000095600000, 0x0000000095700000|  0%| F|  |TAMS 0x0000000095600000| PB 0x0000000095600000| Untracked 
| 343|0x0000000095700000, 0x0000000095700000, 0x0000000095800000|  0%| F|  |TAMS 0x0000000095700000| PB 0x0000000095700000| Untracked 
| 344|0x0000000095800000, 0x0000000095800000, 0x0000000095900000|  0%| F|  |TAMS 0x0000000095800000| PB 0x0000000095800000| Untracked 
| 345|0x0000000095900000, 0x0000000095900000, 0x0000000095a00000|  0%| F|  |TAMS 0x0000000095900000| PB 0x0000000095900000| Untracked 
| 346|0x0000000095a00000, 0x0000000095a00000, 0x0000000095b00000|  0%| F|  |TAMS 0x0000000095a00000| PB 0x0000000095a00000| Untracked 
| 347|0x0000000095b00000, 0x0000000095b00000, 0x0000000095c00000|  0%| F|  |TAMS 0x0000000095b00000| PB 0x0000000095b00000| Untracked 
| 348|0x0000000095c00000, 0x0000000095c00000, 0x0000000095d00000|  0%| F|  |TAMS 0x0000000095c00000| PB 0x0000000095c00000| Untracked 
| 349|0x0000000095d00000, 0x0000000095d00000, 0x0000000095e00000|  0%| F|  |TAMS 0x0000000095d00000| PB 0x0000000095d00000| Untracked 
| 350|0x0000000095e00000, 0x0000000095e00000, 0x0000000095f00000|  0%| F|  |TAMS 0x0000000095e00000| PB 0x0000000095e00000| Untracked 
| 351|0x0000000095f00000, 0x0000000095f00000, 0x0000000096000000|  0%| F|  |TAMS 0x0000000095f00000| PB 0x0000000095f00000| Untracked 
| 352|0x0000000096000000, 0x0000000096000000, 0x0000000096100000|  0%| F|  |TAMS 0x0000000096000000| PB 0x0000000096000000| Untracked 
| 353|0x0000000096100000, 0x0000000096100000, 0x0000000096200000|  0%| F|  |TAMS 0x0000000096100000| PB 0x0000000096100000| Untracked 
| 354|0x0000000096200000, 0x0000000096200000, 0x0000000096300000|  0%| F|  |TAMS 0x0000000096200000| PB 0x0000000096200000| Untracked 
| 355|0x0000000096300000, 0x0000000096300000, 0x0000000096400000|  0%| F|  |TAMS 0x0000000096300000| PB 0x0000000096300000| Untracked 
| 356|0x0000000096400000, 0x0000000096400000, 0x0000000096500000|  0%| F|  |TAMS 0x0000000096400000| PB 0x0000000096400000| Untracked 
| 357|0x0000000096500000, 0x0000000096500000, 0x0000000096600000|  0%| F|  |TAMS 0x0000000096500000| PB 0x0000000096500000| Untracked 
| 358|0x0000000096600000, 0x00000000966549f8, 0x0000000096700000| 33%| E|  |TAMS 0x0000000096600000| PB 0x0000000096600000| Complete 
| 359|0x0000000096700000, 0x0000000096800000, 0x0000000096800000|100%| E|CS|TAMS 0x0000000096700000| PB 0x0000000096700000| Complete 
| 360|0x0000000096800000, 0x0000000096900000, 0x0000000096900000|100%| E|CS|TAMS 0x0000000096800000| PB 0x0000000096800000| Complete 
| 361|0x0000000096900000, 0x0000000096a00000, 0x0000000096a00000|100%| E|CS|TAMS 0x0000000096900000| PB 0x0000000096900000| Complete 
| 362|0x0000000096a00000, 0x0000000096b00000, 0x0000000096b00000|100%| E|CS|TAMS 0x0000000096a00000| PB 0x0000000096a00000| Complete 
| 363|0x0000000096b00000, 0x0000000096c00000, 0x0000000096c00000|100%| E|CS|TAMS 0x0000000096b00000| PB 0x0000000096b00000| Complete 
| 364|0x0000000096c00000, 0x0000000096d00000, 0x0000000096d00000|100%| E|CS|TAMS 0x0000000096c00000| PB 0x0000000096c00000| Complete 
| 365|0x0000000096d00000, 0x0000000096e00000, 0x0000000096e00000|100%| E|CS|TAMS 0x0000000096d00000| PB 0x0000000096d00000| Complete 
| 366|0x0000000096e00000, 0x0000000096f00000, 0x0000000096f00000|100%| E|CS|TAMS 0x0000000096e00000| PB 0x0000000096e00000| Complete 
| 367|0x0000000096f00000, 0x0000000097000000, 0x0000000097000000|100%| E|CS|TAMS 0x0000000096f00000| PB 0x0000000096f00000| Complete 
| 368|0x0000000097000000, 0x0000000097100000, 0x0000000097100000|100%| E|CS|TAMS 0x0000000097000000| PB 0x0000000097000000| Complete 
| 369|0x0000000097100000, 0x0000000097200000, 0x0000000097200000|100%| E|CS|TAMS 0x0000000097100000| PB 0x0000000097100000| Complete 
| 370|0x0000000097200000, 0x0000000097300000, 0x0000000097300000|100%| E|CS|TAMS 0x0000000097200000| PB 0x0000000097200000| Complete 
| 371|0x0000000097300000, 0x0000000097400000, 0x0000000097400000|100%| E|CS|TAMS 0x0000000097300000| PB 0x0000000097300000| Complete 
| 372|0x0000000097400000, 0x0000000097500000, 0x0000000097500000|100%| E|CS|TAMS 0x0000000097400000| PB 0x0000000097400000| Complete 
| 373|0x0000000097500000, 0x0000000097600000, 0x0000000097600000|100%| E|CS|TAMS 0x0000000097500000| PB 0x0000000097500000| Complete 
| 374|0x0000000097600000, 0x0000000097700000, 0x0000000097700000|100%| E|CS|TAMS 0x0000000097600000| PB 0x0000000097600000| Complete 
| 375|0x0000000097700000, 0x0000000097800000, 0x0000000097800000|100%| E|CS|TAMS 0x0000000097700000| PB 0x0000000097700000| Complete 
| 376|0x0000000097800000, 0x0000000097900000, 0x0000000097900000|100%| E|CS|TAMS 0x0000000097800000| PB 0x0000000097800000| Complete 
| 377|0x0000000097900000, 0x0000000097a00000, 0x0000000097a00000|100%| E|CS|TAMS 0x0000000097900000| PB 0x0000000097900000| Complete 
| 378|0x0000000097a00000, 0x0000000097b00000, 0x0000000097b00000|100%| E|CS|TAMS 0x0000000097a00000| PB 0x0000000097a00000| Complete 
| 379|0x0000000097b00000, 0x0000000097c00000, 0x0000000097c00000|100%| E|CS|TAMS 0x0000000097b00000| PB 0x0000000097b00000| Complete 
| 380|0x0000000097c00000, 0x0000000097d00000, 0x0000000097d00000|100%| E|  |TAMS 0x0000000097c00000| PB 0x0000000097c00000| Complete 
| 381|0x0000000097d00000, 0x0000000097e00000, 0x0000000097e00000|100%| E|CS|TAMS 0x0000000097d00000| PB 0x0000000097d00000| Complete 
| 382|0x0000000097e00000, 0x0000000097f00000, 0x0000000097f00000|100%| E|CS|TAMS 0x0000000097e00000| PB 0x0000000097e00000| Complete 
| 383|0x0000000097f00000, 0x0000000098000000, 0x0000000098000000|100%| E|CS|TAMS 0x0000000097f00000| PB 0x0000000097f00000| Complete 
| 384|0x0000000098000000, 0x0000000098100000, 0x0000000098100000|100%| E|CS|TAMS 0x0000000098000000| PB 0x0000000098000000| Complete 
| 385|0x0000000098100000, 0x0000000098200000, 0x0000000098200000|100%| E|CS|TAMS 0x0000000098100000| PB 0x0000000098100000| Complete 
| 386|0x0000000098200000, 0x0000000098300000, 0x0000000098300000|100%| E|CS|TAMS 0x0000000098200000| PB 0x0000000098200000| Complete 
| 387|0x0000000098300000, 0x0000000098400000, 0x0000000098400000|100%| E|CS|TAMS 0x0000000098300000| PB 0x0000000098300000| Complete 
| 388|0x0000000098400000, 0x0000000098500000, 0x0000000098500000|100%| E|CS|TAMS 0x0000000098400000| PB 0x0000000098400000| Complete 
| 389|0x0000000098500000, 0x0000000098600000, 0x0000000098600000|100%| E|CS|TAMS 0x0000000098500000| PB 0x0000000098500000| Complete 
| 390|0x0000000098600000, 0x0000000098700000, 0x0000000098700000|100%| E|CS|TAMS 0x0000000098600000| PB 0x0000000098600000| Complete 
| 391|0x0000000098700000, 0x0000000098800000, 0x0000000098800000|100%| E|CS|TAMS 0x0000000098700000| PB 0x0000000098700000| Complete 
|2020|0x00000000fe400000, 0x00000000fe500000, 0x00000000fe500000|100%| O|  |TAMS 0x00000000fe400000| PB 0x00000000fe400000| Untracked 
|2021|0x00000000fe500000, 0x00000000fe600000, 0x00000000fe600000|100%| O|  |TAMS 0x00000000fe500000| PB 0x00000000fe500000| Untracked 
|2022|0x00000000fe600000, 0x00000000fe700000, 0x00000000fe700000|100%| O|  |TAMS 0x00000000fe600000| PB 0x00000000fe600000| Untracked 
|2023|0x00000000fe700000, 0x00000000fe800000, 0x00000000fe800000|100%| O|  |TAMS 0x00000000fe700000| PB 0x00000000fe700000| Untracked 
|2024|0x00000000fe800000, 0x00000000fe900000, 0x00000000fe900000|100%| O|  |TAMS 0x00000000fe800000| PB 0x00000000fe800000| Untracked 
|2025|0x00000000fe900000, 0x00000000fea00000, 0x00000000fea00000|100%| O|  |TAMS 0x00000000fe900000| PB 0x00000000fe900000| Untracked 
|2026|0x00000000fea00000, 0x00000000feb00000, 0x00000000feb00000|100%| O|  |TAMS 0x00000000fea00000| PB 0x00000000fea00000| Untracked 
|2027|0x00000000feb00000, 0x00000000fec00000, 0x00000000fec00000|100%| O|  |TAMS 0x00000000feb00000| PB 0x00000000feb00000| Untracked 
|2028|0x00000000fec00000, 0x00000000fed00000, 0x00000000fed00000|100%| O|  |TAMS 0x00000000fec00000| PB 0x00000000fec00000| Untracked 
|2029|0x00000000fed00000, 0x00000000fee00000, 0x00000000fee00000|100%| O|  |TAMS 0x00000000fed00000| PB 0x00000000fed00000| Untracked 
|2030|0x00000000fee00000, 0x00000000fef00000, 0x00000000fef00000|100%| O|  |TAMS 0x00000000fee00000| PB 0x00000000fee00000| Untracked 
|2031|0x00000000fef00000, 0x00000000ff000000, 0x00000000ff000000|100%| O|  |TAMS 0x00000000fef00000| PB 0x00000000fef00000| Untracked 
|2032|0x00000000ff000000, 0x00000000ff100000, 0x00000000ff100000|100%| O|  |TAMS 0x00000000ff000000| PB 0x00000000ff000000| Untracked 
|2033|0x00000000ff100000, 0x00000000ff200000, 0x00000000ff200000|100%| E|CS|TAMS 0x00000000ff100000| PB 0x00000000ff100000| Complete 
|2034|0x00000000ff200000, 0x00000000ff300000, 0x00000000ff300000|100%| O|  |TAMS 0x00000000ff200000| PB 0x00000000ff200000| Untracked 
|2035|0x00000000ff300000, 0x00000000ff400000, 0x00000000ff400000|100%| O|  |TAMS 0x00000000ff300000| PB 0x00000000ff300000| Untracked 
|2036|0x00000000ff400000, 0x00000000ff500000, 0x00000000ff500000|100%| O|  |TAMS 0x00000000ff400000| PB 0x00000000ff400000| Untracked 
|2037|0x00000000ff500000, 0x00000000ff600000, 0x00000000ff600000|100%| O|  |TAMS 0x00000000ff500000| PB 0x00000000ff500000| Untracked 
|2038|0x00000000ff600000, 0x00000000ff700000, 0x00000000ff700000|100%| O|  |TAMS 0x00000000ff600000| PB 0x00000000ff600000| Untracked 
|2039|0x00000000ff700000, 0x00000000ff800000, 0x00000000ff800000|100%| O|  |TAMS 0x00000000ff700000| PB 0x00000000ff700000| Untracked 
|2040|0x00000000ff800000, 0x00000000ff900000, 0x00000000ff900000|100%| E|CS|TAMS 0x00000000ff800000| PB 0x00000000ff800000| Complete 
|2041|0x00000000ff900000, 0x00000000ffa00000, 0x00000000ffa00000|100%| E|CS|TAMS 0x00000000ff900000| PB 0x00000000ff900000| Complete 
|2042|0x00000000ffa00000, 0x00000000ffb00000, 0x00000000ffb00000|100%| O|  |TAMS 0x00000000ffa00000| PB 0x00000000ffa00000| Untracked 
|2043|0x00000000ffb00000, 0x00000000ffc00000, 0x00000000ffc00000|100%| E|CS|TAMS 0x00000000ffb00000| PB 0x00000000ffb00000| Complete 
|2044|0x00000000ffc00000, 0x00000000ffd00000, 0x00000000ffd00000|100%| E|CS|TAMS 0x00000000ffc00000| PB 0x00000000ffc00000| Complete 
|2045|0x00000000ffd00000, 0x00000000ffe00000, 0x00000000ffe00000|100%| E|CS|TAMS 0x00000000ffd00000| PB 0x00000000ffd00000| Complete 
|2046|0x00000000ffe00000, 0x00000000fff00000, 0x00000000fff00000|100%| O|  |TAMS 0x00000000ffe00000| PB 0x00000000ffe00000| Untracked 
|2047|0x00000000fff00000, 0x0000000100000000, 0x0000000100000000|100%| O|  |TAMS 0x00000000fff00000| PB 0x00000000fff00000| Untracked 

Card table byte_map: [0x000001ffd5a50000,0x000001ffd5e50000] _byte_map_base: 0x000001ffd5650000

Marking Bits: (CMBitMap*) 0x000001ffc32127d0
 Bits: [0x000001ffd5e50000, 0x000001ffd7e50000)

Polling page: 0x000001ffc2980000

Metaspace:

Usage:
  Non-class:    102.53 MB used.
      Class:     16.57 MB used.
       Both:    119.10 MB used.

Virtual space:
  Non-class space:      128.00 MB reserved,     103.62 MB ( 81%) committed,  2 nodes.
      Class space:        1.00 GB reserved,      17.62 MB (  2%) committed,  1 nodes.
             Both:        1.12 GB reserved,     121.25 MB ( 11%) committed. 

Chunk freelists:
   Non-Class:  7.91 MB
       Class:  14.36 MB
        Both:  22.27 MB

MaxMetaspaceSize: unlimited
CompressedClassSpaceSize: 1.00 GB
Initial GC threshold: 21.00 MB
Current GC threshold: 202.12 MB
CDS: off
 - commit_granule_bytes: 65536.
 - commit_granule_words: 8192.
 - virtual_space_node_default_size: 8388608.
 - enlarge_chunks_in_place: 1.
 - use_allocation_guard: 0.


Internal statistics:

num_allocs_failed_limit: 9.
num_arena_births: 4182.
num_arena_deaths: 0.
num_vsnodes_births: 3.
num_vsnodes_deaths: 0.
num_space_committed: 1939.
num_space_uncommitted: 0.
num_chunks_returned_to_freelist: 9.
num_chunks_taken_from_freelist: 9341.
num_chunk_merges: 9.
num_chunk_splits: 6114.
num_chunks_enlarged: 3854.
num_inconsistent_stats: 0.

CodeHeap 'non-profiled nmethods': size=120000Kb used=8924Kb max_used=8978Kb free=111075Kb
 bounds [0x000001ffcddf0000, 0x000001ffce6c0000, 0x000001ffd5320000]
CodeHeap 'profiled nmethods': size=120000Kb used=22852Kb max_used=23266Kb free=97147Kb
 bounds [0x000001ffc6320000, 0x000001ffc79e0000, 0x000001ffcd850000]
CodeHeap 'non-nmethods': size=5760Kb used=2733Kb max_used=2824Kb free=3026Kb
 bounds [0x000001ffcd850000, 0x000001ffcdb20000, 0x000001ffcddf0000]
CodeCache: size=245760Kb, used=34509Kb, max_used=35068Kb, free=211248Kb
 total_blobs=13362, nmethods=12352, adapters=913, full_count=0
Compilation: enabled, stopped_count=0, restarted_count=0

Compilation events (20 events):
Event: 14.210 Thread 0x000001ffe0817390 nmethod 15052 0x000001ffce02ab90 code [0x000001ffce02ad40, 0x000001ffce02af90]
Event: 14.210 Thread 0x000001ffe0817390 15051       4       com.android.tools.r8.graph.E2::G0 (27 bytes)
Event: 14.216 Thread 0x000001ffe0817390 nmethod 15051 0x000001ffcdf02790 code [0x000001ffcdf029a0, 0x000001ffcdf03180]
Event: 14.216 Thread 0x000001ffe0817390 15053       4       com.android.tools.r8.graph.B1::d (132 bytes)
Event: 14.218 Thread 0x000001ffe0816cc0 nmethod 15046 0x000001ffce42b610 code [0x000001ffce42b900, 0x000001ffce42c920]
Event: 14.225 Thread 0x000001ffe0817390 nmethod 15053 0x000001ffce405690 code [0x000001ffce4058c0, 0x000001ffce4063f8]
Event: 14.226 Thread 0x000001ffe0817390 15054       4       java.nio.HeapByteBuffer::getInt (30 bytes)
Event: 14.227 Thread 0x000001ffe0817390 nmethod 15054 0x000001ffce42b190 code [0x000001ffce42b320, 0x000001ffce42b470]
Event: 14.242 Thread 0x000001ffdab0eeb0 15055       3       com.android.tools.r8.internal.Ms::a (71 bytes)
Event: 14.243 Thread 0x000001ffdab0eeb0 nmethod 15055 0x000001ffc6e36a10 code [0x000001ffc6e36ce0, 0x000001ffc6e376f8]
Event: 14.243 Thread 0x000001ffdab0eeb0 15056       3       com.android.tools.r8.internal.Ms::b (16 bytes)
Event: 14.243 Thread 0x000001ffdab0eeb0 nmethod 15056 0x000001ffc63d9890 code [0x000001ffc63d9a60, 0x000001ffc63d9cd0]
Event: 14.269 Thread 0x000001ffe0817390 15057       4       com.android.tools.r8.internal.ZL::a (368 bytes)
Event: 14.269 Thread 0x000001ffe0816cc0 15058       4       com.android.tools.r8.internal.XL::hasNext (20 bytes)
Event: 14.269 Thread 0x000001ffe0816cc0 nmethod 15058 0x000001ffce036a90 code [0x000001ffce036c20, 0x000001ffce036cd8]
Event: 14.273 Thread 0x000001ffe0816cc0 15059       4       com.android.tools.r8.internal.WC::l (129 bytes)
Event: 14.274 Thread 0x000001ffe0816cc0 nmethod 15059 0x000001ffcdf02390 code [0x000001ffcdf02520, 0x000001ffcdf02618]
Event: 14.274 Thread 0x000001ffe0816cc0 15060       4       com.android.tools.r8.internal.WC::j (207 bytes)
Event: 14.275 Thread 0x000001ffe0816cc0 nmethod 15060 0x000001ffce405190 code [0x000001ffce405340, 0x000001ffce4054d8]
Event: 14.275 Thread 0x000001ffe0816cc0 15061       4       com.android.tools.r8.graph.w2::c (62 bytes)

GC Heap History (20 events):
Event: 11.055 GC heap before
{Heap before GC invocations=38 (full 0):
 garbage-first heap   total 185344K, used 138011K [0x0000000080000000, 0x0000000100000000)
  region size 1024K, 29 young (29696K), 8 survivors (8192K)
 Metaspace       used 112243K, committed 114240K, reserved 1179648K
  class space    used 15663K, committed 16640K, reserved 1048576K
}
Event: 11.063 GC heap after
{Heap after GC invocations=39 (full 0):
 garbage-first heap   total 223232K, used 124708K [0x0000000080000000, 0x0000000100000000)
  region size 1024K, 5 young (5120K), 5 survivors (5120K)
 Metaspace       used 112243K, committed 114240K, reserved 1179648K
  class space    used 15663K, committed 16640K, reserved 1048576K
}
Event: 11.752 GC heap before
{Heap before GC invocations=40 (full 0):
 garbage-first heap   total 223232K, used 204580K [0x0000000080000000, 0x0000000100000000)
  region size 1024K, 78 young (79872K), 5 survivors (5120K)
 Metaspace       used 115326K, committed 117440K, reserved 1179648K
  class space    used 16012K, committed 17024K, reserved 1048576K
}
Event: 11.761 GC heap after
{Heap after GC invocations=41 (full 0):
 garbage-first heap   total 223232K, used 132038K [0x0000000080000000, 0x0000000100000000)
  region size 1024K, 10 young (10240K), 10 survivors (10240K)
 Metaspace       used 115326K, committed 117440K, reserved 1179648K
  class space    used 16012K, committed 17024K, reserved 1048576K
}
Event: 11.967 GC heap before
{Heap before GC invocations=41 (full 0):
 garbage-first heap   total 223232K, used 198598K [0x0000000080000000, 0x0000000100000000)
  region size 1024K, 75 young (76800K), 10 survivors (10240K)
 Metaspace       used 115465K, committed 117568K, reserved 1179648K
  class space    used 16013K, committed 17024K, reserved 1048576K
}
Event: 11.977 GC heap after
{Heap after GC invocations=42 (full 0):
 garbage-first heap   total 223232K, used 134528K [0x0000000080000000, 0x0000000100000000)
  region size 1024K, 5 young (5120K), 5 survivors (5120K)
 Metaspace       used 115465K, committed 117568K, reserved 1179648K
  class space    used 16013K, committed 17024K, reserved 1048576K
}
Event: 12.176 GC heap before
{Heap before GC invocations=42 (full 0):
 garbage-first heap   total 223232K, used 172416K [0x0000000080000000, 0x0000000100000000)
  region size 1024K, 44 young (45056K), 5 survivors (5120K)
 Metaspace       used 115867K, committed 117888K, reserved 1179648K
  class space    used 16094K, committed 17088K, reserved 1048576K
}
Event: 12.183 GC heap after
{Heap after GC invocations=43 (full 0):
 garbage-first heap   total 223232K, used 137637K [0x0000000080000000, 0x0000000100000000)
  region size 1024K, 8 young (8192K), 8 survivors (8192K)
 Metaspace       used 115867K, committed 117888K, reserved 1179648K
  class space    used 16094K, committed 17088K, reserved 1048576K
}
Event: 12.453 GC heap before
{Heap before GC invocations=44 (full 0):
 garbage-first heap   total 234496K, used 201125K [0x0000000080000000, 0x0000000100000000)
  region size 1024K, 70 young (71680K), 8 survivors (8192K)
 Metaspace       used 116097K, committed 118208K, reserved 1179648K
  class space    used 16121K, committed 17152K, reserved 1048576K
}
Event: 12.459 GC heap after
{Heap after GC invocations=45 (full 0):
 garbage-first heap   total 234496K, used 141485K [0x0000000080000000, 0x0000000100000000)
  region size 1024K, 8 young (8192K), 8 survivors (8192K)
 Metaspace       used 116097K, committed 118208K, reserved 1179648K
  class space    used 16121K, committed 17152K, reserved 1048576K
}
Event: 12.647 GC heap before
{Heap before GC invocations=45 (full 0):
 garbage-first heap   total 234496K, used 209069K [0x0000000080000000, 0x0000000100000000)
  region size 1024K, 75 young (76800K), 8 survivors (8192K)
 Metaspace       used 116153K, committed 118336K, reserved 1179648K
  class space    used 16124K, committed 17216K, reserved 1048576K
}
Event: 12.653 GC heap after
{Heap after GC invocations=46 (full 0):
 garbage-first heap   total 234496K, used 140462K [0x0000000080000000, 0x0000000100000000)
  region size 1024K, 5 young (5120K), 5 survivors (5120K)
 Metaspace       used 116153K, committed 118336K, reserved 1179648K
  class space    used 16124K, committed 17216K, reserved 1048576K
}
Event: 12.878 GC heap before
{Heap before GC invocations=46 (full 0):
 garbage-first heap   total 234496K, used 210094K [0x0000000080000000, 0x0000000100000000)
  region size 1024K, 74 young (75776K), 5 survivors (5120K)
 Metaspace       used 116250K, committed 118400K, reserved 1179648K
  class space    used 16137K, committed 17216K, reserved 1048576K
}
Event: 12.883 GC heap after
{Heap after GC invocations=47 (full 0):
 garbage-first heap   total 291840K, used 142511K [0x0000000080000000, 0x0000000100000000)
  region size 1024K, 7 young (7168K), 7 survivors (7168K)
 Metaspace       used 116250K, committed 118400K, reserved 1179648K
  class space    used 16137K, committed 17216K, reserved 1048576K
}
Event: 13.326 GC heap before
{Heap before GC invocations=48 (full 0):
 garbage-first heap   total 291840K, used 255151K [0x0000000080000000, 0x0000000100000000)
  region size 1024K, 118 young (120832K), 7 survivors (7168K)
 Metaspace       used 117639K, committed 119808K, reserved 1179648K
  class space    used 16336K, committed 17408K, reserved 1048576K
}
Event: 13.337 GC heap after
{Heap after GC invocations=49 (full 0):
 garbage-first heap   total 291840K, used 147788K [0x0000000080000000, 0x0000000100000000)
  region size 1024K, 12 young (12288K), 12 survivors (12288K)
 Metaspace       used 117639K, committed 119808K, reserved 1179648K
  class space    used 16336K, committed 17408K, reserved 1048576K
}
Event: 13.715 GC heap before
{Heap before GC invocations=49 (full 0):
 garbage-first heap   total 291840K, used 287052K [0x0000000080000000, 0x0000000100000000)
  region size 1024K, 122 young (124928K), 12 survivors (12288K)
 Metaspace       used 118299K, committed 120384K, reserved 1179648K
  class space    used 16430K, committed 17472K, reserved 1048576K
}
Event: 13.729 GC heap after
{Heap after GC invocations=50 (full 0):
 garbage-first heap   total 318464K, used 188711K [0x0000000080000000, 0x0000000100000000)
  region size 1024K, 16 young (16384K), 16 survivors (16384K)
 Metaspace       used 118299K, committed 120384K, reserved 1179648K
  class space    used 16430K, committed 17472K, reserved 1048576K
}
Event: 13.993 GC heap before
{Heap before GC invocations=50 (full 0):
 garbage-first heap   total 318464K, used 215335K [0x0000000080000000, 0x0000000100000000)
  region size 1024K, 44 young (45056K), 16 survivors (16384K)
 Metaspace       used 121667K, committed 123840K, reserved 1179648K
  class space    used 16926K, committed 17984K, reserved 1048576K
}
Event: 14.000 GC heap after
{Heap after GC invocations=51 (full 0):
 garbage-first heap   total 318464K, used 191192K [0x0000000080000000, 0x0000000100000000)
  region size 1024K, 2 young (2048K), 2 survivors (2048K)
 Metaspace       used 121667K, committed 123840K, reserved 1179648K
  class space    used 16926K, committed 17984K, reserved 1048576K
}

Dll operation events (3 events):
Event: 0.007 Loaded shared library C:\Program Files\Android\Android Studio\jbr\bin\java.dll
Event: 0.012 Loaded shared library C:\Program Files\Android\Android Studio\jbr\bin\zip.dll
Event: 0.432 Loaded shared library C:\Program Files\Android\Android Studio\jbr\bin\verify.dll

Deoptimization events (20 events):
Event: 14.105 Thread 0x000001ffdfe90f50 DEOPT PACKING pc=0x000001ffc79c0210 sp=0x00000040018fd580
Event: 14.105 Thread 0x000001ffdfe90f50 DEOPT UNPACKING pc=0x000001ffcd8a4b42 sp=0x00000040018fca38 mode 0
Event: 14.106 Thread 0x000001ffdfe90f50 DEOPT PACKING pc=0x000001ffc79c0210 sp=0x00000040018fd580
Event: 14.106 Thread 0x000001ffdfe90f50 DEOPT UNPACKING pc=0x000001ffcd8a4b42 sp=0x00000040018fca38 mode 0
Event: 14.107 Thread 0x000001ffdfe90f50 DEOPT PACKING pc=0x000001ffc79c0210 sp=0x00000040018fd580
Event: 14.107 Thread 0x000001ffdfe90f50 DEOPT UNPACKING pc=0x000001ffcd8a4b42 sp=0x00000040018fca38 mode 0
Event: 14.127 Thread 0x000001ffdfe90f50 DEOPT PACKING pc=0x000001ffc79b93d9 sp=0x00000040018fd7c0
Event: 14.127 Thread 0x000001ffdfe90f50 DEOPT UNPACKING pc=0x000001ffcd8a4b42 sp=0x00000040018fce80 mode 0
Event: 14.130 Thread 0x000001ffdfe90f50 Uncommon trap: trap_request=0xffffff45 fr.pc=0x000001ffce6ade2c relative=0x00000000000009ec
Event: 14.130 Thread 0x000001ffdfe90f50 Uncommon trap: reason=unstable_if action=reinterpret pc=0x000001ffce6ade2c method=com.android.tools.r8.dex.C.k()V @ 127 c2
Event: 14.130 Thread 0x000001ffdfe90f50 DEOPT PACKING pc=0x000001ffce6ade2c sp=0x00000040018fd9e0
Event: 14.130 Thread 0x000001ffdfe90f50 DEOPT UNPACKING pc=0x000001ffcd8a43a2 sp=0x00000040018fd990 mode 2
Event: 14.234 Thread 0x000001ffdfe90f50 DEOPT PACKING pc=0x000001ffc79ba55d sp=0x00000040018fd7c0
Event: 14.234 Thread 0x000001ffdfe90f50 DEOPT UNPACKING pc=0x000001ffcd8a4b42 sp=0x00000040018fce88 mode 0
Event: 14.259 Thread 0x000001ffdfe90f50 DEOPT PACKING pc=0x000001ffc79ba55d sp=0x00000040018fd7c0
Event: 14.259 Thread 0x000001ffdfe90f50 DEOPT UNPACKING pc=0x000001ffcd8a4b42 sp=0x00000040018fce88 mode 0
Event: 14.261 Thread 0x000001ffdfe90f50 Uncommon trap: trap_request=0xffffff45 fr.pc=0x000001ffce408c08 relative=0x0000000000001f08
Event: 14.261 Thread 0x000001ffdfe90f50 Uncommon trap: reason=unstable_if action=reinterpret pc=0x000001ffce408c08 method=com.android.tools.r8.dex.C.k()V @ 1722 c2
Event: 14.261 Thread 0x000001ffdfe90f50 DEOPT PACKING pc=0x000001ffce408c08 sp=0x00000040018fd9a0
Event: 14.261 Thread 0x000001ffdfe90f50 DEOPT UNPACKING pc=0x000001ffcd8a43a2 sp=0x00000040018fd988 mode 2

Classes loaded (20 events):
Event: 13.340 Loading class java/lang/Process$PipeInputStream
Event: 13.340 Loading class java/lang/Process$PipeInputStream done
Event: 13.343 Loading class jdk/internal/event/ProcessStartEvent
Event: 13.343 Loading class jdk/internal/event/ProcessStartEvent done
Event: 13.538 Loading class java/nio/file/FileTreeIterator
Event: 13.538 Loading class java/nio/file/FileTreeIterator done
Event: 13.650 Loading class sun/nio/fs/Globs
Event: 13.651 Loading class sun/nio/fs/Globs done
Event: 13.651 Loading class java/util/regex/Pattern$SliceU
Event: 13.651 Loading class java/util/regex/Pattern$SliceU done
Event: 13.651 Loading class sun/nio/fs/WindowsFileSystem$2
Event: 13.651 Loading class java/nio/file/PathMatcher
Event: 13.651 Loading class java/nio/file/PathMatcher done
Event: 13.651 Loading class sun/nio/fs/WindowsFileSystem$2 done
Event: 13.766 Loading class java/util/zip/ZipInputStream
Event: 13.766 Loading class java/util/zip/ZipInputStream done
Event: 13.817 Loading class java/io/UTFDataFormatException
Event: 13.817 Loading class java/io/UTFDataFormatException done
Event: 13.969 Loading class java/nio/BufferUnderflowException
Event: 13.969 Loading class java/nio/BufferUnderflowException done

Classes unloaded (0 events):
No events

Classes redefined (0 events):
No events

Internal exceptions (20 events):
Event: 14.044 Thread 0x000001ffdfe90f50 Exception <a 'sun/nio/fs/WindowsException'{0x000000008fca63d0}> (0x000000008fca63d0) 
thrown [s\src\hotspot\share\prims\jni.cpp, line 537]
Event: 14.044 Thread 0x000001ffdfe90f50 Exception <a 'sun/nio/fs/WindowsException'{0x000000008fcabc00}> (0x000000008fcabc00) 
thrown [s\src\hotspot\share\prims\jni.cpp, line 537]
Event: 14.044 Thread 0x000001ffdfe90f50 Exception <a 'sun/nio/fs/WindowsException'{0x000000008fcb11e8}> (0x000000008fcb11e8) 
thrown [s\src\hotspot\share\prims\jni.cpp, line 537]
Event: 14.045 Thread 0x000001ffdfe90f50 Exception <a 'sun/nio/fs/WindowsException'{0x000000008fcb67d8}> (0x000000008fcb67d8) 
thrown [s\src\hotspot\share\prims\jni.cpp, line 537]
Event: 14.045 Thread 0x000001ffdfe90f50 Exception <a 'sun/nio/fs/WindowsException'{0x000000008fcbd460}> (0x000000008fcbd460) 
thrown [s\src\hotspot\share\prims\jni.cpp, line 537]
Event: 14.045 Thread 0x000001ffdfe90f50 Exception <a 'sun/nio/fs/WindowsException'{0x000000008fcc3e40}> (0x000000008fcc3e40) 
thrown [s\src\hotspot\share\prims\jni.cpp, line 537]
Event: 14.046 Thread 0x000001ffdfe90f50 Exception <a 'sun/nio/fs/WindowsException'{0x000000008fcc9710}> (0x000000008fcc9710) 
thrown [s\src\hotspot\share\prims\jni.cpp, line 537]
Event: 14.046 Thread 0x000001ffdfe90f50 Exception <a 'sun/nio/fs/WindowsException'{0x000000008fccf940}> (0x000000008fccf940) 
thrown [s\src\hotspot\share\prims\jni.cpp, line 537]
Event: 14.046 Thread 0x000001ffdfe90f50 Exception <a 'sun/nio/fs/WindowsException'{0x000000008fcd6198}> (0x000000008fcd6198) 
thrown [s\src\hotspot\share\prims\jni.cpp, line 537]
Event: 14.046 Thread 0x000001ffdfe90f50 Exception <a 'sun/nio/fs/WindowsException'{0x000000008fcdd3d0}> (0x000000008fcdd3d0) 
thrown [s\src\hotspot\share\prims\jni.cpp, line 537]
Event: 14.047 Thread 0x000001ffdfe90f50 Exception <a 'sun/nio/fs/WindowsException'{0x000000008fce40b8}> (0x000000008fce40b8) 
thrown [s\src\hotspot\share\prims\jni.cpp, line 537]
Event: 14.047 Thread 0x000001ffdfe90f50 Exception <a 'sun/nio/fs/WindowsException'{0x000000008fcea1e0}> (0x000000008fcea1e0) 
thrown [s\src\hotspot\share\prims\jni.cpp, line 537]
Event: 14.048 Thread 0x000001ffdfe90f50 Exception <a 'sun/nio/fs/WindowsException'{0x000000008fcf17a0}> (0x000000008fcf17a0) 
thrown [s\src\hotspot\share\prims\jni.cpp, line 537]
Event: 14.048 Thread 0x000001ffdfe90f50 Exception <a 'sun/nio/fs/WindowsException'{0x000000008fcf7330}> (0x000000008fcf7330) 
thrown [s\src\hotspot\share\prims\jni.cpp, line 537]
Event: 14.049 Thread 0x000001ffdfe90f50 Exception <a 'sun/nio/fs/WindowsException'{0x000000008fb08798}> (0x000000008fb08798) 
thrown [s\src\hotspot\share\prims\jni.cpp, line 537]
Event: 14.049 Thread 0x000001ffdfe90f50 Exception <a 'sun/nio/fs/WindowsException'{0x000000008fb0dfc8}> (0x000000008fb0dfc8) 
thrown [s\src\hotspot\share\prims\jni.cpp, line 537]
Event: 14.052 Thread 0x000001ffdfe90f50 Exception <a 'sun/nio/fs/WindowsException'{0x000000008fb1bf48}> (0x000000008fb1bf48) 
thrown [s\src\hotspot\share\prims\jni.cpp, line 537]
Event: 14.053 Thread 0x000001ffdfe90f50 Exception <a 'sun/nio/fs/WindowsException'{0x000000008fb259e8}> (0x000000008fb259e8) 
thrown [s\src\hotspot\share\prims\jni.cpp, line 537]
Event: 14.053 Thread 0x000001ffdfe90f50 Exception <a 'sun/nio/fs/WindowsException'{0x000000008fb2c340}> (0x000000008fb2c340) 
thrown [s\src\hotspot\share\prims\jni.cpp, line 537]
Event: 14.058 Thread 0x000001ffdfe90f50 Exception <a 'sun/nio/fs/WindowsException'{0x000000008fb67240}> (0x000000008fb67240) 
thrown [s\src\hotspot\share\prims\jni.cpp, line 537]

ZGC Phase Switch (0 events):
No events

VM Operations (20 events):
Event: 13.027 Executing non-safepoint VM operation: HandshakeAllThreads (Deoptimize)
Event: 13.027 Executing non-safepoint VM operation: HandshakeAllThreads (Deoptimize) done
Event: 13.077 Executing safepoint VM operation: G1PauseCleanup
Event: 13.077 Executing safepoint VM operation: G1PauseCleanup done
Event: 13.326 Executing safepoint VM operation: G1CollectForAllocation (G1 Evacuation Pause)
Event: 13.337 Executing safepoint VM operation: G1CollectForAllocation (G1 Evacuation Pause) done
Event: 13.343 Executing non-safepoint VM operation: HandshakeAllThreads (Deoptimize)
Event: 13.343 Executing non-safepoint VM operation: HandshakeAllThreads (Deoptimize) done
Event: 13.714 Executing safepoint VM operation: G1CollectForAllocation (G1 Evacuation Pause)
Event: 13.729 Executing safepoint VM operation: G1CollectForAllocation (G1 Evacuation Pause) done
Event: 13.796 Executing non-safepoint VM operation: HandshakeAllThreads (Deoptimize)
Event: 13.796 Executing non-safepoint VM operation: HandshakeAllThreads (Deoptimize) done
Event: 13.830 Executing non-safepoint VM operation: HandshakeAllThreads (Deoptimize)
Event: 13.831 Executing non-safepoint VM operation: HandshakeAllThreads (Deoptimize) done
Event: 13.993 Executing safepoint VM operation: G1TryInitiateConcMark (G1 Humongous Allocation)
Event: 14.000 Executing safepoint VM operation: G1TryInitiateConcMark (G1 Humongous Allocation) done
Event: 14.134 Executing safepoint VM operation: G1PauseRemark
Event: 14.140 Executing safepoint VM operation: G1PauseRemark done
Event: 14.206 Executing safepoint VM operation: G1PauseCleanup
Event: 14.207 Executing safepoint VM operation: G1PauseCleanup done

Memory protections (0 events):
No events

Nmethod flushes (20 events):
Event: 14.139 Thread 0x000001ffdaa40200 flushing  nmethod 0x000001ffc6e8d610
Event: 14.139 Thread 0x000001ffdaa40200 flushing  nmethod 0x000001ffc6f15110
Event: 14.139 Thread 0x000001ffdaa40200 flushing  nmethod 0x000001ffc6f52710
Event: 14.139 Thread 0x000001ffdaa40200 flushing  nmethod 0x000001ffc6fad910
Event: 14.139 Thread 0x000001ffdaa40200 flushing  nmethod 0x000001ffc6fae090
Event: 14.139 Thread 0x000001ffdaa40200 flushing  nmethod 0x000001ffc6fc7910
Event: 14.139 Thread 0x000001ffdaa40200 flushing  nmethod 0x000001ffc78a7510
Event: 14.139 Thread 0x000001ffdaa40200 flushing  nmethod 0x000001ffc6e5b390
Event: 14.139 Thread 0x000001ffdaa40200 flushing  nmethod 0x000001ffc6fa0610
Event: 14.139 Thread 0x000001ffdaa40200 flushing  nmethod 0x000001ffc712fb10
Event: 14.139 Thread 0x000001ffdaa40200 flushing  nmethod 0x000001ffc771f010
Event: 14.139 Thread 0x000001ffdaa40200 flushing  nmethod 0x000001ffc7722490
Event: 14.139 Thread 0x000001ffdaa40200 flushing  nmethod 0x000001ffc7765610
Event: 14.139 Thread 0x000001ffdaa40200 flushing  nmethod 0x000001ffc7783490
Event: 14.139 Thread 0x000001ffdaa40200 flushing  nmethod 0x000001ffc7789610
Event: 14.139 Thread 0x000001ffdaa40200 flushing  nmethod 0x000001ffc784de10
Event: 14.139 Thread 0x000001ffdaa40200 flushing  nmethod 0x000001ffc788ea10
Event: 14.139 Thread 0x000001ffdaa40200 flushing  nmethod 0x000001ffc7891310
Event: 14.139 Thread 0x000001ffdaa40200 flushing  nmethod 0x000001ffc7891710
Event: 14.139 Thread 0x000001ffdaa40200 flushing  nmethod 0x000001ffc7893610

Events (20 events):
Event: 12.599 Thread 0x000001ffeca726b0 Thread added: 0x000001ffe4cc05d0
Event: 12.599 Thread 0x000001ffeca726b0 Thread added: 0x000001ffe4cbe500
Event: 12.600 Thread 0x000001ffeca726b0 Thread added: 0x000001ffe4cc40e0
Event: 12.600 Thread 0x000001ffeca726b0 Thread added: 0x000001ffe4cc33c0
Event: 12.600 Thread 0x000001ffeca726b0 Thread added: 0x000001ffe4cbde70
Event: 12.655 Thread 0x000001ffeca726b0 Thread added: 0x000001ffe4cbf220
Event: 12.655 Thread 0x000001ffeca726b0 Thread added: 0x000001ffe4cc4770
Event: 12.656 Thread 0x000001ffeca726b0 Thread added: 0x000001ffe4cc4e00
Event: 12.656 Thread 0x000001ffeca726b0 Thread added: 0x000001ffe4cc3a50
Event: 12.656 Thread 0x000001ffeca726b0 Thread added: 0x000001ffe4cbf8b0
Event: 12.656 Thread 0x000001ffeca726b0 Thread added: 0x000001ffe4cc12f0
Event: 12.656 Thread 0x000001ffeca726b0 Thread added: 0x000001ffe4cc5490
Event: 12.774 Thread 0x000001ffeca726b0 Thread added: 0x000001ffe4cbeb90
Event: 12.782 Thread 0x000001ffeca726b0 Thread added: 0x000001ffe4cc1980
Event: 12.967 Thread 0x000001ffeca726b0 Thread added: 0x000001ffe4cc2d30
Event: 13.297 Thread 0x000001ffe4cc2d30 Thread added: 0x000001ffdfe98570
Event: 13.349 Thread 0x000001ffe4cc2d30 Thread added: 0x000001ffdfe8e160
Event: 13.349 Thread 0x000001ffe4cc2d30 Thread added: 0x000001ffdfe93020
Event: 13.523 Thread 0x000001ffeca754a0 Thread added: 0x000001ffdfe92300
Event: 13.634 Thread 0x000001ffdfe92300 Thread added: 0x000001ffdfe90f50


Dynamic libraries:
0x00007ff6f67b0000 - 0x00007ff6f67ba000 	C:\Program Files\Android\Android Studio\jbr\bin\java.exe
0x00007fff43d70000 - 0x00007fff43f88000 	C:\Windows\SYSTEM32\ntdll.dll
0x00007fff427f0000 - 0x00007fff428b4000 	C:\Windows\System32\KERNEL32.DLL
0x00007fff40ff0000 - 0x00007fff413c3000 	C:\Windows\System32\KERNELBASE.dll
0x00007fff41690000 - 0x00007fff417a1000 	C:\Windows\System32\ucrtbase.dll
0x00007fff23ec0000 - 0x00007fff23edb000 	C:\Program Files\Android\Android Studio\jbr\bin\VCRUNTIME140.dll
0x00007fff1c560000 - 0x00007fff1c578000 	C:\Program Files\Android\Android Studio\jbr\bin\jli.dll
0x00007fff43a40000 - 0x00007fff43bf2000 	C:\Windows\System32\USER32.dll
0x00007fff313c0000 - 0x00007fff3165c000 	C:\Windows\WinSxS\amd64_microsoft.windows.common-controls_6595b64144ccf1df_6.0.22621.6060_none_2712eda17382d24b\COMCTL32.dll
0x00007fff41400000 - 0x00007fff41426000 	C:\Windows\System32\win32u.dll
0x00007fff41bf0000 - 0x00007fff41c97000 	C:\Windows\System32\msvcrt.dll
0x00007fff43970000 - 0x00007fff43999000 	C:\Windows\System32\GDI32.dll
0x00007fff41430000 - 0x00007fff4154b000 	C:\Windows\System32\gdi32full.dll
0x00007fff41970000 - 0x00007fff41a0a000 	C:\Windows\System32\msvcp_win.dll
0x00007fff41d60000 - 0x00007fff41d91000 	C:\Windows\System32\IMM32.DLL
0x00007fff3cc10000 - 0x00007fff3cc1c000 	C:\Program Files\Android\Android Studio\jbr\bin\vcruntime140_1.dll
0x00007fff10770000 - 0x00007fff107fd000 	C:\Program Files\Android\Android Studio\jbr\bin\msvcp140.dll
0x00007ffefe150000 - 0x00007ffefede6000 	C:\Program Files\Android\Android Studio\jbr\bin\server\jvm.dll
0x00007fff43c70000 - 0x00007fff43d21000 	C:\Windows\System32\ADVAPI32.dll
0x00007fff438c0000 - 0x00007fff43968000 	C:\Windows\System32\sechost.dll
0x00007fff413d0000 - 0x00007fff413f8000 	C:\Windows\System32\bcrypt.dll
0x00007fff42140000 - 0x00007fff42258000 	C:\Windows\System32\RPCRT4.dll
0x00007fff439a0000 - 0x00007fff43a11000 	C:\Windows\System32\WS2_32.dll
0x00007fff40d50000 - 0x00007fff40d9d000 	C:\Windows\SYSTEM32\POWRPROF.dll
0x00007fff39300000 - 0x00007fff39334000 	C:\Windows\SYSTEM32\WINMM.dll
0x00007fff3b250000 - 0x00007fff3b25a000 	C:\Windows\SYSTEM32\VERSION.dll
0x00007fff40d30000 - 0x00007fff40d43000 	C:\Windows\SYSTEM32\UMPDC.dll
0x00007fff3fe60000 - 0x00007fff3fe78000 	C:\Windows\SYSTEM32\kernel.appcore.dll
0x00007fff3c040000 - 0x00007fff3c04a000 	C:\Program Files\Android\Android Studio\jbr\bin\jimage.dll
0x00007fff30f70000 - 0x00007fff311a3000 	C:\Windows\SYSTEM32\DBGHELP.DLL
0x00007fff428c0000 - 0x00007fff42c51000 	C:\Windows\System32\combase.dll
0x00007fff41b10000 - 0x00007fff41be8000 	C:\Windows\System32\OLEAUT32.dll
0x00007fff26930000 - 0x00007fff26962000 	C:\Windows\SYSTEM32\dbgcore.DLL
0x00007fff418f0000 - 0x00007fff4196b000 	C:\Windows\System32\bcryptPrimitives.dll
0x00007fff239a0000 - 0x00007fff239ae000 	C:\Program Files\Android\Android Studio\jbr\bin\instrument.dll
0x00007fff236f0000 - 0x00007fff23710000 	C:\Program Files\Android\Android Studio\jbr\bin\java.dll
0x00007fff236d0000 - 0x00007fff236e8000 	C:\Program Files\Android\Android Studio\jbr\bin\zip.dll
0x00007fff43020000 - 0x00007fff438bc000 	C:\Windows\System32\SHELL32.dll
0x00007fff41550000 - 0x00007fff4168f000 	C:\Windows\System32\wintypes.dll
0x00007fff3ed80000 - 0x00007fff3f69a000 	C:\Windows\SYSTEM32\windows.storage.dll
0x00007fff426e0000 - 0x00007fff427e4000 	C:\Windows\System32\SHCORE.dll
0x00007fff43c00000 - 0x00007fff43c69000 	C:\Windows\System32\shlwapi.dll
0x00007fff40db0000 - 0x00007fff40dd5000 	C:\Windows\SYSTEM32\profapi.dll
0x00007fff3adb0000 - 0x00007fff3adc0000 	C:\Program Files\Android\Android Studio\jbr\bin\net.dll
0x00007fff3b590000 - 0x00007fff3b6bc000 	C:\Windows\SYSTEM32\WINHTTP.dll
0x00007fff40340000 - 0x00007fff403a9000 	C:\Windows\system32\mswsock.dll
0x00007fff236b0000 - 0x00007fff236c6000 	C:\Program Files\Android\Android Studio\jbr\bin\nio.dll
0x00007fff23b40000 - 0x00007fff23b50000 	C:\Program Files\Android\Android Studio\jbr\bin\verify.dll
0x00007fff23950000 - 0x00007fff23977000 	C:\Users\Annu pc\.gradle\native\c067742578af261105cb4f569cf0c3c89f3d7b1fecec35dd04571415982c5e48\windows-amd64\native-platform.dll
0x00007fff09750000 - 0x00007fff09894000 	C:\Users\Annu pc\.gradle\native\38dada09dfb8b06ba9b0570ebf7e218e3eb74d4ef43ca46872605cf95ebc2f47\windows-amd64\native-platform-file-events.dll
0x00007fff24660000 - 0x00007fff24669000 	C:\Program Files\Android\Android Studio\jbr\bin\management.dll
0x00007fff23eb0000 - 0x00007fff23ebb000 	C:\Program Files\Android\Android Studio\jbr\bin\management_ext.dll
0x00007fff43a30000 - 0x00007fff43a38000 	C:\Windows\System32\PSAPI.DLL
0x00007fff405a0000 - 0x00007fff405bb000 	C:\Windows\SYSTEM32\CRYPTSP.dll
0x00007fff3fdc0000 - 0x00007fff3fdf7000 	C:\Windows\system32\rsaenh.dll
0x00007fff40430000 - 0x00007fff40458000 	C:\Windows\SYSTEM32\USERENV.dll
0x00007fff40590000 - 0x00007fff4059c000 	C:\Windows\SYSTEM32\CRYPTBASE.dll
0x00007fff3f900000 - 0x00007fff3f92d000 	C:\Windows\SYSTEM32\IPHLPAPI.DLL
0x00007fff41cc0000 - 0x00007fff41cc9000 	C:\Windows\System32\NSI.dll
0x00007fff2ddd0000 - 0x00007fff2ddd9000 	C:\Program Files\Android\Android Studio\jbr\bin\extnet.dll
0x00007fff2fe40000 - 0x00007fff2fe48000 	C:\Windows\system32\wshunix.dll
0x00007fff22ab0000 - 0x00007fff22ac7000 	C:\Windows\system32\napinsp.dll
0x00007ffed0ac0000 - 0x00007ffed0adb000 	C:\Windows\system32\pnrpnsp.dll
0x00007fff3f970000 - 0x00007fff3fa68000 	C:\Windows\SYSTEM32\DNSAPI.dll
0x00007ffeb3720000 - 0x00007ffeb3731000 	C:\Windows\System32\winrnr.dll
0x00007fff1e700000 - 0x00007fff1e715000 	C:\Windows\system32\wshbth.dll
0x00007fff14090000 - 0x00007fff140b1000 	C:\Windows\system32\nlansp_c.dll
0x00007fff38540000 - 0x00007fff3854a000 	C:\Windows\System32\rasadhlp.dll
0x00007fff3ae90000 - 0x00007fff3af14000 	C:\Windows\System32\fwpuclnt.dll

JVMTI agents:
C:\Users\Annu pc\.gradle\wrapper\dists\gradle-8.7-bin\bhs2wmbdwecv87pi65oeuq5iu\gradle-8.7\lib\agents\gradle-instrumentation-agent-8.7.jar path:C:\Program Files\Android\Android Studio\jbr\bin\instrument.dll, loaded, initialized, instrumentlib options:none

dbghelp: loaded successfully - version: 4.0.5 - missing functions: none
symbol engine: initialized successfully - sym options: 0x614 - pdb path: .;C:\Program Files\Android\Android Studio\jbr\bin;C:\Windows\SYSTEM32;C:\Windows\WinSxS\amd64_microsoft.windows.common-controls_6595b64144ccf1df_6.0.22621.6060_none_2712eda17382d24b;C:\Program Files\Android\Android Studio\jbr\bin\server;C:\Users\Annu pc\.gradle\native\c067742578af261105cb4f569cf0c3c89f3d7b1fecec35dd04571415982c5e48\windows-amd64;C:\Users\Annu pc\.gradle\native\38dada09dfb8b06ba9b0570ebf7e218e3eb74d4ef43ca46872605cf95ebc2f47\windows-amd64

VM Arguments:
jvm_args: --add-opens=java.base/java.util=ALL-UNNAMED --add-opens=java.base/java.lang=ALL-UNNAMED --add-opens=java.base/java.lang.invoke=ALL-UNNAMED --add-opens=java.prefs/java.util.prefs=ALL-UNNAMED --add-opens=java.base/java.nio.charset=ALL-UNNAMED --add-opens=java.base/java.net=ALL-UNNAMED --add-opens=java.base/java.util.concurrent.atomic=ALL-UNNAMED -Xmx2048m -Dfile.encoding=UTF-8 -Duser.country=US -Duser.language=en -Duser.variant -javaagent:C:\Users\Annu pc\.gradle\wrapper\dists\gradle-8.7-bin\bhs2wmbdwecv87pi65oeuq5iu\gradle-8.7\lib\agents\gradle-instrumentation-agent-8.7.jar 
java_command: org.gradle.launcher.daemon.bootstrap.GradleDaemon 8.7
java_class_path (initial): C:\Users\Annu pc\.gradle\wrapper\dists\gradle-8.7-bin\bhs2wmbdwecv87pi65oeuq5iu\gradle-8.7\lib\gradle-launcher-8.7.jar
Launcher Type: SUN_STANDARD

[Global flags]
     intx CICompilerCount                          = 4                                         {product} {ergonomic}
     uint ConcGCThreads                            = 2                                         {product} {ergonomic}
     uint G1ConcRefinementThreads                  = 8                                         {product} {ergonomic}
   size_t G1HeapRegionSize                         = 1048576                                   {product} {ergonomic}
    uintx GCDrainStackTargetSize                   = 64                                        {product} {ergonomic}
   size_t InitialHeapSize                          = 268435456                                 {product} {ergonomic}
   size_t MarkStackSize                            = 4194304                                   {product} {ergonomic}
   size_t MaxHeapSize                              = 2147483648                                {product} {command line}
   size_t MaxNewSize                               = 1287651328                                {product} {ergonomic}
   size_t MinHeapDeltaBytes                        = 1048576                                   {product} {ergonomic}
   size_t MinHeapSize                              = 8388608                                   {product} {ergonomic}
    uintx NonNMethodCodeHeapSize                   = 5839372                                {pd product} {ergonomic}
    uintx NonProfiledCodeHeapSize                  = 122909434                              {pd product} {ergonomic}
    uintx ProfiledCodeHeapSize                     = 122909434                              {pd product} {ergonomic}
    uintx ReservedCodeCacheSize                    = 251658240                              {pd product} {ergonomic}
     bool SegmentedCodeCache                       = true                                      {product} {ergonomic}
   size_t SoftMaxHeapSize                          = 2147483648                             {manageable} {ergonomic}
     bool UseCompressedOops                        = true                           {product lp64_product} {ergonomic}
     bool UseG1GC                                  = true                                      {product} {ergonomic}
     bool UseLargePagesIndividualAllocation        = false                                  {pd product} {ergonomic}

Logging:
Log output configuration:
 #0: stdout all=warning uptime,level,tags foldmultilines=false
 #1: stderr all=off uptime,level,tags foldmultilines=false

Release file:
JAVA_VERSION="21.0.10" 
MODULES="java.base java.compiler java.datatransfer java.xml java.prefs java.desktop java.instrument java.logging java.management java.security.sasl java.naming java.rmi java.management.rmi java.net.http java.scripting java.security.jgss java.transaction.xa java.sql java.sql.rowset java.xml.crypto java.se java.smartcardio jdk.accessibility jdk.internal.jvmstat jdk.attach jdk.charsets jdk.internal.opt jdk.zipfs jdk.compiler jdk.crypto.ec jdk.crypto.cryptoki jdk.dynalink jdk.hotspot.agent jdk.httpserver jdk.internal.ed jdk.internal.le jdk.internal.vm.ci jdk.jartool jdk.javadoc jdk.jcmd jdk.jdeps jdk.jdwp.agent jdk.jdi jdk.jfr jdk.jlink jdk.jsobject jdk.localedata jdk.management jdk.management.agent jdk.management.jfr jdk.naming.dns jdk.naming.rmi jdk.net jdk.sctp jdk.security.auth jdk.security.jgss jdk.unsupported jdk.unsupported.desktop jdk.xml.dom" 
IMPLEMENTOR="JetBrains s.r.o." 
JAVA_RUNTIME_VERSION="21.0.10+-14961533-b1163.108" 
LIBC="default" 
OS_ARCH="x86_64" 
OS_NAME="Windows" 
SOURCE=".:git:1351622c2ff2" 

Environment Variables:
JAVA_HOME=C:\Program Files\Eclipse Adoptium\jdk-17.0.18.8-hotspot
PATH=C:\Program Files\Eclipse Adoptium\jdk-17.0.18.8-hotspot\bin;C:\Program Files\Eclipse Adoptium\jdk-25.0.2.10-hotspot\bin;C:\Program Files\Common Files\Oracle\Java\javapath;C:\Windows\system32;C:\Windows;C:\Windows\System32\Wbem;C:\Windows\System32\WindowsPowerShell\v1.0\;C:\Windows\System32\OpenSSH\;C:\Program Files\Git\cmd;C:\bazel\;C:\Users\Annu pc\AppData\Local\Microsoft\WindowsApps;C:\ProgramData\Annu pc\GitHubDesktop\bin
USERNAME=Annu pc
OS=Windows_NT
PROCESSOR_IDENTIFIER=Intel64 Family 6 Model 94 Stepping 3, GenuineIntel
TMP=C:\Users\ANNUPC~1\AppData\Local\Temp
TEMP=C:\Users\ANNUPC~1\AppData\Local\Temp




Periodic native trim disabled

JNI global refs:
JNI global refs: 28, weak refs: 0

JNI global refs memory usage: 835, weak refs: 833

Process memory usage:
Resident Set Size: 699148K (4% of 16692172K total physical memory with 1903136K free physical memory)

OOME stack traces (most recent first):
Classloader memory used:
Loader org.gradle.internal.classloader.VisitableURLClassLoader                         : 42760K
Loader org.gradle.internal.classloader.VisitableURLClassLoader$InstrumentingVisitableURLClassLoader: 36358K
Loader bootstrap                                                                       : 29522K
Loader org.gradle.initialization.MixInLegacyTypesClassLoader                           : 11690K
Loader jdk.internal.loader.ClassLoaders$PlatformClassLoader                            : 517K
Loader jdk.internal.reflect.DelegatingClassLoader                                      : 389K
Loader org.gradle.internal.classloader.VisitableURLClassLoader                         : 325K
Loader jdk.internal.loader.ClassLoaders$AppClassLoader                                 : 230K
Loader org.gradle.groovy.scripts.internal.DefaultScriptCompilationHandler$ScriptClassLoader: 138K
Loader org.codehaus.groovy.runtime.callsite.CallSiteClassLoader                        : 27488B
Loader sun.reflect.misc.MethodUtil                                                     : 2984B

Classes loaded by more than one classloader:
Class Program                                                                         : loaded 5 times (x 72B)
Class Build_gradle                                                                    : loaded 3 times (x 130B)
Class Build_gradle$1                                                                  : loaded 3 times (x 74B)
Class org.gradle.internal.classloader.FilteringClassLoader                            : loaded 2 times (x 105B)
Class [Lcom.google.common.base.AbstractIterator$State;                                : loaded 2 times (x 69B)
Class com.google.common.base.CharMatcher$IsEither                                     : loaded 2 times (x 111B)
Class org.gradle.internal.classloader.ClassLoaderHierarchy                            : loaded 2 times (x 70B)
Class com.google.common.collect.ImmutableEnumSet                                      : loaded 2 times (x 146B)
Class com.google.common.util.concurrent.ExecutionError                                : loaded 2 times (x 82B)
Class com.google.common.collect.ImmutableList$1                                       : loaded 2 times (x 97B)
Class org.gradle.api.internal.classpath.ManifestUtil                                  : loaded 2 times (x 71B)
Class com.google.common.collect.RegularImmutableMap                                   : loaded 2 times (x 121B)
Class com.google.common.collect.ImmutableMap$MapViewOfValuesAsSingletonSets           : loaded 2 times (x 125B)
Class [Lorg.objectweb.asm.Symbol;                                                     : loaded 2 times (x 69B)
Class org.objectweb.asm.ClassVisitor                                                  : loaded 2 times (x 88B)
Class com.google.common.collect.UnmodifiableListIterator                              : loaded 2 times (x 95B)
Class org.objectweb.asm.MethodTooLargeException                                       : loaded 2 times (x 83B)
Class [Lcom.google.common.cache.CacheBuilder$OneWeigher;                              : loaded 2 times (x 69B)
Class com.google.common.base.Suppliers                                                : loaded 2 times (x 71B)
Class com.google.common.base.Platform$JdkPatternCompiler                              : loaded 2 times (x 75B)
Class ijKotlinCoroutineJvmDebugInit1_ciq78omtnbp7b0q0n1n5pintz                        : loaded 2 times (x 179B)
Class org.gradle.internal.classloader.DefaultClassLoaderFactory                       : loaded 2 times (x 82B)
Class [Lcom.google.common.collect.AbstractIterator$State;                             : loaded 2 times (x 69B)
Class com.google.common.base.CharMatcher$None                                         : loaded 2 times (x 112B)
Class org.gradle.internal.classloader.ClassLoaderVisitor                              : loaded 2 times (x 76B)
Class [Lcom.google.common.collect.ImmutableMapEntry;                                  : loaded 2 times (x 69B)
Class org.gradle.api.internal.classpath.EffectiveClassPath                            : loaded 2 times (x 90B)
Class com.google.common.collect.AbstractIterator$1                                    : loaded 2 times (x 71B)
Class [Lorg.apache.commons.io.StandardLineSeparator;                                  : loaded 2 times (x 69B)
Class org.apache.commons.io.output.StringBuilderWriter                                : loaded 2 times (x 100B)
Class com.google.common.collect.ImmutableEnumMap                                      : loaded 2 times (x 125B)
Class com.google.common.collect.ListMultimap                                          : loaded 2 times (x 70B)
Class com.google.common.collect.Sets$1                                                : loaded 2 times (x 139B)
Class org.objectweb.asm.AnnotationVisitor                                             : loaded 2 times (x 78B)
Class com.google.common.base.Splitter                                                 : loaded 2 times (x 72B)
Class org.gradle.api.internal.DefaultClassPathProvider                                : loaded 2 times (x 76B)
Class com.google.common.collect.Sets$2                                                : loaded 2 times (x 139B)
Class [Lorg.gradle.api.internal.ClassPathProvider;                                    : loaded 2 times (x 69B)
Class org.gradle.api.internal.ClassPathProvider                                       : loaded 2 times (x 70B)
Class [Lorg.objectweb.asm.AnnotationVisitor;                                          : loaded 2 times (x 69B)
Class com.google.common.collect.Sets$3                                                : loaded 2 times (x 139B)
Class com.google.common.util.concurrent.AbstractFuture$SafeAtomicHelper               : loaded 2 times (x 79B)
Class com.google.common.cache.LocalCache$LocalLoadingCache                            : loaded 2 times (x 134B)
Class com.google.common.base.AbstractIterator$State                                   : loaded 2 times (x 79B)
Class org.gradle.internal.service.UnknownServiceException                             : loaded 2 times (x 83B)
Class com.google.common.collect.Sets$4                                                : loaded 2 times (x 139B)
Class org.objectweb.asm.ModuleVisitor                                                 : loaded 2 times (x 81B)
Class com.google.common.cache.LocalCache$Strength$1                                   : loaded 2 times (x 81B)
Class com.google.common.util.concurrent.SettableFuture                                : loaded 2 times (x 114B)
Class com.google.common.cache.LocalCache$Strength$2                                   : loaded 2 times (x 81B)
Class com.google.common.collect.Interner                                              : loaded 2 times (x 70B)
Class com.google.common.cache.LocalCache$Strength$3                                   : loaded 2 times (x 81B)
Class com.google.common.collect.MapDifference                                         : loaded 2 times (x 70B)
Class com.google.common.base.Splitter$1                                               : loaded 2 times (x 77B)
Class org.objectweb.asm.FieldWriter                                                   : loaded 2 times (x 78B)
Class com.google.common.cache.CacheBuilder$NullListener                               : loaded 2 times (x 82B)
Class org.gradle.internal.classpath.TransformedClassPath                              : loaded 2 times (x 96B)
Class org.apache.commons.io.output.UnsynchronizedByteArrayOutputStream                : loaded 2 times (x 102B)
Class com.google.common.cache.CacheLoader$FunctionToCacheLoader                       : loaded 2 times (x 75B)
Class com.google.common.collect.Iterators$ArrayItr                                    : loaded 2 times (x 97B)
Class com.google.common.collect.ImmutableCollection$Builder                           : loaded 2 times (x 76B)
Class org.apache.commons.io.output.ByteArrayOutputStream                              : loaded 2 times (x 102B)
Class com.google.common.base.Joiner                                                   : loaded 2 times (x 79B)
Class com.google.common.base.MoreObjects                                              : loaded 2 times (x 71B)
Class [Lorg.objectweb.asm.Type;                                                       : loaded 2 times (x 69B)
Class com.google.common.collect.Platform                                              : loaded 2 times (x 71B)
Class com.google.common.collect.UnmodifiableIterator                                  : loaded 2 times (x 80B)
Class ijKotlinCoroutineJvmDebugInit1_ciq78omtnbp7b0q0n1n5pintz$_run_closure1          : loaded 2 times (x 139B)
Class org.gradle.internal.service.ServiceLocator                                      : loaded 2 times (x 70B)
Class com.google.common.base.Ascii                                                    : loaded 2 times (x 71B)
Class com.google.common.collect.SingletonImmutableBiMap                               : loaded 2 times (x 143B)
Class com.google.common.cache.LocalCache$1                                            : loaded 2 times (x 89B)
Class com.google.common.collect.AbstractMapEntry                                      : loaded 2 times (x 81B)
Class com.google.common.collect.Sets$ImprovedAbstractSet                              : loaded 2 times (x 135B)
Class com.google.common.collect.ImmutableList$Builder                                 : loaded 2 times (x 77B)
Class com.google.common.cache.LocalCache$2                                            : loaded 2 times (x 142B)
Class com.google.common.collect.AbstractMultimap                                      : loaded 2 times (x 123B)
Class com.google.common.util.concurrent.AbstractFuture$UnsafeAtomicHelper$1           : loaded 2 times (x 76B)
Class com.google.common.collect.RegularImmutableAsList                                : loaded 2 times (x 216B)
Class com.google.common.base.Optional                                                 : loaded 2 times (x 80B)
Class com.google.common.util.concurrent.AbstractFuture$Trusted                        : loaded 2 times (x 70B)
Class com.google.common.collect.Iterators                                             : loaded 2 times (x 71B)
Class com.google.common.base.CharMatcher$RangesMatcher                                : loaded 2 times (x 112B)
Class com.google.common.util.concurrent.UncheckedExecutionException                   : loaded 2 times (x 82B)
Class com.google.common.collect.Lists$StringAsImmutableList                           : loaded 2 times (x 207B)
Class org.gradle.kotlin.dsl.VersionCatalogAccessorsKt                                 : loaded 2 times (x 71B)
Class com.google.common.base.CharMatcher$JavaLetterOrDigit                            : loaded 2 times (x 111B)
Class org.gradle.internal.InternalTransformer                                         : loaded 2 times (x 70B)
Class com.google.common.collect.AbstractMapBasedMultimap$KeySet$1                     : loaded 2 times (x 82B)
Class org.objectweb.asm.ClassWriter                                                   : loaded 2 times (x 106B)
Class com.google.common.cache.CacheLoader$UnsupportedLoadingOperationException        : loaded 2 times (x 82B)
Class com.google.common.base.CharMatcher$And                                          : loaded 2 times (x 112B)
Class org.gradle.internal.classloader.ClasspathUtil$1                                 : loaded 2 times (x 76B)
Class com.google.common.collect.FluentIterable$1                                      : loaded 2 times (x 81B)
Class com.google.common.base.Objects                                                  : loaded 2 times (x 71B)
Class org.objectweb.asm.FieldVisitor                                                  : loaded 2 times (x 77B)
Class com.google.common.collect.IndexedImmutableSet                                   : loaded 2 times (x 150B)
Class com.google.common.collect.ImmutableMap$1                                        : loaded 2 times (x 81B)
Class com.google.common.collect.BiMap                                                 : loaded 2 times (x 70B)
Class ijJvmDebugger1_51wf4jmyj9l9djmvenywekqyn                                        : loaded 2 times (x 179B)
Class org.gradle.api.internal.classpath.DefaultModuleRegistry$DefaultModule           : loaded 2 times (x 86B)
Class com.google.common.base.Absent                                                   : loaded 2 times (x 80B)
Class com.google.common.collect.FluentIterable$2                                      : loaded 2 times (x 81B)
Class com.google.common.primitives.Ints                                               : loaded 2 times (x 71B)
Class com.google.common.collect.AbstractIterator                                      : loaded 2 times (x 82B)
Class com.google.common.collect.FluentIterable$3                                      : loaded 2 times (x 81B)
Class com.google.common.collect.RegularImmutableMap$KeySet                            : loaded 2 times (x 150B)
Class com.google.common.collect.Multiset                                              : loaded 2 times (x 70B)
Class com.google.common.collect.ArrayListMultimapGwtSerializationDependencies         : loaded 2 times (x 172B)
Class com.google.common.collect.ObjectArrays                                          : loaded 2 times (x 71B)
Class com.google.common.collect.AbstractIndexedListIterator                           : loaded 2 times (x 96B)
Class org.apache.commons.io.output.NullOutputStream                                   : loaded 2 times (x 85B)
Class com.google.common.collect.ImmutableMapEntrySet                                  : loaded 2 times (x 151B)
Class org.gradle.api.internal.classpath.Module                                        : loaded 2 times (x 70B)
Class com.google.common.cache.Weigher                                                 : loaded 2 times (x 70B)
Class org.gradle.api.internal.classpath.UnknownModuleException                        : loaded 2 times (x 82B)
Class org.gradle.cache.GlobalCache                                                    : loaded 2 times (x 70B)
Class com.google.common.base.Stopwatch                                                : loaded 2 times (x 72B)
Class com.google.common.cache.LocalCache$Strength                                     : loaded 2 times (x 81B)
Class com.google.common.cache.Cache                                                   : loaded 2 times (x 70B)
Class com.google.common.util.concurrent.AbstractFuture$Cancellation                   : loaded 2 times (x 72B)
Class com.google.common.collect.ImmutableMap$Builder                                  : loaded 2 times (x 82B)
Class com.google.common.base.NullnessCasts                                            : loaded 2 times (x 71B)
Class com.google.common.base.Present                                                  : loaded 2 times (x 81B)
Class com.google.common.cache.RemovalListener                                         : loaded 2 times (x 70B)
Class org.gradle.api.internal.DefaultClassPathRegistry                                : loaded 2 times (x 76B)
Class com.google.common.primitives.IntsMethodsForWeb                                  : loaded 2 times (x 71B)
Class com.google.common.collect.Multimap                                              : loaded 2 times (x 70B)
Class org.gradle.api.internal.ClassPathRegistry                                       : loaded 2 times (x 70B)
Class org.gradle.internal.classpath.DefaultClassPath$ImmutableUniqueList              : loaded 2 times (x 199B)
Class com.google.common.base.ExtraObjectsMethodsForWeb                                : loaded 2 times (x 71B)
Class org.apache.commons.io.IOUtils                                                   : loaded 2 times (x 71B)
Class com.google.common.base.Equivalence$Identity                                     : loaded 2 times (x 82B)
Class com.google.common.cache.CacheBuilder                                            : loaded 2 times (x 72B)
Class com.google.common.collect.SingletonImmutableList                                : loaded 2 times (x 207B)
Class Settings_gradle$1                                                               : loaded 2 times (x 75B)
Class org.gradle.internal.classpath.ClassPath                                         : loaded 2 times (x 70B)
Class org.gradle.api.UncheckedIOException                                             : loaded 2 times (x 82B)
Class com.google.common.collect.ImmutableList$ReverseImmutableList                    : loaded 2 times (x 208B)
Class com.google.common.base.JdkPattern                                               : loaded 2 times (x 75B)
Class org.objectweb.asm.SymbolTable$Entry                                             : loaded 2 times (x 74B)
Class com.google.common.util.concurrent.AbstractFuture$AtomicHelper                   : loaded 2 times (x 78B)
Class org.objectweb.asm.Edge                                                          : loaded 2 times (x 72B)
Class com.google.common.base.Suppliers$SupplierOfInstance                             : loaded 2 times (x 79B)
Class com.google.common.collect.Iterators$1                                           : loaded 2 times (x 81B)
Class com.google.common.cache.LocalCache$ComputingValueReference                      : loaded 2 times (x 96B)
Class com.google.common.collect.SingletonImmutableSet                                 : loaded 2 times (x 146B)
Class com.google.common.collect.ImmutableMap$IteratorBasedImmutableMap                : loaded 2 times (x 125B)
Class ijKotlinCoroutineJvmDebugInit1_ciq78omtnbp7b0q0n1n5pintz$_run_closure1$_closure2: loaded 2 times (x 139B)
Class com.google.common.cache.LocalCache$Segment                                      : loaded 2 times (x 154B)
Class [Lorg.objectweb.asm.SymbolTable$Entry;                                          : loaded 2 times (x 69B)
Class com.google.common.cache.CacheLoader                                             : loaded 2 times (x 74B)
Class com.google.common.collect.Iterators$4                                           : loaded 2 times (x 82B)
Class com.google.common.collect.ImmutableBiMap                                        : loaded 2 times (x 143B)
Class com.google.common.collect.AbstractListMultimap                                  : loaded 2 times (x 172B)
Class org.gradle.internal.installation.GradleInstallation$1                           : loaded 2 times (x 75B)
Class org.gradle.api.internal.classpath.ModuleRegistry                                : loaded 2 times (x 70B)
Class com.google.common.util.concurrent.internal.InternalFutureFailureAccess          : loaded 2 times (x 72B)
Class com.google.common.collect.Iterators$5                                           : loaded 2 times (x 82B)
Class com.google.common.collect.ImmutableSet$JdkBackedSetBuilderImpl                  : loaded 2 times (x 76B)
Class com.google.common.base.Splitter$SplittingIterator                               : loaded 2 times (x 84B)
Class com.google.common.io.Closer$SuppressingSuppressor                               : loaded 2 times (x 75B)
Class com.google.common.util.concurrent.AbstractFuture$UnsafeAtomicHelper             : loaded 2 times (x 78B)
Class com.google.common.cache.LocalCache$LocalManualCache$1                           : loaded 2 times (x 75B)
Class com.google.common.base.CharMatcher$ForPredicate                                 : loaded 2 times (x 112B)
Class com.google.common.collect.ImmutableCollection                                   : loaded 2 times (x 125B)
Class com.google.common.base.CharMatcher$AnyOf                                        : loaded 2 times (x 112B)
Class org.gradle.api.internal.classpath.DefaultModuleRegistry                         : loaded 2 times (x 86B)
Class com.google.common.util.concurrent.ListenableFuture                              : loaded 2 times (x 70B)
Class com.google.common.cache.ReferenceEntry                                          : loaded 2 times (x 70B)
Class com.google.common.collect.ImmutableSet$CachingAsList                            : loaded 2 times (x 147B)
Class com.google.common.base.Converter                                                : loaded 2 times (x 90B)
Class com.google.common.collect.Lists                                                 : loaded 2 times (x 71B)
Class com.google.common.base.CharMatcher$Any                                          : loaded 2 times (x 112B)
Class com.google.common.util.concurrent.AbstractFuture                                : loaded 2 times (x 106B)
Class com.google.common.base.FunctionalEquivalence                                    : loaded 2 times (x 83B)
Class com.google.common.collect.Iterators$9                                           : loaded 2 times (x 81B)
Class com.google.common.collect.AbstractMapBasedMultimap                              : loaded 2 times (x 139B)
Class com.google.common.collect.ImmutableAsList                                       : loaded 2 times (x 209B)
Class org.objectweb.asm.RecordComponentVisitor                                        : loaded 2 times (x 77B)
Class com.google.common.cache.CacheLoader$SupplierToCacheLoader                       : loaded 2 times (x 75B)
Class com.google.common.collect.Maps$EntryTransformer                                 : loaded 2 times (x 70B)
Class org.gradle.internal.service.ServiceLookupException                              : loaded 2 times (x 82B)
Class [Lcom.google.common.cache.LocalCache$EntryFactory;                              : loaded 2 times (x 69B)
Class com.google.common.base.CharMatcher$JavaLetter                                   : loaded 2 times (x 111B)
Class org.gradle.internal.classloader.ClassLoaderFactory                              : loaded 2 times (x 70B)
Class com.google.common.cache.LocalCache$LocalManualCache                             : loaded 2 times (x 99B)
Class com.google.common.base.CharMatcher$IsNot                                        : loaded 2 times (x 111B)
Class com.google.common.base.CommonPattern                                            : loaded 2 times (x 74B)
Class org.gradle.internal.service.CachingServiceLocator                               : loaded 2 times (x 82B)
Class com.google.common.collect.AbstractMapBasedMultimap$KeySet                       : loaded 2 times (x 137B)
Class com.google.common.math.IntMath                                                  : loaded 2 times (x 71B)
Class com.google.common.collect.Iterators$10                                          : loaded 2 times (x 81B)
Class com.google.common.collect.ImmutableMapEntry                                     : loaded 2 times (x 85B)
Class com.google.common.base.CharMatcher$JavaDigit                                    : loaded 2 times (x 111B)
Class com.google.common.base.Equivalence                                              : loaded 2 times (x 82B)
Class com.google.common.collect.ImmutableMapEntry$NonTerminalImmutableMapEntry        : loaded 2 times (x 85B)
Class com.google.common.base.Function                                                 : loaded 2 times (x 70B)
Class org.apache.commons.io.output.AbstractByteArrayOutputStream                      : loaded 2 times (x 102B)
Class com.google.common.collect.IndexedImmutableSet$1                                 : loaded 2 times (x 212B)
Class com.google.common.cache.CacheBuilder$OneWeigher                                 : loaded 2 times (x 82B)
Class com.google.common.collect.RegularImmutableList                                  : loaded 2 times (x 212B)
Class com.google.common.collect.ImmutableBiMapFauxverideShim                          : loaded 2 times (x 120B)
Class org.gradle.internal.classloader.ClasspathUtil                                   : loaded 2 times (x 71B)
Class com.google.common.base.Charsets                                                 : loaded 2 times (x 71B)
Class com.google.common.util.concurrent.Uninterruptibles                              : loaded 2 times (x 71B)
Class com.google.common.collect.Maps                                                  : loaded 2 times (x 71B)
Class com.google.common.base.CharMatcher$JavaUpperCase                                : loaded 2 times (x 111B)
Class org.gradle.api.specs.Spec                                                       : loaded 2 times (x 70B)
Class [Lcom.google.common.collect.ImmutableEntry;                                     : loaded 2 times (x 69B)
Class com.google.common.cache.LocalCache$LoadingValueReference                        : loaded 2 times (x 96B)
Class com.google.common.math.MathPreconditions                                        : loaded 2 times (x 71B)
Class com.google.common.base.Platform                                                 : loaded 2 times (x 71B)
Class [Lorg.objectweb.asm.AnnotationWriter;                                           : loaded 2 times (x 69B)
Class com.google.common.primitives.Ints$IntConverter                                  : loaded 2 times (x 90B)
Class com.google.common.collect.Maps$8                                                : loaded 2 times (x 82B)
Class com.google.common.collect.Sets$SetView                                          : loaded 2 times (x 138B)
Class com.google.common.cache.LocalCache$StrongValueReference                         : loaded 2 times (x 90B)
Class com.google.common.util.concurrent.AbstractFuture$SynchronizedHelper             : loaded 2 times (x 78B)
Class com.google.common.base.CharMatcher$Invisible                                    : loaded 2 times (x 112B)
Class org.objectweb.asm.Type                                                          : loaded 2 times (x 72B)
Class org.gradle.internal.classloader.VisitableURLClassLoader$InstrumentingVisitableURLClassLoader: loaded 2 times (x 123B)
Class org.objectweb.asm.ByteVector                                                    : loaded 2 times (x 79B)
Class [Lcom.google.common.cache.CacheBuilder$NullListener;                            : loaded 2 times (x 69B)
Class com.google.common.math.IntMath$1                                                : loaded 2 times (x 71B)
Class org.gradle.internal.classloader.VisitableURLClassLoader$Spec                    : loaded 2 times (x 74B)
Class org.gradle.internal.classpath.DefaultClassPath                                  : loaded 2 times (x 90B)
Class org.objectweb.asm.Symbol                                                        : loaded 2 times (x 73B)
Class com.google.common.base.AbstractIterator                                         : loaded 2 times (x 80B)
Class com.google.common.io.Closer                                                     : loaded 2 times (x 78B)
Class com.google.common.collect.ImmutableSet                                          : loaded 2 times (x 145B)
Class com.google.common.collect.RegularImmutableMap$Values                            : loaded 2 times (x 207B)
Class com.google.common.base.CharMatcher$BitSetMatcher                                : loaded 2 times (x 112B)
Class com.google.common.base.CharMatcher$Ascii                                        : loaded 2 times (x 112B)
Class ijJvmDebugger1_51wf4jmyj9l9djmvenywekqyn$_run_closure1                          : loaded 2 times (x 139B)
Class org.gradle.internal.classloader.ClassLoaderSpec                                 : loaded 2 times (x 71B)
Class org.objectweb.asm.AnnotationWriter                                              : loaded 2 times (x 79B)
Class com.google.common.cache.CacheStats                                              : loaded 2 times (x 71B)
Class com.google.common.io.Closer$Suppressor                                          : loaded 2 times (x 70B)
Class org.objectweb.asm.RecordComponentWriter                                         : loaded 2 times (x 78B)
Class com.google.common.util.concurrent.AbstractFuture$Listener                       : loaded 2 times (x 72B)
Class com.google.common.base.CharMatcher$Or                                           : loaded 2 times (x 112B)
Class Settings_gradle$1$1                                                             : loaded 2 times (x 75B)
Class org.objectweb.asm.Attribute                                                     : loaded 2 times (x 77B)
Class com.google.common.base.Supplier                                                 : loaded 2 times (x 70B)
Class org.gradle.internal.classloader.VisitableURLClassLoader                         : loaded 2 times (x 117B)
Class com.google.common.collect.ImmutableList$SerializedForm                          : loaded 2 times (x 73B)
Class com.google.common.util.concurrent.AbstractFuture$Waiter                         : loaded 2 times (x 72B)
Class Settings_gradle                                                                 : loaded 2 times (x 128B)
Class org.gradle.internal.Cast                                                        : loaded 2 times (x 71B)
Class org.gradle.api.Action                                                           : loaded 2 times (x 70B)
Class com.google.common.collect.Sets                                                  : loaded 2 times (x 71B)
Class org.objectweb.asm.Handler                                                       : loaded 2 times (x 72B)
Class com.google.common.base.Ticker                                                   : loaded 2 times (x 72B)
Class com.google.common.base.Strings                                                  : loaded 2 times (x 71B)
Class com.google.common.base.CharMatcher$FastMatcher                                  : loaded 2 times (x 111B)
Class org.gradle.internal.agents.InstrumentingClassLoader                             : loaded 2 times (x 70B)
Class [Lcom.google.common.cache.LocalCache$Segment;                                   : loaded 2 times (x 69B)
Class [Lcom.google.common.cache.LocalCache$Strength;                                  : loaded 2 times (x 69B)
Class com.google.common.cache.CacheBuilder$1                                          : loaded 2 times (x 85B)
Class com.google.common.collect.ImmutableMap                                          : loaded 2 times (x 120B)
Class com.google.common.base.Predicate                                                : loaded 2 times (x 70B)
Class ijJvmDebugger1_51wf4jmyj9l9djmvenywekqyn$_run_closure1$_closure2                : loaded 2 times (x 140B)
Class org.gradle.internal.classpath.DefaultClassPath$ImmutableUniqueList$Builder      : loaded 2 times (x 75B)
Class com.google.common.cache.LocalCache                                              : loaded 2 times (x 187B)
Class com.google.common.cache.CacheBuilder$2                                          : loaded 2 times (x 72B)
Class com.google.common.base.CharMatcher$NegatedFastMatcher                           : loaded 2 times (x 113B)
Class [Lcom.google.common.collect.AbstractMapEntry;                                   : loaded 2 times (x 69B)
Class com.google.common.collect.ImmutableEntry                                        : loaded 2 times (x 82B)
Class com.google.common.collect.ArrayListMultimap                                     : loaded 2 times (x 172B)
Class com.google.common.base.AbstractIterator$1                                       : loaded 2 times (x 71B)
Class com.google.common.base.CharMatcher$Digit                                        : loaded 2 times (x 112B)
Class org.gradle.api.GradleException                                                  : loaded 2 times (x 82B)
Class org.apache.commons.io.StandardLineSeparator                                     : loaded 2 times (x 79B)
Class com.google.common.collect.CollectPreconditions                                  : loaded 2 times (x 71B)
Class com.google.common.base.CharMatcher$JavaIsoControl                               : loaded 2 times (x 112B)
Class com.google.common.collect.SortedMapDifference                                   : loaded 2 times (x 70B)
Class com.google.common.base.CharMatcher$JavaLowerCase                                : loaded 2 times (x 111B)
Class com.google.common.collect.Iterables$4                                           : loaded 2 times (x 81B)
Class com.google.common.cache.LocalCache$EntryFactory                                 : loaded 2 times (x 83B)
Class com.google.common.cache.LocalCache$AbstractReferenceEntry                       : loaded 2 times (x 107B)
Class com.google.common.base.Splitter$1$1                                             : loaded 2 times (x 86B)
Class com.google.common.base.CharMatcher$Whitespace                                   : loaded 2 times (x 112B)
Class org.gradle.internal.IoActions                                                   : loaded 2 times (x 71B)
Class org.objectweb.asm.SymbolTable                                                   : loaded 2 times (x 72B)
Class com.google.common.cache.CacheLoader$InvalidCacheLoadException                   : loaded 2 times (x 82B)
Class com.google.common.collect.ImmutableSet$RegularSetBuilderImpl                    : loaded 2 times (x 77B)
Class com.google.common.base.CharMatcher$SingleWidth                                  : loaded 2 times (x 112B)
Class org.gradle.internal.classloader.SystemClassLoaderSpec                           : loaded 2 times (x 71B)
Class com.google.common.collect.FluentIterable                                        : loaded 2 times (x 81B)
Class com.google.common.cache.LocalCache$StrongEntry                                  : loaded 2 times (x 108B)
Class com.google.common.util.concurrent.AbstractFuture$TrustedFuture                  : loaded 2 times (x 114B)
Class com.google.common.cache.LoadingCache                                            : loaded 2 times (x 70B)
Class org.objectweb.asm.MethodWriter                                                  : loaded 2 times (x 106B)
Class [Lcom.google.common.cache.Weigher;                                              : loaded 2 times (x 69B)
Class com.google.common.collect.RegularImmutableMap$BucketOverflowException           : loaded 2 times (x 82B)
Class com.google.common.collect.AbstractIterator$State                                : loaded 2 times (x 79B)
Class com.google.common.collect.RegularImmutableBiMap                                 : loaded 2 times (x 148B)
Class com.google.common.cache.LocalCache$ValueReference                               : loaded 2 times (x 70B)
Class com.google.common.base.CharMatcher$Negated                                      : loaded 2 times (x 113B)
Class com.google.common.base.CharMatcher$Is                                           : loaded 2 times (x 111B)
Class com.google.common.util.concurrent.AbstractFuture$Failure                        : loaded 2 times (x 72B)
Class com.google.common.base.Equivalence$Equals                                       : loaded 2 times (x 82B)
Class com.google.common.collect.Hashing                                               : loaded 2 times (x 71B)
Class com.google.common.base.PatternCompiler                                          : loaded 2 times (x 70B)
Class com.google.common.base.Preconditions                                            : loaded 2 times (x 71B)
Class com.google.common.base.Joiner$1                                                 : loaded 2 times (x 80B)
Class org.objectweb.asm.Label                                                         : loaded 2 times (x 73B)
Class org.objectweb.asm.CurrentFrame                                                  : loaded 2 times (x 73B)
Class org.objectweb.asm.ClassTooLargeException                                        : loaded 2 times (x 83B)
Class com.google.common.collect.PeekingIterator                                       : loaded 2 times (x 70B)
Class com.google.common.base.CharMatcher                                              : loaded 2 times (x 111B)
Class com.google.common.collect.Maps$IteratorBasedAbstractMap                         : loaded 2 times (x 125B)
Class com.google.common.base.Joiner$2                                                 : loaded 2 times (x 79B)
Class org.objectweb.asm.Frame                                                         : loaded 2 times (x 73B)
Class org.objectweb.asm.MethodVisitor                                                 : loaded 2 times (x 105B)
Class com.google.common.cache.LocalCache$EntryFactory$1                               : loaded 2 times (x 83B)
Class [Lcom.google.common.cache.RemovalListener;                                      : loaded 2 times (x 69B)
Class com.google.common.base.CharMatcher$1                                            : loaded 2 times (x 113B)
Class com.google.common.base.CharMatcher$NamedFastMatcher                             : loaded 2 times (x 112B)
Class com.google.common.cache.LocalCache$EntryFactory$2                               : loaded 2 times (x 83B)
Class org.objectweb.asm.ModuleWriter                                                  : loaded 2 times (x 82B)
Class com.google.common.cache.LocalCache$EntryFactory$3                               : loaded 2 times (x 83B)
Class com.google.common.base.Ticker$1                                                 : loaded 2 times (x 72B)
Class com.google.common.collect.ImmutableMapEntrySet$RegularEntrySet                  : loaded 2 times (x 151B)
Class com.google.common.collect.Maps$BiMapConverter                                   : loaded 2 times (x 90B)
Class com.google.common.cache.LocalCache$EntryFactory$4                               : loaded 2 times (x 83B)
Class com.google.common.collect.ImmutableSet$Builder                                  : loaded 2 times (x 85B)
Class com.google.common.base.CharMatcher$InRange                                      : loaded 2 times (x 111B)
Class com.google.common.cache.LocalCache$EntryFactory$5                               : loaded 2 times (x 83B)
Class com.google.common.base.PairwiseEquivalence                                      : loaded 2 times (x 83B)
Class org.apache.commons.io.output.AppendableWriter                                   : loaded 2 times (x 100B)
Class com.google.common.cache.LocalCache$EntryFactory$6                               : loaded 2 times (x 83B)
Class org.gradle.internal.installation.CurrentGradleInstallationLocator               : loaded 2 times (x 71B)
Class org.apache.commons.io.output.ThresholdingOutputStream                           : loaded 2 times (x 94B)
Class com.google.common.collect.Maps$KeySet                                           : loaded 2 times (x 137B)
Class com.google.common.cache.LocalCache$EntryFactory$7                               : loaded 2 times (x 83B)
Class com.google.common.collect.ImmutableSet$EmptySetBuilderImpl                      : loaded 2 times (x 76B)
Class com.google.common.collect.ImmutableList                                         : loaded 2 times (x 206B)
Class org.gradle.internal.service.DefaultServiceLocator                               : loaded 2 times (x 83B)
Class com.google.common.cache.LocalCache$EntryFactory$8                               : loaded 2 times (x 83B)
Class com.google.common.collect.ImmutableSet$SetBuilderImpl                           : loaded 2 times (x 76B)
Class org.gradle.internal.installation.CurrentGradleInstallation                      : loaded 2 times (x 73B)
Class com.google.common.cache.CacheLoader$1                                           : loaded 2 times (x 75B)
Class com.google.common.collect.ForwardingObject                                      : loaded 2 times (x 72B)
Class com.google.common.collect.ImmutableList$SubList                                 : loaded 2 times (x 208B)
Class org.gradle.util.internal.GUtil                                                  : loaded 2 times (x 71B)
Class com.google.common.util.concurrent.AbstractFuture$SetFuture                      : loaded 2 times (x 75B)
Class com.google.common.cache.AbstractCache$StatsCounter                              : loaded 2 times (x 70B)
Class com.google.common.collect.Iterators$MergingIterator                             : loaded 2 times (x 81B)
Class com.google.common.collect.RegularImmutableSet                                   : loaded 2 times (x 148B)
Class org.gradle.internal.installation.GradleInstallation                             : loaded 2 times (x 75B)
Class com.google.common.collect.Iterables                                             : loaded 2 times (x 71B)
Class com.google.common.base.Splitter$Strategy                                        : loaded 2 times (x 70B)

---------------  S Y S T E M  ---------------

OS:
 Windows 11 , 64 bit Build 22621 (10.0.22621.5415)
OS uptime: 4 days 1:15 hours

CPU: total 8 (initial active 8) (4 cores per cpu, 2 threads per core) family 6 model 94 stepping 3 microcode 0xd6, cx8, cmov, fxsr, ht, mmx, 3dnowpref, sse, sse2, sse3, ssse3, sse4.1, sse4.2, popcnt, lzcnt, tsc, tscinvbit, avx, avx2, aes, erms, clmul, bmi1, bmi2, rtm, adx, fma, vzeroupper, clflush, clflushopt, rdtscp, f16c
Processor Information for the first 8 processors :
  Max Mhz: 3408, Current Mhz: 3408, Mhz Limit: 3408

Memory: 4k page, system-wide physical 16300M (1823M free)
TotalPageFile size 34940M (AvailPageFile size 1M)
current process WorkingSet (physical memory assigned to process): 722M, peak: 722M
current process commit charge ("private bytes"): 793M, peak: 795M

vm_info: OpenJDK 64-Bit Server VM (21.0.10+-14961533-b1163.108) for windows-amd64 JRE (21.0.10+-14961533-b1163.108), built on 2026-03-02T19:58:50Z by "builder" with MS VC++ 16.10 / 16.11 (VS2019)

END.
