#
# There is insufficient memory for the Java Runtime Environment to continue.
# Native memory allocation (mmap) failed to map 40894464 bytes. Error detail: G1 virtual space
# Possible reasons:
#   The system is out of physical RAM or swap space
#   This process is running with CompressedOops enabled, and the Java Heap may be blocking the growth of the native heap
# Possible solutions:
#   Reduce memory load on the system
#   Increase physical memory or swap space
#   Check if swap backing store is full
#   Decrease Java heap size (-Xmx/-Xms)
#   Decrease number of Java threads
#   Decrease Java thread stack sizes (-Xss)
#   Set larger code cache with -XX:ReservedCodeCacheSize=
#   JVM is running with Unscaled Compressed Oops mode in which the Java heap is
#     placed in the first 4GB address space. The Java Heap base address is the
#     maximum limit for the native heap growth. Please use -XX:HeapBaseMinAddress
#     to set the Java Heap base and to place the Java Heap above 4GB virtual address.
# This output file may be truncated or incomplete.
#
#  Out of Memory Error (os_windows.cpp:3926), pid=1472, tid=3260
#
# JRE version: OpenJDK Runtime Environment (21.0.10) (build 21.0.10+-14961533-b1163.108)
# Java VM: OpenJDK 64-Bit Server VM (21.0.10+-14961533-b1163.108, mixed mode, tiered, compressed oops, compressed class ptrs, g1 gc, windows-amd64)
# No core dump will be written. Minidumps are not enabled by default on client versions of Windows
#

---------------  S U M M A R Y ------------

Command Line: --add-opens=java.base/java.util=ALL-UNNAMED --add-opens=java.base/java.lang=ALL-UNNAMED --add-opens=java.base/java.lang.invoke=ALL-UNNAMED --add-opens=java.prefs/java.util.prefs=ALL-UNNAMED --add-opens=java.base/java.nio.charset=ALL-UNNAMED --add-opens=java.base/java.net=ALL-UNNAMED --add-opens=java.base/java.util.concurrent.atomic=ALL-UNNAMED -Xmx2048m -Dfile.encoding=UTF-8 -Duser.country=US -Duser.language=en -Duser.variant -javaagent:C:\Users\Annu pc\.gradle\wrapper\dists\gradle-8.7-bin\bhs2wmbdwecv87pi65oeuq5iu\gradle-8.7\lib\agents\gradle-instrumentation-agent-8.7.jar org.gradle.launcher.daemon.bootstrap.GradleDaemon 8.7

Host: Intel(R) Core(TM) i7-6700 CPU @ 3.40GHz, 8 cores, 15G,  Windows 11 , 64 bit Build 22621 (10.0.22621.5415)
Time: Wed Jun 24 18:49:26 2026 India Standard Time elapsed time: 9.051172 seconds (0d 0h 0m 9s)

---------------  T H R E A D  ---------------

Current thread (0x000001662608ba50):  VMThread "VM Thread"          [id=3260, stack(0x00000058f3600000,0x00000058f3700000) (1024K)]

Stack: [0x00000058f3600000,0x00000058f3700000]
Native frames: (J=compiled Java code, j=interpreted, Vv=VM code, C=native code)
V  [jvm.dll+0x6d78a9]
V  [jvm.dll+0x8665b3]
V  [jvm.dll+0x868bde]
V  [jvm.dll+0x8692c3]
V  [jvm.dll+0x280ee6]
V  [jvm.dll+0x6d4165]
V  [jvm.dll+0x6c77fa]
V  [jvm.dll+0x358f4b]
V  [jvm.dll+0x360bc6]
V  [jvm.dll+0x3b2ea6]
V  [jvm.dll+0x3b3178]
V  [jvm.dll+0x32b65c]
V  [jvm.dll+0x32b6e7]
V  [jvm.dll+0x3715cc]
V  [jvm.dll+0x36fd7e]
V  [jvm.dll+0x32adb1]
V  [jvm.dll+0x36f7ab]
V  [jvm.dll+0x86f048]
V  [jvm.dll+0x870394]
V  [jvm.dll+0x8708d0]
V  [jvm.dll+0x870b63]
V  [jvm.dll+0x80fd28]
V  [jvm.dll+0x6d60fd]
C  [ucrtbase.dll+0x29333]
C  [KERNEL32.DLL+0x1259d]
C  [ntdll.dll+0x5af78]

VM_Operation (0x00000058f4ef4d20): G1TryInitiateConcMark, mode: safepoint, requested by thread 0x000001662867a9c0


---------------  P R O C E S S  ---------------

Threads class SMR info:
_java_thread_list=0x000001662883e910, length=67, elements={
0x0000016608232c20, 0x00000166260d1c10, 0x00000166260d3ca0, 0x00000166260d4900,
0x00000166260f3510, 0x00000166260f3f70, 0x00000166260f49d0, 0x000001662610c260,
0x00000166260f7bf0, 0x00000166260f8690, 0x000001662650cc20, 0x000001662642d2e0,
0x0000016626dae0e0, 0x000001662650dfd0, 0x000001662650d940, 0x000001662650ecf0,
0x000001662650f380, 0x000001662650bf00, 0x000001662650c590, 0x000001662867a9c0,
0x000001662867d120, 0x000001662867ca90, 0x0000016628679610, 0x0000016628679ca0,
0x0000016628676820, 0x000001662867d7b0, 0x000001662867a330, 0x0000016628677bd0,
0x000001662867b050, 0x0000016628678260, 0x0000016628678f80, 0x00000166286788f0,
0x000001662867b6e0, 0x0000016628677540, 0x000001662867de40, 0x000001662867bd70,
0x000001662867c400, 0x000001662bbcf970, 0x000001662bbccb80, 0x000001662bbcd8a0,
0x000001662bbd0d20, 0x000001662bbcdf30, 0x000001662bbd13b0, 0x000001662bbcf2e0,
0x000001662bbd1a40, 0x000001662bbd0690, 0x000001662bbd20d0, 0x000001662bbcd210,
0x000001662bbd2760, 0x000001662bbd2df0, 0x000001662abc7420, 0x000001662abc9b80,
0x000001662abcaf30, 0x000001662abc6700, 0x000001662abc6d90, 0x000001662abcb5c0,
0x000001662abcc970, 0x000001662abc94f0, 0x000001662abcc2e0, 0x000001662abc8140,
0x000001662abca210, 0x000001662abcd000, 0x000001662abc87d0, 0x000001662abca8a0,
0x000001662abc7ab0, 0x000001662abc8e60, 0x00000166324e2030
}

Java Threads: ( => current thread )
  0x0000016608232c20 JavaThread "main"                              [_thread_blocked, id=10896, stack(0x00000058f2f00000,0x00000058f3000000) (1024K)]
  0x00000166260d1c10 JavaThread "Common-Cleaner"             daemon [_thread_blocked, id=16248, stack(0x00000058f3700000,0x00000058f3800000) (1024K)]
  0x00000166260d3ca0 JavaThread "Reference Handler"          daemon [_thread_blocked, id=6212, stack(0x00000058f3800000,0x00000058f3900000) (1024K)]
  0x00000166260d4900 JavaThread "Finalizer"                  daemon [_thread_blocked, id=11748, stack(0x00000058f3900000,0x00000058f3a00000) (1024K)]
  0x00000166260f3510 JavaThread "Signal Dispatcher"          daemon [_thread_blocked, id=18080, stack(0x00000058f3a00000,0x00000058f3b00000) (1024K)]
  0x00000166260f3f70 JavaThread "Attach Listener"            daemon [_thread_blocked, id=16244, stack(0x00000058f3b00000,0x00000058f3c00000) (1024K)]
  0x00000166260f49d0 JavaThread "Service Thread"             daemon [_thread_blocked, id=12072, stack(0x00000058f3c00000,0x00000058f3d00000) (1024K)]
  0x000001662610c260 JavaThread "Monitor Deflation Thread"   daemon [_thread_blocked, id=10620, stack(0x00000058f3d00000,0x00000058f3e00000) (1024K)]
  0x00000166260f7bf0 JavaThread "C2 CompilerThread0"         daemon [_thread_blocked, id=5756, stack(0x00000058f3e00000,0x00000058f3f00000) (1024K)]
  0x00000166260f8690 JavaThread "C1 CompilerThread0"         daemon [_thread_blocked, id=14196, stack(0x00000058f3f00000,0x00000058f4000000) (1024K)]
  0x000001662650cc20 JavaThread "Notification Thread"        daemon [_thread_blocked, id=16600, stack(0x00000058f4000000,0x00000058f4100000) (1024K)]
  0x000001662642d2e0 JavaThread "C2 CompilerThread1"         daemon [_thread_blocked, id=860, stack(0x00000058f4100000,0x00000058f4200000) (1024K)]
  0x0000016626dae0e0 JavaThread "C2 CompilerThread2"         daemon [_thread_blocked, id=8836, stack(0x00000058f4700000,0x00000058f4800000) (1024K)]
  0x000001662650dfd0 JavaThread "Daemon health stats"               [_thread_blocked, id=13716, stack(0x00000058f4800000,0x00000058f4900000) (1024K)]
  0x000001662650d940 JavaThread "Incoming local TCP Connector on port 53722"        [_thread_in_native, id=14388, stack(0x00000058f4900000,0x00000058f4a00000) (1024K)]
  0x000001662650ecf0 JavaThread "Daemon periodic checks"            [_thread_blocked, id=6988, stack(0x00000058f4a00000,0x00000058f4b00000) (1024K)]
  0x000001662650f380 JavaThread "Daemon"                            [_thread_blocked, id=6424, stack(0x00000058f4b00000,0x00000058f4c00000) (1024K)]
  0x000001662650bf00 JavaThread "Handler for socket connection from /127.0.0.1:53722 to /127.0.0.1:53723"        [_thread_in_native, id=11580, stack(0x00000058f4c00000,0x00000058f4d00000) (1024K)]
  0x000001662650c590 JavaThread "Cancel handler"                    [_thread_blocked, id=9072, stack(0x00000058f4d00000,0x00000058f4e00000) (1024K)]
  0x000001662867a9c0 JavaThread "Daemon worker"                     [_thread_blocked, id=10696, stack(0x00000058f4e00000,0x00000058f4f00000) (1024K)]
  0x000001662867d120 JavaThread "Asynchronous log dispatcher for DefaultDaemonConnection: socket connection from /127.0.0.1:53722 to /127.0.0.1:53723"        [_thread_blocked, id=6692, stack(0x00000058f4f00000,0x00000058f5000000) (1024K)]
  0x000001662867ca90 JavaThread "Stdin handler"                     [_thread_blocked, id=8188, stack(0x00000058f5000000,0x00000058f5100000) (1024K)]
  0x0000016628679610 JavaThread "Daemon client event forwarder"        [_thread_blocked, id=7204, stack(0x00000058f5100000,0x00000058f5200000) (1024K)]
  0x0000016628679ca0 JavaThread "Cache worker for journal cache (C:\Users\Annu pc\.gradle\caches\journal-1)"        [_thread_blocked, id=8656, stack(0x00000058f5500000,0x00000058f5600000) (1024K)]
  0x0000016628676820 JavaThread "File lock request listener"        [_thread_in_native, id=6228, stack(0x00000058f5600000,0x00000058f5700000) (1024K)]
  0x000001662867d7b0 JavaThread "Cache worker for file hash cache (C:\Users\Annu pc\.gradle\caches\8.7\fileHashes)"        [_thread_blocked, id=16436, stack(0x00000058f5700000,0x00000058f5800000) (1024K)]
  0x000001662867a330 JavaThread "Cache worker for file hash cache (D:\github\OQPAY-FinanceAndroidApplication\.gradle\8.7\fileHashes)"        [_thread_blocked, id=5524, stack(0x00000058f5800000,0x00000058f5900000) (1024K)]
  0x0000016628677bd0 JavaThread "File watcher server"        daemon [_thread_blocked, id=5880, stack(0x00000058f5900000,0x00000058f5a00000) (1024K)]
  0x000001662867b050 JavaThread "File watcher consumer"      daemon [_thread_blocked, id=14124, stack(0x00000058f5a00000,0x00000058f5b00000) (1024K)]
  0x0000016628678260 JavaThread "jar transforms"                    [_thread_blocked, id=9140, stack(0x00000058f5b00000,0x00000058f5c00000) (1024K)]
  0x0000016628678f80 JavaThread "jar transforms Thread 2"           [_thread_blocked, id=12556, stack(0x00000058f5c00000,0x00000058f5d00000) (1024K)]
  0x00000166286788f0 JavaThread "jar transforms Thread 3"           [_thread_blocked, id=1100, stack(0x00000058f5d00000,0x00000058f5e00000) (1024K)]
  0x000001662867b6e0 JavaThread "jar transforms Thread 4"           [_thread_blocked, id=10936, stack(0x00000058f5e00000,0x00000058f5f00000) (1024K)]
  0x0000016628677540 JavaThread "jar transforms Thread 5"           [_thread_blocked, id=10452, stack(0x00000058f5f00000,0x00000058f6000000) (1024K)]
  0x000001662867de40 JavaThread "jar transforms Thread 6"           [_thread_blocked, id=11152, stack(0x00000058f6000000,0x00000058f6100000) (1024K)]
  0x000001662867bd70 JavaThread "jar transforms Thread 7"           [_thread_blocked, id=6872, stack(0x00000058f6100000,0x00000058f6200000) (1024K)]
  0x000001662867c400 JavaThread "jar transforms Thread 8"           [_thread_blocked, id=4592, stack(0x00000058f6200000,0x00000058f6300000) (1024K)]
  0x000001662bbcf970 JavaThread "Cache worker for checksums cache (D:\github\OQPAY-FinanceAndroidApplication\.gradle\8.7\checksums)"        [_thread_blocked, id=13396, stack(0x00000058f6300000,0x00000058f6400000) (1024K)]
  0x000001662bbccb80 JavaThread "Cache worker for cache directory md-supplier (C:\Users\Annu pc\.gradle\caches\8.7\md-supplier)"        [_thread_blocked, id=7368, stack(0x00000058f6400000,0x00000058f6500000) (1024K)]
  0x000001662bbcd8a0 JavaThread "Cache worker for cache directory md-rule (C:\Users\Annu pc\.gradle\caches\8.7\md-rule)"        [_thread_blocked, id=13604, stack(0x00000058f6500000,0x00000058f6600000) (1024K)]
  0x000001662bbd0d20 JavaThread "Cache worker for file content cache (C:\Users\Annu pc\.gradle\caches\8.7\fileContent)"        [_thread_blocked, id=16184, stack(0x00000058f6600000,0x00000058f6700000) (1024K)]
  0x000001662bbcdf30 JavaThread "Unconstrained build operations"        [_thread_blocked, id=18304, stack(0x00000058f6700000,0x00000058f6800000) (1024K)]
  0x000001662bbd13b0 JavaThread "Unconstrained build operations Thread 2"        [_thread_blocked, id=10220, stack(0x00000058f6800000,0x00000058f6900000) (1024K)]
  0x000001662bbcf2e0 JavaThread "Unconstrained build operations Thread 3"        [_thread_blocked, id=7664, stack(0x00000058f6900000,0x00000058f6a00000) (1024K)]
  0x000001662bbd1a40 JavaThread "Unconstrained build operations Thread 4"        [_thread_blocked, id=15660, stack(0x00000058f6a00000,0x00000058f6b00000) (1024K)]
  0x000001662bbd0690 JavaThread "Unconstrained build operations Thread 5"        [_thread_blocked, id=10952, stack(0x00000058f6b00000,0x00000058f6c00000) (1024K)]
  0x000001662bbd20d0 JavaThread "Unconstrained build operations Thread 6"        [_thread_blocked, id=13944, stack(0x00000058f6c00000,0x00000058f6d00000) (1024K)]
  0x000001662bbcd210 JavaThread "Unconstrained build operations Thread 7"        [_thread_blocked, id=14356, stack(0x00000058f6d00000,0x00000058f6e00000) (1024K)]
  0x000001662bbd2760 JavaThread "Unconstrained build operations Thread 8"        [_thread_blocked, id=1460, stack(0x00000058f6e00000,0x00000058f6f00000) (1024K)]
  0x000001662bbd2df0 JavaThread "Unconstrained build operations Thread 9"        [_thread_blocked, id=10364, stack(0x00000058f6f00000,0x00000058f7000000) (1024K)]
  0x000001662abc7420 JavaThread "Cache worker for Build Output Cleanup Cache (D:\github\OQPAY-FinanceAndroidApplication\.gradle\buildOutputCleanup)"        [_thread_blocked, id=10432, stack(0x00000058f7000000,0x00000058f7100000) (1024K)]
  0x000001662abc9b80 JavaThread "Unconstrained build operations Thread 10"        [_thread_blocked, id=1468, stack(0x00000058f7100000,0x00000058f7200000) (1024K)]
  0x000001662abcaf30 JavaThread "Unconstrained build operations Thread 11"        [_thread_blocked, id=12908, stack(0x00000058f7200000,0x00000058f7300000) (1024K)]
  0x000001662abc6700 JavaThread "Unconstrained build operations Thread 12"        [_thread_blocked, id=18252, stack(0x00000058f7300000,0x00000058f7400000) (1024K)]
  0x000001662abc6d90 JavaThread "Unconstrained build operations Thread 13"        [_thread_blocked, id=5188, stack(0x00000058f7400000,0x00000058f7500000) (1024K)]
  0x000001662abcb5c0 JavaThread "Unconstrained build operations Thread 14"        [_thread_blocked, id=1484, stack(0x00000058f7500000,0x00000058f7600000) (1024K)]
  0x000001662abcc970 JavaThread "Unconstrained build operations Thread 15"        [_thread_blocked, id=5872, stack(0x00000058f7600000,0x00000058f7700000) (1024K)]
  0x000001662abc94f0 JavaThread "Unconstrained build operations Thread 16"        [_thread_blocked, id=8988, stack(0x00000058f7700000,0x00000058f7800000) (1024K)]
  0x000001662abcc2e0 JavaThread "Unconstrained build operations Thread 17"        [_thread_blocked, id=5944, stack(0x00000058f7800000,0x00000058f7900000) (1024K)]
  0x000001662abc8140 JavaThread "Unconstrained build operations Thread 18"        [_thread_blocked, id=9916, stack(0x00000058f7900000,0x00000058f7a00000) (1024K)]
  0x000001662abca210 JavaThread "Unconstrained build operations Thread 19"        [_thread_blocked, id=17520, stack(0x00000058f7a00000,0x00000058f7b00000) (1024K)]
  0x000001662abcd000 JavaThread "Unconstrained build operations Thread 20"        [_thread_blocked, id=13216, stack(0x00000058f7b00000,0x00000058f7c00000) (1024K)]
  0x000001662abc87d0 JavaThread "Unconstrained build operations Thread 21"        [_thread_blocked, id=14000, stack(0x00000058f7c00000,0x00000058f7d00000) (1024K)]
  0x000001662abca8a0 JavaThread "Unconstrained build operations Thread 22"        [_thread_blocked, id=14380, stack(0x00000058f7d00000,0x00000058f7e00000) (1024K)]
  0x000001662abc7ab0 JavaThread "Unconstrained build operations Thread 23"        [_thread_blocked, id=1192, stack(0x00000058f7e00000,0x00000058f7f00000) (1024K)]
  0x000001662abc8e60 JavaThread "Memory manager"                    [_thread_blocked, id=7488, stack(0x00000058f7f00000,0x00000058f8000000) (1024K)]
  0x00000166324e2030 JavaThread "build event listener"              [_thread_blocked, id=18208, stack(0x00000058f8000000,0x00000058f8100000) (1024K)]
Total: 67

Other Threads:
=>0x000001662608ba50 VMThread "VM Thread"                           [id=3260, stack(0x00000058f3600000,0x00000058f3700000) (1024K)]
  0x0000016621cd8410 WatcherThread "VM Periodic Task Thread"        [id=17528, stack(0x00000058f3500000,0x00000058f3600000) (1024K)]
  0x000001660a610e80 WorkerThread "GC Thread#0"                     [id=18244, stack(0x00000058f3000000,0x00000058f3100000) (1024K)]
  0x0000016626b59920 WorkerThread "GC Thread#1"                     [id=10612, stack(0x00000058f4200000,0x00000058f4300000) (1024K)]
  0x0000016626a67f70 WorkerThread "GC Thread#2"                     [id=9784, stack(0x00000058f4300000,0x00000058f4400000) (1024K)]
  0x0000016626a68320 WorkerThread "GC Thread#3"                     [id=10624, stack(0x00000058f4400000,0x00000058f4500000) (1024K)]
  0x0000016626bf8520 WorkerThread "GC Thread#4"                     [id=11268, stack(0x00000058f4500000,0x00000058f4600000) (1024K)]
  0x0000016626bf88d0 WorkerThread "GC Thread#5"                     [id=12216, stack(0x00000058f4600000,0x00000058f4700000) (1024K)]
  0x0000016626eb6390 WorkerThread "GC Thread#6"                     [id=3676, stack(0x00000058f5200000,0x00000058f5300000) (1024K)]
  0x0000016626eb6ea0 WorkerThread "GC Thread#7"                     [id=8500, stack(0x00000058f5300000,0x00000058f5400000) (1024K)]
  0x000001660a621fe0 ConcurrentGCThread "G1 Main Marker"            [id=7520, stack(0x00000058f3100000,0x00000058f3200000) (1024K)]
  0x000001660a623290 WorkerThread "G1 Conc#0"                       [id=12304, stack(0x00000058f3200000,0x00000058f3300000) (1024K)]
  0x00000166278a1710 WorkerThread "G1 Conc#1"                       [id=8928, stack(0x00000058f5400000,0x00000058f5500000) (1024K)]
  0x0000016621ba62b0 ConcurrentGCThread "G1 Refine#0"               [id=2852, stack(0x00000058f3300000,0x00000058f3400000) (1024K)]
  0x0000016621ba6d40 ConcurrentGCThread "G1 Service"                [id=14640, stack(0x00000058f3400000,0x00000058f3500000) (1024K)]
Total: 15

Threads with active compile tasks:
C2 CompilerThread0  9078 10217       4       sun.net.www.protocol.jar.Handler::parseURL (173 bytes)
C1 CompilerThread0  9078 10219       3       sun.nio.cs.StreamDecoder::implRead (232 bytes)
Total: 2

VM state: at safepoint (normal execution)

VM Mutex/Monitor currently owned by a thread:  ([mutex/lock_event])
[0x00007ffefed086d0] Threads_lock - owner thread: 0x000001662608ba50
[0x00007ffefed087d0] Heap_lock - owner thread: 0x000001662867a9c0

Heap address: 0x0000000080000000, size: 2048 MB, Compressed Oops mode: 32-bit

CDS archive(s) not mapped
Compressed class space mapped at: 0x0000000100000000-0x0000000140000000, reserved size: 1073741824
Narrow klass base: 0x0000000000000000, Narrow klass shift: 3, Narrow klass range: 0x140000000

GC Precious Log:
 CardTable entry size: 512
 Card Set container configuration: InlinePtr #cards 5 size 8 Array Of Cards #cards 12 size 40 Howl #buckets 4 coarsen threshold 1843 Howl Bitmap #cards 512 size 80 coarsen threshold 460 Card regions per heap region 1 cards per card region 2048
 CPUs: 8 total, 8 available
 Memory: 16300M
 Large Page Support: Disabled
 NUMA Support: Disabled
 Compressed Oops: Enabled (32-bit)
 Heap Region Size: 1M
 Heap Min Capacity: 8M
 Heap Initial Capacity: 256M
 Heap Max Capacity: 2G
 Pre-touch: Disabled
 Parallel Workers: 8
 Concurrent Workers: 2
 Concurrent Refinement Workers: 8
 Periodic GC: Disabled

Heap:
 garbage-first heap   total 199680K, used 127277K [0x0000000080000000, 0x0000000100000000)
  region size 1024K, 5 young (5120K), 5 survivors (5120K)
 Metaspace       used 96478K, committed 98432K, reserved 1179648K
  class space    used 13294K, committed 14272K, reserved 1048576K

Heap Regions: E=young(eden), S=young(survivor), O=old, HS=humongous(starts), HC=humongous(continues), CS=collection set, F=free, TAMS=top-at-mark-start, PB=parsable bottom
|   0|0x0000000080000000, 0x0000000080100000, 0x0000000080100000|100%| O|  |TAMS 0x0000000080100000| PB 0x0000000080000000| Untracked 
|   1|0x0000000080100000, 0x0000000080200000, 0x0000000080200000|100%|HS|  |TAMS 0x0000000080200000| PB 0x0000000080100000| Complete 
|   2|0x0000000080200000, 0x0000000080300000, 0x0000000080300000|100%|HC|  |TAMS 0x0000000080300000| PB 0x0000000080200000| Complete 
|   3|0x0000000080300000, 0x0000000080400000, 0x0000000080400000|100%|HC|  |TAMS 0x0000000080400000| PB 0x0000000080300000| Complete 
|   4|0x0000000080400000, 0x0000000080500000, 0x0000000080500000|100%|HC|  |TAMS 0x0000000080500000| PB 0x0000000080400000| Complete 
|   5|0x0000000080500000, 0x0000000080600000, 0x0000000080600000|100%| O|  |TAMS 0x0000000080600000| PB 0x0000000080500000| Untracked 
|   6|0x0000000080600000, 0x0000000080700000, 0x0000000080700000|100%| O|  |TAMS 0x0000000080700000| PB 0x0000000080600000| Untracked 
|   7|0x0000000080700000, 0x0000000080800000, 0x0000000080800000|100%| O|  |TAMS 0x0000000080800000| PB 0x0000000080700000| Untracked 
|   8|0x0000000080800000, 0x0000000080900000, 0x0000000080900000|100%| O|  |TAMS 0x0000000080900000| PB 0x0000000080800000| Untracked 
|   9|0x0000000080900000, 0x0000000080a00000, 0x0000000080a00000|100%|HS|  |TAMS 0x0000000080a00000| PB 0x0000000080900000| Complete 
|  10|0x0000000080a00000, 0x0000000080b00000, 0x0000000080b00000|100%| O|  |TAMS 0x0000000080b00000| PB 0x0000000080a00000| Untracked 
|  11|0x0000000080b00000, 0x0000000080c00000, 0x0000000080c00000|100%| O|  |TAMS 0x0000000080c00000| PB 0x0000000080b00000| Untracked 
|  12|0x0000000080c00000, 0x0000000080d00000, 0x0000000080d00000|100%| O|  |TAMS 0x0000000080d00000| PB 0x0000000080c00000| Untracked 
|  13|0x0000000080d00000, 0x0000000080e00000, 0x0000000080e00000|100%| O|  |TAMS 0x0000000080e00000| PB 0x0000000080d00000| Untracked 
|  14|0x0000000080e00000, 0x0000000080f00000, 0x0000000080f00000|100%| O|  |TAMS 0x0000000080f00000| PB 0x0000000080e00000| Untracked 
|  15|0x0000000080f00000, 0x0000000081000000, 0x0000000081000000|100%| O|  |TAMS 0x0000000081000000| PB 0x0000000080f00000| Untracked 
|  16|0x0000000081000000, 0x0000000081100000, 0x0000000081100000|100%| O|  |TAMS 0x0000000081100000| PB 0x0000000081000000| Untracked 
|  17|0x0000000081100000, 0x0000000081200000, 0x0000000081200000|100%| O|  |TAMS 0x0000000081200000| PB 0x0000000081100000| Untracked 
|  18|0x0000000081200000, 0x0000000081300000, 0x0000000081300000|100%| O|  |TAMS 0x0000000081300000| PB 0x0000000081200000| Untracked 
|  19|0x0000000081300000, 0x0000000081400000, 0x0000000081400000|100%| O|  |TAMS 0x0000000081400000| PB 0x0000000081300000| Untracked 
|  20|0x0000000081400000, 0x0000000081500000, 0x0000000081500000|100%|HS|  |TAMS 0x0000000081500000| PB 0x0000000081400000| Complete 
|  21|0x0000000081500000, 0x0000000081600000, 0x0000000081600000|100%|HC|  |TAMS 0x0000000081600000| PB 0x0000000081500000| Complete 
|  22|0x0000000081600000, 0x0000000081700000, 0x0000000081700000|100%|HC|  |TAMS 0x0000000081700000| PB 0x0000000081600000| Complete 
|  23|0x0000000081700000, 0x0000000081800000, 0x0000000081800000|100%|HC|  |TAMS 0x0000000081800000| PB 0x0000000081700000| Complete 
|  24|0x0000000081800000, 0x0000000081900000, 0x0000000081900000|100%|HC|  |TAMS 0x0000000081900000| PB 0x0000000081800000| Complete 
|  25|0x0000000081900000, 0x0000000081a00000, 0x0000000081a00000|100%|HC|  |TAMS 0x0000000081a00000| PB 0x0000000081900000| Complete 
|  26|0x0000000081a00000, 0x0000000081b00000, 0x0000000081b00000|100%| O|  |TAMS 0x0000000081b00000| PB 0x0000000081a00000| Untracked 
|  27|0x0000000081b00000, 0x0000000081c00000, 0x0000000081c00000|100%|HS|  |TAMS 0x0000000081c00000| PB 0x0000000081b00000| Complete 
|  28|0x0000000081c00000, 0x0000000081d00000, 0x0000000081d00000|100%|HC|  |TAMS 0x0000000081d00000| PB 0x0000000081c00000| Complete 
|  29|0x0000000081d00000, 0x0000000081e00000, 0x0000000081e00000|100%|HC|  |TAMS 0x0000000081e00000| PB 0x0000000081d00000| Complete 
|  30|0x0000000081e00000, 0x0000000081f00000, 0x0000000081f00000|100%|HC|  |TAMS 0x0000000081f00000| PB 0x0000000081e00000| Complete 
|  31|0x0000000081f00000, 0x0000000082000000, 0x0000000082000000|100%|HC|  |TAMS 0x0000000082000000| PB 0x0000000081f00000| Complete 
|  32|0x0000000082000000, 0x0000000082100000, 0x0000000082100000|100%|HC|  |TAMS 0x0000000082100000| PB 0x0000000082000000| Complete 
|  33|0x0000000082100000, 0x0000000082200000, 0x0000000082200000|100%|HS|  |TAMS 0x0000000082200000| PB 0x0000000082100000| Complete 
|  34|0x0000000082200000, 0x0000000082300000, 0x0000000082300000|100%|HC|  |TAMS 0x0000000082300000| PB 0x0000000082200000| Complete 
|  35|0x0000000082300000, 0x0000000082400000, 0x0000000082400000|100%| O|  |TAMS 0x0000000082400000| PB 0x0000000082300000| Untracked 
|  36|0x0000000082400000, 0x0000000082500000, 0x0000000082500000|100%| O|  |TAMS 0x0000000082500000| PB 0x0000000082400000| Untracked 
|  37|0x0000000082500000, 0x0000000082600000, 0x0000000082600000|100%|HS|  |TAMS 0x0000000082600000| PB 0x0000000082500000| Complete 
|  38|0x0000000082600000, 0x0000000082700000, 0x0000000082700000|100%|HC|  |TAMS 0x0000000082700000| PB 0x0000000082600000| Complete 
|  39|0x0000000082700000, 0x0000000082800000, 0x0000000082800000|100%|HS|  |TAMS 0x0000000082800000| PB 0x0000000082700000| Complete 
|  40|0x0000000082800000, 0x0000000082900000, 0x0000000082900000|100%| O|  |TAMS 0x0000000082900000| PB 0x0000000082800000| Untracked 
|  41|0x0000000082900000, 0x0000000082a00000, 0x0000000082a00000|100%| O|  |TAMS 0x0000000082a00000| PB 0x0000000082900000| Untracked 
|  42|0x0000000082a00000, 0x0000000082b00000, 0x0000000082b00000|100%| O|  |TAMS 0x0000000082b00000| PB 0x0000000082a00000| Untracked 
|  43|0x0000000082b00000, 0x0000000082c00000, 0x0000000082c00000|100%| O|  |TAMS 0x0000000082c00000| PB 0x0000000082b00000| Untracked 
|  44|0x0000000082c00000, 0x0000000082d00000, 0x0000000082d00000|100%| O|  |TAMS 0x0000000082d00000| PB 0x0000000082c00000| Untracked 
|  45|0x0000000082d00000, 0x0000000082e00000, 0x0000000082e00000|100%| O|  |TAMS 0x0000000082e00000| PB 0x0000000082d00000| Untracked 
|  46|0x0000000082e00000, 0x0000000082f00000, 0x0000000082f00000|100%| O|  |TAMS 0x0000000082f00000| PB 0x0000000082e00000| Untracked 
|  47|0x0000000082f00000, 0x0000000083000000, 0x0000000083000000|100%| O|  |TAMS 0x0000000083000000| PB 0x0000000082f00000| Untracked 
|  48|0x0000000083000000, 0x0000000083100000, 0x0000000083100000|100%| O|  |TAMS 0x0000000083100000| PB 0x0000000083000000| Untracked 
|  49|0x0000000083100000, 0x0000000083200000, 0x0000000083200000|100%| O|  |TAMS 0x0000000083200000| PB 0x0000000083100000| Untracked 
|  50|0x0000000083200000, 0x0000000083300000, 0x0000000083300000|100%| O|  |TAMS 0x0000000083300000| PB 0x0000000083200000| Untracked 
|  51|0x0000000083300000, 0x0000000083400000, 0x0000000083400000|100%| O|  |TAMS 0x0000000083400000| PB 0x0000000083300000| Untracked 
|  52|0x0000000083400000, 0x0000000083500000, 0x0000000083500000|100%| O|  |TAMS 0x0000000083500000| PB 0x0000000083400000| Untracked 
|  53|0x0000000083500000, 0x0000000083600000, 0x0000000083600000|100%| O|  |TAMS 0x0000000083600000| PB 0x0000000083500000| Untracked 
|  54|0x0000000083600000, 0x0000000083700000, 0x0000000083700000|100%|HS|  |TAMS 0x0000000083700000| PB 0x0000000083600000| Complete 
|  55|0x0000000083700000, 0x0000000083800000, 0x0000000083800000|100%|HC|  |TAMS 0x0000000083800000| PB 0x0000000083700000| Complete 
|  56|0x0000000083800000, 0x0000000083900000, 0x0000000083900000|100%| O|  |TAMS 0x0000000083900000| PB 0x0000000083800000| Untracked 
|  57|0x0000000083900000, 0x0000000083a00000, 0x0000000083a00000|100%| O|  |TAMS 0x0000000083a00000| PB 0x0000000083900000| Untracked 
|  58|0x0000000083a00000, 0x0000000083b00000, 0x0000000083b00000|100%| O|  |TAMS 0x0000000083b00000| PB 0x0000000083a00000| Untracked 
|  59|0x0000000083b00000, 0x0000000083c00000, 0x0000000083c00000|100%| O|  |TAMS 0x0000000083c00000| PB 0x0000000083b00000| Untracked 
|  60|0x0000000083c00000, 0x0000000083d00000, 0x0000000083d00000|100%| O|  |TAMS 0x0000000083d00000| PB 0x0000000083c00000| Untracked 
|  61|0x0000000083d00000, 0x0000000083e00000, 0x0000000083e00000|100%| O|  |TAMS 0x0000000083e00000| PB 0x0000000083d00000| Untracked 
|  62|0x0000000083e00000, 0x0000000083f00000, 0x0000000083f00000|100%| O|  |TAMS 0x0000000083f00000| PB 0x0000000083e00000| Untracked 
|  63|0x0000000083f00000, 0x0000000084000000, 0x0000000084000000|100%| O|  |TAMS 0x0000000084000000| PB 0x0000000083f00000| Untracked 
|  64|0x0000000084000000, 0x0000000084100000, 0x0000000084100000|100%| O|  |TAMS 0x0000000084100000| PB 0x0000000084000000| Untracked 
|  65|0x0000000084100000, 0x0000000084200000, 0x0000000084200000|100%| O|  |TAMS 0x0000000084200000| PB 0x0000000084100000| Untracked 
|  66|0x0000000084200000, 0x0000000084300000, 0x0000000084300000|100%| O|  |TAMS 0x0000000084300000| PB 0x0000000084200000| Untracked 
|  67|0x0000000084300000, 0x0000000084400000, 0x0000000084400000|100%| O|  |TAMS 0x0000000084400000| PB 0x0000000084300000| Untracked 
|  68|0x0000000084400000, 0x0000000084500000, 0x0000000084500000|100%| O|  |TAMS 0x0000000084500000| PB 0x0000000084400000| Untracked 
|  69|0x0000000084500000, 0x0000000084600000, 0x0000000084600000|100%| O|  |TAMS 0x0000000084600000| PB 0x0000000084500000| Untracked 
|  70|0x0000000084600000, 0x0000000084700000, 0x0000000084700000|100%| O|  |TAMS 0x0000000084700000| PB 0x0000000084600000| Untracked 
|  71|0x0000000084700000, 0x0000000084800000, 0x0000000084800000|100%| O|  |TAMS 0x0000000084800000| PB 0x0000000084700000| Untracked 
|  72|0x0000000084800000, 0x0000000084900000, 0x0000000084900000|100%| O|  |TAMS 0x0000000084900000| PB 0x0000000084800000| Untracked 
|  73|0x0000000084900000, 0x0000000084900000, 0x0000000084a00000|  0%| F|  |TAMS 0x0000000084900000| PB 0x0000000084900000| Untracked 
|  74|0x0000000084a00000, 0x0000000084b00000, 0x0000000084b00000|100%| O|  |TAMS 0x0000000084b00000| PB 0x0000000084a00000| Untracked 
|  75|0x0000000084b00000, 0x0000000084c00000, 0x0000000084c00000|100%|HS|  |TAMS 0x0000000084c00000| PB 0x0000000084b00000| Complete 
|  76|0x0000000084c00000, 0x0000000084d00000, 0x0000000084d00000|100%|HS|  |TAMS 0x0000000084d00000| PB 0x0000000084c00000| Complete 
|  77|0x0000000084d00000, 0x0000000084e00000, 0x0000000084e00000|100%|HS|  |TAMS 0x0000000084e00000| PB 0x0000000084d00000| Complete 
|  78|0x0000000084e00000, 0x0000000084f00000, 0x0000000084f00000|100%|HC|  |TAMS 0x0000000084f00000| PB 0x0000000084e00000| Complete 
|  79|0x0000000084f00000, 0x0000000085000000, 0x0000000085000000|100%|HS|  |TAMS 0x0000000085000000| PB 0x0000000084f00000| Complete 
|  80|0x0000000085000000, 0x0000000085100000, 0x0000000085100000|100%|HC|  |TAMS 0x0000000085100000| PB 0x0000000085000000| Complete 
|  81|0x0000000085100000, 0x0000000085200000, 0x0000000085200000|100%|HS|  |TAMS 0x0000000085200000| PB 0x0000000085100000| Complete 
|  82|0x0000000085200000, 0x0000000085300000, 0x0000000085300000|100%|HS|  |TAMS 0x0000000085300000| PB 0x0000000085200000| Complete 
|  83|0x0000000085300000, 0x0000000085400000, 0x0000000085400000|100%|HS|  |TAMS 0x0000000085400000| PB 0x0000000085300000| Complete 
|  84|0x0000000085400000, 0x0000000085500000, 0x0000000085500000|100%|HC|  |TAMS 0x0000000085500000| PB 0x0000000085400000| Complete 
|  85|0x0000000085500000, 0x0000000085600000, 0x0000000085600000|100%|HC|  |TAMS 0x0000000085600000| PB 0x0000000085500000| Complete 
|  86|0x0000000085600000, 0x0000000085700000, 0x0000000085700000|100%|HC|  |TAMS 0x0000000085700000| PB 0x0000000085600000| Complete 
|  87|0x0000000085700000, 0x0000000085800000, 0x0000000085800000|100%|HS|  |TAMS 0x0000000085800000| PB 0x0000000085700000| Complete 
|  88|0x0000000085800000, 0x0000000085900000, 0x0000000085900000|100%| O|  |TAMS 0x0000000085900000| PB 0x0000000085800000| Untracked 
|  89|0x0000000085900000, 0x0000000085a00000, 0x0000000085a00000|100%|HS|  |TAMS 0x0000000085a00000| PB 0x0000000085900000| Complete 
|  90|0x0000000085a00000, 0x0000000085b00000, 0x0000000085b00000|100%| O|  |TAMS 0x0000000085b00000| PB 0x0000000085a00000| Untracked 
|  91|0x0000000085b00000, 0x0000000085c00000, 0x0000000085c00000|100%| O|  |TAMS 0x0000000085c00000| PB 0x0000000085b00000| Untracked 
|  92|0x0000000085c00000, 0x0000000085d00000, 0x0000000085d00000|100%| O|  |TAMS 0x0000000085d00000| PB 0x0000000085c00000| Untracked 
|  93|0x0000000085d00000, 0x0000000085e00000, 0x0000000085e00000|100%| O|  |TAMS 0x0000000085e00000| PB 0x0000000085d00000| Untracked 
|  94|0x0000000085e00000, 0x0000000085e00000, 0x0000000085f00000|  0%| F|  |TAMS 0x0000000085e00000| PB 0x0000000085e00000| Untracked 
|  95|0x0000000085f00000, 0x0000000086000000, 0x0000000086000000|100%| O|  |TAMS 0x0000000086000000| PB 0x0000000085f00000| Untracked 
|  96|0x0000000086000000, 0x0000000086100000, 0x0000000086100000|100%| O|  |TAMS 0x0000000086100000| PB 0x0000000086000000| Untracked 
|  97|0x0000000086100000, 0x0000000086200000, 0x0000000086200000|100%| O|  |TAMS 0x0000000086200000| PB 0x0000000086100000| Untracked 
|  98|0x0000000086200000, 0x0000000086300000, 0x0000000086300000|100%| O|  |TAMS 0x0000000086300000| PB 0x0000000086200000| Untracked 
|  99|0x0000000086300000, 0x0000000086400000, 0x0000000086400000|100%| O|  |TAMS 0x0000000086400000| PB 0x0000000086300000| Untracked 
| 100|0x0000000086400000, 0x0000000086500000, 0x0000000086500000|100%| O|  |TAMS 0x0000000086500000| PB 0x0000000086400000| Untracked 
| 101|0x0000000086500000, 0x0000000086600000, 0x0000000086600000|100%| O|  |TAMS 0x0000000086600000| PB 0x0000000086500000| Untracked 
| 102|0x0000000086600000, 0x0000000086700000, 0x0000000086700000|100%| O|  |TAMS 0x0000000086700000| PB 0x0000000086600000| Untracked 
| 103|0x0000000086700000, 0x0000000086800000, 0x0000000086800000|100%| O|  |TAMS 0x0000000086800000| PB 0x0000000086700000| Untracked 
| 104|0x0000000086800000, 0x0000000086900000, 0x0000000086900000|100%|HS|  |TAMS 0x0000000086900000| PB 0x0000000086800000| Complete 
| 105|0x0000000086900000, 0x0000000086a00000, 0x0000000086a00000|100%| O|  |TAMS 0x0000000086a00000| PB 0x0000000086900000| Untracked 
| 106|0x0000000086a00000, 0x0000000086b00000, 0x0000000086b00000|100%| O|  |TAMS 0x0000000086b00000| PB 0x0000000086a00000| Untracked 
| 107|0x0000000086b00000, 0x0000000086c00000, 0x0000000086c00000|100%|HS|  |TAMS 0x0000000086c00000| PB 0x0000000086b00000| Complete 
| 108|0x0000000086c00000, 0x0000000086d00000, 0x0000000086d00000|100%|HC|  |TAMS 0x0000000086d00000| PB 0x0000000086c00000| Complete 
| 109|0x0000000086d00000, 0x0000000086e00000, 0x0000000086e00000|100%|HC|  |TAMS 0x0000000086e00000| PB 0x0000000086d00000| Complete 
| 110|0x0000000086e00000, 0x0000000086f00000, 0x0000000086f00000|100%|HC|  |TAMS 0x0000000086f00000| PB 0x0000000086e00000| Complete 
| 111|0x0000000086f00000, 0x0000000087000000, 0x0000000087000000|100%| O|  |TAMS 0x0000000087000000| PB 0x0000000086f00000| Untracked 
| 112|0x0000000087000000, 0x0000000087100000, 0x0000000087100000|100%| O|  |TAMS 0x0000000087100000| PB 0x0000000087000000| Untracked 
| 113|0x0000000087100000, 0x0000000087200000, 0x0000000087200000|100%| O|  |TAMS 0x0000000087200000| PB 0x0000000087100000| Untracked 
| 114|0x0000000087200000, 0x0000000087300000, 0x0000000087300000|100%| O|  |TAMS 0x0000000087300000| PB 0x0000000087200000| Untracked 
| 115|0x0000000087300000, 0x0000000087400000, 0x0000000087400000|100%| O|  |TAMS 0x0000000087400000| PB 0x0000000087300000| Untracked 
| 116|0x0000000087400000, 0x0000000087500000, 0x0000000087500000|100%| O|  |TAMS 0x0000000087500000| PB 0x0000000087400000| Untracked 
| 117|0x0000000087500000, 0x0000000087600000, 0x0000000087600000|100%| O|  |TAMS 0x0000000087600000| PB 0x0000000087500000| Untracked 
| 118|0x0000000087600000, 0x000000008764dd60, 0x0000000087700000| 30%| O|  |TAMS 0x000000008764dd60| PB 0x0000000087600000| Untracked 
| 119|0x0000000087700000, 0x0000000087700000, 0x0000000087800000|  0%| F|  |TAMS 0x0000000087700000| PB 0x0000000087700000| Untracked 
| 120|0x0000000087800000, 0x0000000087800000, 0x0000000087900000|  0%| F|  |TAMS 0x0000000087800000| PB 0x0000000087800000| Untracked 
| 121|0x0000000087900000, 0x0000000087900000, 0x0000000087a00000|  0%| F|  |TAMS 0x0000000087900000| PB 0x0000000087900000| Untracked 
| 122|0x0000000087a00000, 0x0000000087a00000, 0x0000000087b00000|  0%| F|  |TAMS 0x0000000087a00000| PB 0x0000000087a00000| Untracked 
| 123|0x0000000087b00000, 0x0000000087b00000, 0x0000000087c00000|  0%| F|  |TAMS 0x0000000087b00000| PB 0x0000000087b00000| Untracked 
| 124|0x0000000087c00000, 0x0000000087c00000, 0x0000000087d00000|  0%| F|  |TAMS 0x0000000087c00000| PB 0x0000000087c00000| Untracked 
| 125|0x0000000087d00000, 0x0000000087d00000, 0x0000000087e00000|  0%| F|  |TAMS 0x0000000087d00000| PB 0x0000000087d00000| Untracked 
| 126|0x0000000087e00000, 0x0000000087e00000, 0x0000000087f00000|  0%| F|  |TAMS 0x0000000087e00000| PB 0x0000000087e00000| Untracked 
| 127|0x0000000087f00000, 0x0000000087f00000, 0x0000000088000000|  0%| F|  |TAMS 0x0000000087f00000| PB 0x0000000087f00000| Untracked 
| 128|0x0000000088000000, 0x0000000088000000, 0x0000000088100000|  0%| F|  |TAMS 0x0000000088000000| PB 0x0000000088000000| Untracked 
| 129|0x0000000088100000, 0x0000000088100000, 0x0000000088200000|  0%| F|  |TAMS 0x0000000088100000| PB 0x0000000088100000| Untracked 
| 130|0x0000000088200000, 0x0000000088200000, 0x0000000088300000|  0%| F|  |TAMS 0x0000000088200000| PB 0x0000000088200000| Untracked 
| 131|0x0000000088300000, 0x0000000088300000, 0x0000000088400000|  0%| F|  |TAMS 0x0000000088300000| PB 0x0000000088300000| Untracked 
| 132|0x0000000088400000, 0x0000000088400000, 0x0000000088500000|  0%| F|  |TAMS 0x0000000088400000| PB 0x0000000088400000| Untracked 
| 133|0x0000000088500000, 0x0000000088500000, 0x0000000088600000|  0%| F|  |TAMS 0x0000000088500000| PB 0x0000000088500000| Untracked 
| 134|0x0000000088600000, 0x0000000088600000, 0x0000000088700000|  0%| F|  |TAMS 0x0000000088600000| PB 0x0000000088600000| Untracked 
| 135|0x0000000088700000, 0x0000000088700000, 0x0000000088800000|  0%| F|  |TAMS 0x0000000088700000| PB 0x0000000088700000| Untracked 
| 136|0x0000000088800000, 0x0000000088800000, 0x0000000088900000|  0%| F|  |TAMS 0x0000000088800000| PB 0x0000000088800000| Untracked 
| 137|0x0000000088900000, 0x0000000088900000, 0x0000000088a00000|  0%| F|  |TAMS 0x0000000088900000| PB 0x0000000088900000| Untracked 
| 138|0x0000000088a00000, 0x0000000088a00000, 0x0000000088b00000|  0%| F|  |TAMS 0x0000000088a00000| PB 0x0000000088a00000| Untracked 
| 139|0x0000000088b00000, 0x0000000088b00000, 0x0000000088c00000|  0%| F|  |TAMS 0x0000000088b00000| PB 0x0000000088b00000| Untracked 
| 140|0x0000000088c00000, 0x0000000088c00000, 0x0000000088d00000|  0%| F|  |TAMS 0x0000000088c00000| PB 0x0000000088c00000| Untracked 
| 141|0x0000000088d00000, 0x0000000088d00000, 0x0000000088e00000|  0%| F|  |TAMS 0x0000000088d00000| PB 0x0000000088d00000| Untracked 
| 142|0x0000000088e00000, 0x0000000088e00000, 0x0000000088f00000|  0%| F|  |TAMS 0x0000000088e00000| PB 0x0000000088e00000| Untracked 
| 143|0x0000000088f00000, 0x0000000088f00000, 0x0000000089000000|  0%| F|  |TAMS 0x0000000088f00000| PB 0x0000000088f00000| Untracked 
| 144|0x0000000089000000, 0x0000000089000000, 0x0000000089100000|  0%| F|  |TAMS 0x0000000089000000| PB 0x0000000089000000| Untracked 
| 145|0x0000000089100000, 0x0000000089100000, 0x0000000089200000|  0%| F|  |TAMS 0x0000000089100000| PB 0x0000000089100000| Untracked 
| 146|0x0000000089200000, 0x0000000089200000, 0x0000000089300000|  0%| F|  |TAMS 0x0000000089200000| PB 0x0000000089200000| Untracked 
| 147|0x0000000089300000, 0x0000000089300000, 0x0000000089400000|  0%| F|  |TAMS 0x0000000089300000| PB 0x0000000089300000| Untracked 
| 148|0x0000000089400000, 0x0000000089400000, 0x0000000089500000|  0%| F|  |TAMS 0x0000000089400000| PB 0x0000000089400000| Untracked 
| 149|0x0000000089500000, 0x0000000089500000, 0x0000000089600000|  0%| F|  |TAMS 0x0000000089500000| PB 0x0000000089500000| Untracked 
| 150|0x0000000089600000, 0x0000000089600000, 0x0000000089700000|  0%| F|  |TAMS 0x0000000089600000| PB 0x0000000089600000| Untracked 
| 151|0x0000000089700000, 0x0000000089700000, 0x0000000089800000|  0%| F|  |TAMS 0x0000000089700000| PB 0x0000000089700000| Untracked 
| 152|0x0000000089800000, 0x0000000089800000, 0x0000000089900000|  0%| F|  |TAMS 0x0000000089800000| PB 0x0000000089800000| Untracked 
| 153|0x0000000089900000, 0x0000000089900000, 0x0000000089a00000|  0%| F|  |TAMS 0x0000000089900000| PB 0x0000000089900000| Untracked 
| 154|0x0000000089a00000, 0x0000000089a00000, 0x0000000089b00000|  0%| F|  |TAMS 0x0000000089a00000| PB 0x0000000089a00000| Untracked 
| 155|0x0000000089b00000, 0x0000000089b00000, 0x0000000089c00000|  0%| F|  |TAMS 0x0000000089b00000| PB 0x0000000089b00000| Untracked 
| 156|0x0000000089c00000, 0x0000000089c00000, 0x0000000089d00000|  0%| F|  |TAMS 0x0000000089c00000| PB 0x0000000089c00000| Untracked 
| 157|0x0000000089d00000, 0x0000000089d00000, 0x0000000089e00000|  0%| F|  |TAMS 0x0000000089d00000| PB 0x0000000089d00000| Untracked 
| 158|0x0000000089e00000, 0x0000000089e00000, 0x0000000089f00000|  0%| F|  |TAMS 0x0000000089e00000| PB 0x0000000089e00000| Untracked 
| 159|0x0000000089f00000, 0x0000000089f00000, 0x000000008a000000|  0%| F|  |TAMS 0x0000000089f00000| PB 0x0000000089f00000| Untracked 
| 160|0x000000008a000000, 0x000000008a000000, 0x000000008a100000|  0%| F|  |TAMS 0x000000008a000000| PB 0x000000008a000000| Untracked 
| 161|0x000000008a100000, 0x000000008a100000, 0x000000008a200000|  0%| F|  |TAMS 0x000000008a100000| PB 0x000000008a100000| Untracked 
| 162|0x000000008a200000, 0x000000008a200000, 0x000000008a300000|  0%| F|  |TAMS 0x000000008a200000| PB 0x000000008a200000| Untracked 
| 163|0x000000008a300000, 0x000000008a300000, 0x000000008a400000|  0%| F|  |TAMS 0x000000008a300000| PB 0x000000008a300000| Untracked 
| 164|0x000000008a400000, 0x000000008a400000, 0x000000008a500000|  0%| F|  |TAMS 0x000000008a400000| PB 0x000000008a400000| Untracked 
| 165|0x000000008a500000, 0x000000008a500000, 0x000000008a600000|  0%| F|  |TAMS 0x000000008a500000| PB 0x000000008a500000| Untracked 
| 166|0x000000008a600000, 0x000000008a600000, 0x000000008a700000|  0%| F|  |TAMS 0x000000008a600000| PB 0x000000008a600000| Untracked 
| 167|0x000000008a700000, 0x000000008a700000, 0x000000008a800000|  0%| F|  |TAMS 0x000000008a700000| PB 0x000000008a700000| Untracked 
| 168|0x000000008a800000, 0x000000008a800000, 0x000000008a900000|  0%| F|  |TAMS 0x000000008a800000| PB 0x000000008a800000| Untracked 
| 169|0x000000008a900000, 0x000000008a900000, 0x000000008aa00000|  0%| F|  |TAMS 0x000000008a900000| PB 0x000000008a900000| Untracked 
| 170|0x000000008aa00000, 0x000000008aa00000, 0x000000008ab00000|  0%| F|  |TAMS 0x000000008aa00000| PB 0x000000008aa00000| Untracked 
| 171|0x000000008ab00000, 0x000000008ab00000, 0x000000008ac00000|  0%| F|  |TAMS 0x000000008ab00000| PB 0x000000008ab00000| Untracked 
| 172|0x000000008ac00000, 0x000000008ac00000, 0x000000008ad00000|  0%| F|  |TAMS 0x000000008ac00000| PB 0x000000008ac00000| Untracked 
| 173|0x000000008ad00000, 0x000000008ad00000, 0x000000008ae00000|  0%| F|  |TAMS 0x000000008ad00000| PB 0x000000008ad00000| Untracked 
| 174|0x000000008ae00000, 0x000000008ae00000, 0x000000008af00000|  0%| F|  |TAMS 0x000000008ae00000| PB 0x000000008ae00000| Untracked 
| 175|0x000000008af00000, 0x000000008affda70, 0x000000008b000000| 99%| S|CS|TAMS 0x000000008af00000| PB 0x000000008af00000| Complete 
| 176|0x000000008b000000, 0x000000008b100000, 0x000000008b100000|100%| S|CS|TAMS 0x000000008b000000| PB 0x000000008b000000| Complete 
| 177|0x000000008b100000, 0x000000008b200000, 0x000000008b200000|100%| S|CS|TAMS 0x000000008b100000| PB 0x000000008b100000| Complete 
| 178|0x000000008b200000, 0x000000008b300000, 0x000000008b300000|100%| S|CS|TAMS 0x000000008b200000| PB 0x000000008b200000| Complete 
| 179|0x000000008b300000, 0x000000008b400000, 0x000000008b400000|100%| S|CS|TAMS 0x000000008b300000| PB 0x000000008b300000| Complete 
| 219|0x000000008db00000, 0x000000008db00000, 0x000000008dc00000|  0%| F|  |TAMS 0x000000008db00000| PB 0x000000008db00000| Untracked 
| 220|0x000000008dc00000, 0x000000008dc00000, 0x000000008dd00000|  0%| F|  |TAMS 0x000000008dc00000| PB 0x000000008dc00000| Untracked 
| 221|0x000000008dd00000, 0x000000008dd00000, 0x000000008de00000|  0%| F|  |TAMS 0x000000008dd00000| PB 0x000000008dd00000| Untracked 
| 222|0x000000008de00000, 0x000000008de00000, 0x000000008df00000|  0%| F|  |TAMS 0x000000008de00000| PB 0x000000008de00000| Untracked 
| 223|0x000000008df00000, 0x000000008df00000, 0x000000008e000000|  0%| F|  |TAMS 0x000000008df00000| PB 0x000000008df00000| Untracked 
| 224|0x000000008e000000, 0x000000008e000000, 0x000000008e100000|  0%| F|  |TAMS 0x000000008e000000| PB 0x000000008e000000| Untracked 
| 225|0x000000008e100000, 0x000000008e100000, 0x000000008e200000|  0%| F|  |TAMS 0x000000008e100000| PB 0x000000008e100000| Untracked 
| 226|0x000000008e200000, 0x000000008e200000, 0x000000008e300000|  0%| F|  |TAMS 0x000000008e200000| PB 0x000000008e200000| Untracked 
| 227|0x000000008e300000, 0x000000008e300000, 0x000000008e400000|  0%| F|  |TAMS 0x000000008e300000| PB 0x000000008e300000| Untracked 
| 228|0x000000008e400000, 0x000000008e400000, 0x000000008e500000|  0%| F|  |TAMS 0x000000008e400000| PB 0x000000008e400000| Untracked 
| 229|0x000000008e500000, 0x000000008e500000, 0x000000008e600000|  0%| F|  |TAMS 0x000000008e500000| PB 0x000000008e500000| Untracked 
| 255|0x000000008ff00000, 0x000000008ff00000, 0x0000000090000000|  0%| F|  |TAMS 0x000000008ff00000| PB 0x000000008ff00000| Untracked 
|2045|0x00000000ffd00000, 0x00000000ffe00000, 0x00000000ffe00000|100%| O|  |TAMS 0x00000000ffe00000| PB 0x00000000ffd00000| Untracked 
|2046|0x00000000ffe00000, 0x00000000fff00000, 0x00000000fff00000|100%| O|  |TAMS 0x00000000fff00000| PB 0x00000000ffe00000| Untracked 
|2047|0x00000000fff00000, 0x0000000100000000, 0x0000000100000000|100%| O|  |TAMS 0x0000000100000000| PB 0x00000000fff00000| Untracked 

Card table byte_map: [0x000001661ce60000,0x000001661d260000] _byte_map_base: 0x000001661ca60000

Marking Bits: (CMBitMap*) 0x000001660a611590
 Bits: [0x000001661d260000, 0x000001661f260000)

Polling page: 0x00000166083e0000

Metaspace:

Usage:
  Non-class:     81.23 MB used.
      Class:     12.98 MB used.
       Both:     94.22 MB used.

Virtual space:
  Non-class space:      128.00 MB reserved,      82.19 MB ( 64%) committed,  2 nodes.
      Class space:        1.00 GB reserved,      13.94 MB (  1%) committed,  1 nodes.
             Both:        1.12 GB reserved,      96.12 MB (  8%) committed. 

Chunk freelists:
   Non-Class:  13.12 MB
       Class:  2.02 MB
        Both:  15.14 MB

MaxMetaspaceSize: unlimited
CompressedClassSpaceSize: 1.00 GB
Initial GC threshold: 21.00 MB
Current GC threshold: 142.31 MB
CDS: off
 - commit_granule_bytes: 65536.
 - commit_granule_words: 8192.
 - virtual_space_node_default_size: 8388608.
 - enlarge_chunks_in_place: 1.
 - use_allocation_guard: 0.


Internal statistics:

num_allocs_failed_limit: 6.
num_arena_births: 3706.
num_arena_deaths: 0.
num_vsnodes_births: 3.
num_vsnodes_deaths: 0.
num_space_committed: 1538.
num_space_uncommitted: 0.
num_chunks_returned_to_freelist: 6.
num_chunks_taken_from_freelist: 7591.
num_chunk_merges: 6.
num_chunk_splits: 5037.
num_chunks_enlarged: 3216.
num_inconsistent_stats: 0.

CodeHeap 'non-profiled nmethods': size=120000Kb used=5789Kb max_used=5789Kb free=114210Kb
 bounds [0x00000166151f0000, 0x00000166157a0000, 0x000001661c720000]
CodeHeap 'profiled nmethods': size=120000Kb used=16029Kb max_used=16029Kb free=103970Kb
 bounds [0x000001660d720000, 0x000001660e6d0000, 0x0000016614c50000]
CodeHeap 'non-nmethods': size=5760Kb used=2661Kb max_used=2741Kb free=3098Kb
 bounds [0x0000016614c50000, 0x0000016614f10000, 0x00000166151f0000]
CodeCache: size=245760Kb, used=24479Kb, max_used=24559Kb, free=221278Kb
 total_blobs=9727, nmethods=8782, adapters=849, full_count=0
Compilation: enabled, stopped_count=0, restarted_count=0

Compilation events (20 events):
Event: 9.018 Thread 0x00000166260f8690 nmethod 10210 0x000001660e6c0690 code [0x000001660e6c0820, 0x000001660e6c0980]
Event: 9.018 Thread 0x00000166260f8690 10211       3       org.gradle.api.internal.file.CompositeFileCollection$$Lambda/0x0000000100825b88::accept (12 bytes)
Event: 9.018 Thread 0x00000166260f8690 nmethod 10211 0x000001660e6c0a10 code [0x000001660e6c0c00, 0x000001660e6c1148]
Event: 9.018 Thread 0x00000166260f8690 10215   !   3       org.gradle.api.internal.file.FileOrUriNotationConverter::convert (329 bytes)
Event: 9.020 Thread 0x00000166260f8690 nmethod 10215 0x000001660e6c1310 code [0x000001660e6c1880, 0x000001660e6c4580]
Event: 9.020 Thread 0x00000166260f8690 10213       3       org.gradle.api.internal.provider.AbstractProperty::<init> (13 bytes)
Event: 9.020 Thread 0x00000166260f8690 nmethod 10213 0x000001660e6c5310 code [0x000001660e6c54e0, 0x000001660e6c5928]
Event: 9.020 Thread 0x00000166260f8690 10214       3       org.gradle.api.internal.provider.AbstractProperty::init (14 bytes)
Event: 9.020 Thread 0x00000166260f8690 nmethod 10214 0x000001660e6c5b10 code [0x000001660e6c5cc0, 0x000001660e6c5ef0]
Event: 9.020 Thread 0x00000166260f8690 10212       3       org.gradle.api.internal.file.CompositeFileCollection::lambda$visitContents$0 (8 bytes)
Event: 9.020 Thread 0x00000166260f8690 nmethod 10212 0x000001660e6c6010 code [0x000001660e6c61e0, 0x000001660e6c65b0]
Event: 9.021 Thread 0x00000166260f7bf0 nmethod 10191 0x0000016615790290 code [0x00000166157905c0, 0x00000166157921e0]
Event: 9.021 Thread 0x00000166260f7bf0 10216       4       java.util.regex.Pattern$$Lambda/0x00000001000a9cf0::is (13 bytes)
Event: 9.022 Thread 0x00000166260f7bf0 nmethod 10216 0x0000016615793210 code [0x00000166157933c0, 0x0000016615793578]
Event: 9.023 Thread 0x00000166260f7bf0 10217       4       sun.net.www.protocol.jar.Handler::parseURL (173 bytes)
Event: 9.033 Thread 0x000001662642d2e0 nmethod 10207 0x0000016615793710 code [0x00000166157939c0, 0x0000016615794d38]
Event: 9.039 Thread 0x0000016626dae0e0 nmethod 10199% 0x0000016615795790 code [0x00000166157959c0, 0x0000016615796d30]
Event: 9.043 Thread 0x00000166260f8690 10218       3       sun.nio.cs.StreamDecoder::lockedRead (189 bytes)
Event: 9.043 Thread 0x00000166260f8690 nmethod 10218 0x000001660e6c6710 code [0x000001660e6c6980, 0x000001660e6c73c8]
Event: 9.043 Thread 0x00000166260f8690 10219       3       sun.nio.cs.StreamDecoder::implRead (232 bytes)

GC Heap History (20 events):
Event: 6.086 GC heap after
{Heap after GC invocations=24 (full 0):
 garbage-first heap   total 132096K, used 82709K [0x0000000080000000, 0x0000000100000000)
  region size 1024K, 4 young (4096K), 4 survivors (4096K)
 Metaspace       used 67169K, committed 68864K, reserved 1114112K
  class space    used 9420K, committed 10240K, reserved 1048576K
}
Event: 6.329 GC heap before
{Heap before GC invocations=25 (full 0):
 garbage-first heap   total 153600K, used 131861K [0x0000000080000000, 0x0000000100000000)
  region size 1024K, 38 young (38912K), 4 survivors (4096K)
 Metaspace       used 68866K, committed 70592K, reserved 1114112K
  class space    used 9657K, committed 10496K, reserved 1048576K
}
Event: 6.332 GC heap after
{Heap after GC invocations=26 (full 0):
 garbage-first heap   total 153600K, used 105924K [0x0000000080000000, 0x0000000100000000)
  region size 1024K, 5 young (5120K), 5 survivors (5120K)
 Metaspace       used 68866K, committed 70592K, reserved 1114112K
  class space    used 9657K, committed 10496K, reserved 1048576K
}
Event: 6.540 GC heap before
{Heap before GC invocations=26 (full 0):
 garbage-first heap   total 153600K, used 136644K [0x0000000080000000, 0x0000000100000000)
  region size 1024K, 36 young (36864K), 5 survivors (5120K)
 Metaspace       used 71472K, committed 73216K, reserved 1114112K
  class space    used 9966K, committed 10816K, reserved 1048576K
}
Event: 6.542 GC heap after
{Heap after GC invocations=27 (full 0):
 garbage-first heap   total 153600K, used 105928K [0x0000000080000000, 0x0000000100000000)
  region size 1024K, 1 young (1024K), 1 survivors (1024K)
 Metaspace       used 71472K, committed 73216K, reserved 1114112K
  class space    used 9966K, committed 10816K, reserved 1048576K
}
Event: 6.762 GC heap before
{Heap before GC invocations=27 (full 0):
 garbage-first heap   total 153600K, used 138696K [0x0000000080000000, 0x0000000100000000)
  region size 1024K, 33 young (33792K), 1 survivors (1024K)
 Metaspace       used 75011K, committed 76736K, reserved 1179648K
  class space    used 10305K, committed 11136K, reserved 1048576K
}
Event: 6.764 GC heap after
{Heap after GC invocations=28 (full 0):
 garbage-first heap   total 153600K, used 106620K [0x0000000080000000, 0x0000000100000000)
  region size 1024K, 2 young (2048K), 2 survivors (2048K)
 Metaspace       used 75011K, committed 76736K, reserved 1179648K
  class space    used 10305K, committed 11136K, reserved 1048576K
}
Event: 7.118 GC heap before
{Heap before GC invocations=29 (full 0):
 garbage-first heap   total 179200K, used 141436K [0x0000000080000000, 0x0000000100000000)
  region size 1024K, 35 young (35840K), 2 survivors (2048K)
 Metaspace       used 78830K, committed 80640K, reserved 1179648K
  class space    used 10891K, committed 11776K, reserved 1048576K
}
Event: 7.121 GC heap after
{Heap after GC invocations=30 (full 0):
 garbage-first heap   total 179200K, used 109768K [0x0000000080000000, 0x0000000100000000)
  region size 1024K, 4 young (4096K), 4 survivors (4096K)
 Metaspace       used 78830K, committed 80640K, reserved 1179648K
  class space    used 10891K, committed 11776K, reserved 1048576K
}
Event: 7.482 GC heap before
{Heap before GC invocations=30 (full 0):
 garbage-first heap   total 179200K, used 161992K [0x0000000080000000, 0x0000000100000000)
  region size 1024K, 51 young (52224K), 4 survivors (4096K)
 Metaspace       used 81505K, committed 83328K, reserved 1179648K
  class space    used 11258K, committed 12160K, reserved 1048576K
}
Event: 7.487 GC heap after
{Heap after GC invocations=31 (full 0):
 garbage-first heap   total 179200K, used 112042K [0x0000000080000000, 0x0000000100000000)
  region size 1024K, 7 young (7168K), 7 survivors (7168K)
 Metaspace       used 81505K, committed 83328K, reserved 1179648K
  class space    used 11258K, committed 12160K, reserved 1048576K
}
Event: 7.831 GC heap before
{Heap before GC invocations=31 (full 0):
 garbage-first heap   total 179200K, used 148906K [0x0000000080000000, 0x0000000100000000)
  region size 1024K, 44 young (45056K), 7 survivors (7168K)
 Metaspace       used 85272K, committed 87104K, reserved 1179648K
  class space    used 11753K, committed 12672K, reserved 1048576K
}
Event: 7.836 GC heap after
{Heap after GC invocations=32 (full 0):
 garbage-first heap   total 179200K, used 114915K [0x0000000080000000, 0x0000000100000000)
  region size 1024K, 3 young (3072K), 3 survivors (3072K)
 Metaspace       used 85272K, committed 87104K, reserved 1179648K
  class space    used 11753K, committed 12672K, reserved 1048576K
}
Event: 8.265 GC heap before
{Heap before GC invocations=33 (full 0):
 garbage-first heap   total 199680K, used 167139K [0x0000000080000000, 0x0000000100000000)
  region size 1024K, 50 young (51200K), 3 survivors (3072K)
 Metaspace       used 90302K, committed 92160K, reserved 1179648K
  class space    used 12457K, committed 13376K, reserved 1048576K
}
Event: 8.268 GC heap after
{Heap after GC invocations=34 (full 0):
 garbage-first heap   total 199680K, used 121434K [0x0000000080000000, 0x0000000100000000)
  region size 1024K, 5 young (5120K), 5 survivors (5120K)
 Metaspace       used 90302K, committed 92160K, reserved 1179648K
  class space    used 12457K, committed 13376K, reserved 1048576K
}
Event: 8.632 GC heap before
{Heap before GC invocations=34 (full 0):
 garbage-first heap   total 199680K, used 177754K [0x0000000080000000, 0x0000000100000000)
  region size 1024K, 61 young (62464K), 5 survivors (5120K)
 Metaspace       used 92768K, committed 94720K, reserved 1179648K
  class space    used 12793K, committed 13760K, reserved 1048576K
}
Event: 8.637 GC heap after
{Heap after GC invocations=35 (full 0):
 garbage-first heap   total 199680K, used 126022K [0x0000000080000000, 0x0000000100000000)
  region size 1024K, 8 young (8192K), 8 survivors (8192K)
 Metaspace       used 92768K, committed 94720K, reserved 1179648K
  class space    used 12793K, committed 13760K, reserved 1048576K
}
Event: 8.957 GC heap before
{Heap before GC invocations=35 (full 0):
 garbage-first heap   total 199680K, used 181318K [0x0000000080000000, 0x0000000100000000)
  region size 1024K, 62 young (63488K), 8 survivors (8192K)
 Metaspace       used 95619K, committed 97600K, reserved 1179648K
  class space    used 13181K, committed 14144K, reserved 1048576K
}
Event: 8.962 GC heap after
{Heap after GC invocations=36 (full 0):
 garbage-first heap   total 199680K, used 126988K [0x0000000080000000, 0x0000000100000000)
  region size 1024K, 5 young (5120K), 5 survivors (5120K)
 Metaspace       used 95619K, committed 97600K, reserved 1179648K
  class space    used 13181K, committed 14144K, reserved 1048576K
}
Event: 9.044 GC heap before
{Heap before GC invocations=36 (full 0):
 garbage-first heap   total 199680K, used 138252K [0x0000000080000000, 0x0000000100000000)
  region size 1024K, 17 young (17408K), 5 survivors (5120K)
 Metaspace       used 96478K, committed 98432K, reserved 1179648K
  class space    used 13294K, committed 14272K, reserved 1048576K
}

Dll operation events (3 events):
Event: 0.007 Loaded shared library C:\Program Files\Android\Android Studio\jbr\bin\java.dll
Event: 0.012 Loaded shared library C:\Program Files\Android\Android Studio\jbr\bin\zip.dll
Event: 0.428 Loaded shared library C:\Program Files\Android\Android Studio\jbr\bin\verify.dll

Deoptimization events (20 events):
Event: 8.247 Thread 0x000001662867a9c0 DEOPT PACKING pc=0x00000166157000e4 sp=0x00000058f4ef5c60
Event: 8.247 Thread 0x000001662867a9c0 DEOPT UNPACKING pc=0x0000016614ca43a2 sp=0x00000058f4ef5b48 mode 2
Event: 8.249 Thread 0x000001662867a9c0 Uncommon trap: trap_request=0xffffffde fr.pc=0x00000166157000e4 relative=0x00000000000004e4
Event: 8.249 Thread 0x000001662867a9c0 Uncommon trap: reason=class_check action=maybe_recompile pc=0x00000166157000e4 method=kotlin.reflect.jvm.internal.impl.protobuf.CodedInputStream.tryRefillBuffer(I)Z @ 175 c2
Event: 8.249 Thread 0x000001662867a9c0 DEOPT PACKING pc=0x00000166157000e4 sp=0x00000058f4ef5c60
Event: 8.249 Thread 0x000001662867a9c0 DEOPT UNPACKING pc=0x0000016614ca43a2 sp=0x00000058f4ef5b48 mode 2
Event: 8.319 Thread 0x000001662867a9c0 Uncommon trap: trap_request=0xffffff45 fr.pc=0x0000016615385470 relative=0x0000000000000850
Event: 8.319 Thread 0x000001662867a9c0 Uncommon trap: reason=unstable_if action=reinterpret pc=0x0000016615385470 method=java.util.regex.Pattern.escape(ZZZ)I @ 8 c2
Event: 8.319 Thread 0x000001662867a9c0 DEOPT PACKING pc=0x0000016615385470 sp=0x00000058f4ef5760
Event: 8.319 Thread 0x000001662867a9c0 DEOPT UNPACKING pc=0x0000016614ca43a2 sp=0x00000058f4ef56f8 mode 2
Event: 8.399 Thread 0x000001662867a9c0 Uncommon trap: trap_request=0xffffffde fr.pc=0x0000016615700814 relative=0x0000000000000074
Event: 8.399 Thread 0x000001662867a9c0 Uncommon trap: reason=class_check action=maybe_recompile pc=0x0000016615700814 method=java.util.Collections$UnmodifiableCollection.size()I @ 4 c2
Event: 8.399 Thread 0x000001662867a9c0 DEOPT PACKING pc=0x0000016615700814 sp=0x00000058f4ef4bf0
Event: 8.399 Thread 0x000001662867a9c0 DEOPT UNPACKING pc=0x0000016614ca43a2 sp=0x00000058f4ef4b78 mode 2
Event: 8.571 Thread 0x000001662867a9c0 Uncommon trap: trap_request=0xffffff45 fr.pc=0x00000166156320dc relative=0x000000000000027c
Event: 8.571 Thread 0x000001662867a9c0 Uncommon trap: reason=unstable_if action=reinterpret pc=0x00000166156320dc method=com.google.common.collect.MapMakerInternalMap$Segment.getEntry(Ljava/lang/Object;I)Lcom/google/common/collect/MapMakerInternalMap$InternalEntry; @ 40 c2
Event: 8.571 Thread 0x000001662867a9c0 DEOPT PACKING pc=0x00000166156320dc sp=0x00000058f4ef6230
Event: 8.571 Thread 0x000001662867a9c0 DEOPT UNPACKING pc=0x0000016614ca43a2 sp=0x00000058f4ef61c8 mode 2
Event: 8.885 Thread 0x000001662867a9c0 DEOPT PACKING pc=0x000001660d84d868 sp=0x00000058f4ef7000
Event: 8.885 Thread 0x000001662867a9c0 DEOPT UNPACKING pc=0x0000016614ca4b42 sp=0x00000058f4ef6520 mode 0

Classes loaded (20 events):
Event: 7.778 Loading class jdk/jfr/FlightRecorderListener done
Event: 7.778 Loading class jdk/management/jfr/FlightRecorderMXBeanImpl$MXBeanListener done
Event: 7.778 Loading class jdk/jfr/FlightRecorder
Event: 7.778 Loading class jdk/jfr/FlightRecorder done
Event: 7.782 Loading class java/time/format/DateTimeFormatterBuilder$WeekBasedFieldPrinterParser
Event: 7.782 Loading class java/time/format/DateTimeFormatterBuilder$WeekBasedFieldPrinterParser done
Event: 7.795 Loading class com/sun/jmx/mbeanserver/StandardMBeanSupport
Event: 7.795 Loading class com/sun/jmx/mbeanserver/StandardMBeanSupport done
Event: 7.795 Loading class com/sun/jmx/mbeanserver/StandardMBeanIntrospector
Event: 7.795 Loading class com/sun/jmx/mbeanserver/StandardMBeanIntrospector done
Event: 7.920 Loading class sun/reflect/misc/MethodUtil
Event: 7.920 Loading class sun/reflect/misc/MethodUtil done
Event: 7.920 Loading class sun/reflect/misc/MethodUtil$1
Event: 7.920 Loading class sun/reflect/misc/MethodUtil$1 done
Event: 8.226 Loading class java/util/ArrayList$SubList$1
Event: 8.226 Loading class java/util/ArrayList$SubList$1 done
Event: 8.240 Loading class java/lang/Override
Event: 8.240 Loading class java/lang/Override done
Event: 8.399 Loading class java/lang/StackTraceElement$HashedModules
Event: 8.399 Loading class java/lang/StackTraceElement$HashedModules done

Classes unloaded (0 events):
No events

Classes redefined (0 events):
No events

Internal exceptions (20 events):
Event: 9.030 Thread 0x000001662867a9c0 Exception <a 'sun/nio/fs/WindowsException'{0x000000008dda3d18}> (0x000000008dda3d18) 
thrown [s\src\hotspot\share\prims\jni.cpp, line 537]
Event: 9.031 Thread 0x000001662867a9c0 Exception <a 'sun/nio/fs/WindowsException'{0x000000008ddbcc40}> (0x000000008ddbcc40) 
thrown [s\src\hotspot\share\prims\jni.cpp, line 537]
Event: 9.031 Thread 0x000001662867a9c0 Exception <a 'sun/nio/fs/WindowsException'{0x000000008ddce278}> (0x000000008ddce278) 
thrown [s\src\hotspot\share\prims\jni.cpp, line 537]
Event: 9.032 Thread 0x000001662867a9c0 Exception <a 'sun/nio/fs/WindowsException'{0x000000008dde2d88}> (0x000000008dde2d88) 
thrown [s\src\hotspot\share\prims\jni.cpp, line 537]
Event: 9.032 Thread 0x000001662867a9c0 Exception <a 'sun/nio/fs/WindowsException'{0x000000008ddf4748}> (0x000000008ddf4748) 
thrown [s\src\hotspot\share\prims\jni.cpp, line 537]
Event: 9.033 Thread 0x000001662867a9c0 Exception <a 'sun/nio/fs/WindowsException'{0x000000008dc1b268}> (0x000000008dc1b268) 
thrown [s\src\hotspot\share\prims\jni.cpp, line 537]
Event: 9.033 Thread 0x000001662867a9c0 Exception <a 'sun/nio/fs/WindowsException'{0x000000008dc2df28}> (0x000000008dc2df28) 
thrown [s\src\hotspot\share\prims\jni.cpp, line 537]
Event: 9.034 Thread 0x000001662867a9c0 Exception <a 'sun/nio/fs/WindowsException'{0x000000008dc43d28}> (0x000000008dc43d28) 
thrown [s\src\hotspot\share\prims\jni.cpp, line 537]
Event: 9.034 Thread 0x000001662867a9c0 Exception <a 'sun/nio/fs/WindowsException'{0x000000008dc56240}> (0x000000008dc56240) 
thrown [s\src\hotspot\share\prims\jni.cpp, line 537]
Event: 9.035 Thread 0x000001662867a9c0 Exception <a 'sun/nio/fs/WindowsException'{0x000000008dc68b80}> (0x000000008dc68b80) 
thrown [s\src\hotspot\share\prims\jni.cpp, line 537]
Event: 9.036 Thread 0x000001662867a9c0 Exception <a 'sun/nio/fs/WindowsException'{0x000000008dc742c8}> (0x000000008dc742c8) 
thrown [s\src\hotspot\share\prims\jni.cpp, line 537]
Event: 9.036 Thread 0x000001662867a9c0 Exception <a 'sun/nio/fs/WindowsException'{0x000000008dc8c488}> (0x000000008dc8c488) 
thrown [s\src\hotspot\share\prims\jni.cpp, line 537]
Event: 9.038 Thread 0x000001662867a9c0 Exception <a 'sun/nio/fs/WindowsException'{0x000000008dcd66e8}> (0x000000008dcd66e8) 
thrown [s\src\hotspot\share\prims\jni.cpp, line 537]
Event: 9.038 Thread 0x000001662867a9c0 Exception <a 'sun/nio/fs/WindowsException'{0x000000008dce1da0}> (0x000000008dce1da0) 
thrown [s\src\hotspot\share\prims\jni.cpp, line 537]
Event: 9.039 Thread 0x000001662867a9c0 Exception <a 'sun/nio/fs/WindowsException'{0x000000008db046b8}> (0x000000008db046b8) 
thrown [s\src\hotspot\share\prims\jni.cpp, line 537]
Event: 9.040 Thread 0x000001662867a9c0 Exception <a 'sun/nio/fs/WindowsException'{0x000000008db21ca8}> (0x000000008db21ca8) 
thrown [s\src\hotspot\share\prims\jni.cpp, line 537]
Event: 9.041 Thread 0x000001662867a9c0 Exception <a 'sun/nio/fs/WindowsException'{0x000000008db33c60}> (0x000000008db33c60) 
thrown [s\src\hotspot\share\prims\jni.cpp, line 537]
Event: 9.041 Thread 0x000001662867a9c0 Exception <a 'sun/nio/fs/WindowsException'{0x000000008db400d8}> (0x000000008db400d8) 
thrown [s\src\hotspot\share\prims\jni.cpp, line 537]
Event: 9.041 Thread 0x000001662867a9c0 Exception <a 'sun/nio/fs/WindowsException'{0x000000008db4c988}> (0x000000008db4c988) 
thrown [s\src\hotspot\share\prims\jni.cpp, line 537]
Event: 9.042 Thread 0x000001662867a9c0 Exception <a 'sun/nio/fs/WindowsException'{0x000000008db53508}> (0x000000008db53508) 
thrown [s\src\hotspot\share\prims\jni.cpp, line 537]

ZGC Phase Switch (0 events):
No events

VM Operations (20 events):
Event: 7.797 Executing safepoint VM operation: ICBufferFull done
Event: 7.801 Executing non-safepoint VM operation: HandshakeAllThreads (Deoptimize)
Event: 7.801 Executing non-safepoint VM operation: HandshakeAllThreads (Deoptimize) done
Event: 7.831 Executing safepoint VM operation: G1TryInitiateConcMark (G1 Humongous Allocation)
Event: 7.836 Executing safepoint VM operation: G1TryInitiateConcMark (G1 Humongous Allocation) done
Event: 7.894 Executing safepoint VM operation: G1PauseRemark
Event: 7.897 Executing safepoint VM operation: G1PauseRemark done
Event: 7.927 Executing safepoint VM operation: G1PauseCleanup
Event: 7.927 Executing safepoint VM operation: G1PauseCleanup done
Event: 7.987 Executing non-safepoint VM operation: HandshakeAllThreads (Deoptimize)
Event: 7.987 Executing non-safepoint VM operation: HandshakeAllThreads (Deoptimize) done
Event: 8.265 Executing safepoint VM operation: G1CollectForAllocation (G1 Evacuation Pause)
Event: 8.269 Executing safepoint VM operation: G1CollectForAllocation (G1 Evacuation Pause) done
Event: 8.632 Executing safepoint VM operation: G1CollectForAllocation (G1 Evacuation Pause)
Event: 8.637 Executing safepoint VM operation: G1CollectForAllocation (G1 Evacuation Pause) done
Event: 8.853 Executing non-safepoint VM operation: HandshakeAllThreads (Deoptimize)
Event: 8.853 Executing non-safepoint VM operation: HandshakeAllThreads (Deoptimize) done
Event: 8.957 Executing safepoint VM operation: G1CollectForAllocation (G1 Evacuation Pause)
Event: 8.962 Executing safepoint VM operation: G1CollectForAllocation (G1 Evacuation Pause) done
Event: 9.044 Executing safepoint VM operation: G1TryInitiateConcMark (G1 Humongous Allocation)

Memory protections (0 events):
No events

Nmethod flushes (20 events):
Event: 7.897 Thread 0x000001662608ba50 flushing  nmethod 0x000001660dd20c10
Event: 7.897 Thread 0x000001662608ba50 flushing  nmethod 0x00000166153ccd90
Event: 7.897 Thread 0x000001662608ba50 flushing  nmethod 0x000001660d7b3710
Event: 7.897 Thread 0x000001662608ba50 flushing  nmethod 0x000001660d812e10
Event: 7.897 Thread 0x000001662608ba50 flushing  nmethod 0x000001660d848e90
Event: 7.897 Thread 0x000001662608ba50 flushing  nmethod 0x000001660d8ee510
Event: 7.897 Thread 0x000001662608ba50 flushing  nmethod 0x000001660e113210
Event: 7.897 Thread 0x000001662608ba50 flushing  nmethod 0x000001660e114590
Event: 7.897 Thread 0x000001662608ba50 flushing  nmethod 0x00000166154e0710
Event: 7.897 Thread 0x000001662608ba50 flushing  nmethod 0x000001660d803b10
Event: 7.897 Thread 0x000001662608ba50 flushing  nmethod 0x000001660d804110
Event: 7.897 Thread 0x000001662608ba50 flushing  nmethod 0x000001660d87e990
Event: 7.897 Thread 0x000001662608ba50 flushing  nmethod 0x000001660d91c390
Event: 7.897 Thread 0x000001662608ba50 flushing  nmethod 0x000001660d943590
Event: 7.897 Thread 0x000001662608ba50 flushing  nmethod 0x000001660da4b010
Event: 7.897 Thread 0x000001662608ba50 flushing  nmethod 0x000001660dadef90
Event: 7.897 Thread 0x000001662608ba50 flushing  nmethod 0x000001660dae1010
Event: 7.897 Thread 0x000001662608ba50 flushing  nmethod 0x000001660e422990
Event: 7.897 Thread 0x000001662608ba50 flushing  nmethod 0x000001660e423390
Event: 7.897 Thread 0x000001662608ba50 flushing  nmethod 0x000001660e423710

Events (20 events):
Event: 4.505 Thread 0x000001662867a9c0 Thread added: 0x000001662bbcd210
Event: 4.505 Thread 0x000001662867a9c0 Thread added: 0x000001662bbd2760
Event: 4.506 Thread 0x000001662867a9c0 Thread added: 0x000001662bbd2df0
Event: 5.391 Thread 0x000001662867a9c0 Thread added: 0x000001662abc7420
Event: 5.836 Thread 0x000001662867a9c0 Thread added: 0x000001662abc9b80
Event: 5.836 Thread 0x000001662867a9c0 Thread added: 0x000001662abcaf30
Event: 5.836 Thread 0x000001662867a9c0 Thread added: 0x000001662abc6700
Event: 5.836 Thread 0x000001662867a9c0 Thread added: 0x000001662abc6d90
Event: 5.836 Thread 0x000001662867a9c0 Thread added: 0x000001662abcb5c0
Event: 5.836 Thread 0x000001662867a9c0 Thread added: 0x000001662abcc970
Event: 5.837 Thread 0x000001662867a9c0 Thread added: 0x000001662abc94f0
Event: 5.868 Thread 0x000001662867a9c0 Thread added: 0x000001662abcc2e0
Event: 5.869 Thread 0x000001662867a9c0 Thread added: 0x000001662abc8140
Event: 5.871 Thread 0x000001662867a9c0 Thread added: 0x000001662abca210
Event: 5.872 Thread 0x000001662867a9c0 Thread added: 0x000001662abcd000
Event: 5.873 Thread 0x000001662867a9c0 Thread added: 0x000001662abc87d0
Event: 5.874 Thread 0x000001662867a9c0 Thread added: 0x000001662abca8a0
Event: 5.877 Thread 0x000001662867a9c0 Thread added: 0x000001662abc7ab0
Event: 6.952 Thread 0x000001662867a9c0 Thread added: 0x000001662abc8e60
Event: 7.802 Thread 0x000001662867a9c0 Thread added: 0x00000166324e2030


Dynamic libraries:
0x00007ff6f67b0000 - 0x00007ff6f67ba000 	C:\Program Files\Android\Android Studio\jbr\bin\java.exe
0x00007fff43d70000 - 0x00007fff43f88000 	C:\Windows\SYSTEM32\ntdll.dll
0x00007fff427f0000 - 0x00007fff428b4000 	C:\Windows\System32\KERNEL32.DLL
0x00007fff40ff0000 - 0x00007fff413c3000 	C:\Windows\System32\KERNELBASE.dll
0x00007fff41690000 - 0x00007fff417a1000 	C:\Windows\System32\ucrtbase.dll
0x00007fff1c560000 - 0x00007fff1c578000 	C:\Program Files\Android\Android Studio\jbr\bin\jli.dll
0x00007fff23ec0000 - 0x00007fff23edb000 	C:\Program Files\Android\Android Studio\jbr\bin\VCRUNTIME140.dll
0x00007fff43a40000 - 0x00007fff43bf2000 	C:\Windows\System32\USER32.dll
0x00007fff313c0000 - 0x00007fff3165c000 	C:\Windows\WinSxS\amd64_microsoft.windows.common-controls_6595b64144ccf1df_6.0.22621.6060_none_2712eda17382d24b\COMCTL32.dll
0x00007fff41400000 - 0x00007fff41426000 	C:\Windows\System32\win32u.dll
0x00007fff41bf0000 - 0x00007fff41c97000 	C:\Windows\System32\msvcrt.dll
0x00007fff43970000 - 0x00007fff43999000 	C:\Windows\System32\GDI32.dll
0x00007fff41430000 - 0x00007fff4154b000 	C:\Windows\System32\gdi32full.dll
0x00007fff41970000 - 0x00007fff41a0a000 	C:\Windows\System32\msvcp_win.dll
0x00007fff41d60000 - 0x00007fff41d91000 	C:\Windows\System32\IMM32.DLL
0x00007fff3cc10000 - 0x00007fff3cc1c000 	C:\Program Files\Android\Android Studio\jbr\bin\vcruntime140_1.dll
0x00007fff10770000 - 0x00007fff107fd000 	C:\Program Files\Android\Android Studio\jbr\bin\msvcp140.dll
0x00007ffefe150000 - 0x00007ffefede6000 	C:\Program Files\Android\Android Studio\jbr\bin\server\jvm.dll
0x00007fff43c70000 - 0x00007fff43d21000 	C:\Windows\System32\ADVAPI32.dll
0x00007fff438c0000 - 0x00007fff43968000 	C:\Windows\System32\sechost.dll
0x00007fff413d0000 - 0x00007fff413f8000 	C:\Windows\System32\bcrypt.dll
0x00007fff42140000 - 0x00007fff42258000 	C:\Windows\System32\RPCRT4.dll
0x00007fff439a0000 - 0x00007fff43a11000 	C:\Windows\System32\WS2_32.dll
0x00007fff40d50000 - 0x00007fff40d9d000 	C:\Windows\SYSTEM32\POWRPROF.dll
0x00007fff39300000 - 0x00007fff39334000 	C:\Windows\SYSTEM32\WINMM.dll
0x00007fff3b250000 - 0x00007fff3b25a000 	C:\Windows\SYSTEM32\VERSION.dll
0x00007fff40d30000 - 0x00007fff40d43000 	C:\Windows\SYSTEM32\UMPDC.dll
0x00007fff3fe60000 - 0x00007fff3fe78000 	C:\Windows\SYSTEM32\kernel.appcore.dll
0x00007fff3c040000 - 0x00007fff3c04a000 	C:\Program Files\Android\Android Studio\jbr\bin\jimage.dll
0x00007fff30f70000 - 0x00007fff311a3000 	C:\Windows\SYSTEM32\DBGHELP.DLL
0x00007fff428c0000 - 0x00007fff42c51000 	C:\Windows\System32\combase.dll
0x00007fff41b10000 - 0x00007fff41be8000 	C:\Windows\System32\OLEAUT32.dll
0x00007fff26930000 - 0x00007fff26962000 	C:\Windows\SYSTEM32\dbgcore.DLL
0x00007fff418f0000 - 0x00007fff4196b000 	C:\Windows\System32\bcryptPrimitives.dll
0x00007fff239a0000 - 0x00007fff239ae000 	C:\Program Files\Android\Android Studio\jbr\bin\instrument.dll
0x00007fff236f0000 - 0x00007fff23710000 	C:\Program Files\Android\Android Studio\jbr\bin\java.dll
0x00007fff236d0000 - 0x00007fff236e8000 	C:\Program Files\Android\Android Studio\jbr\bin\zip.dll
0x00007fff43020000 - 0x00007fff438bc000 	C:\Windows\System32\SHELL32.dll
0x00007fff41550000 - 0x00007fff4168f000 	C:\Windows\System32\wintypes.dll
0x00007fff3ed80000 - 0x00007fff3f69a000 	C:\Windows\SYSTEM32\windows.storage.dll
0x00007fff426e0000 - 0x00007fff427e4000 	C:\Windows\System32\SHCORE.dll
0x00007fff43c00000 - 0x00007fff43c69000 	C:\Windows\System32\shlwapi.dll
0x00007fff40db0000 - 0x00007fff40dd5000 	C:\Windows\SYSTEM32\profapi.dll
0x00007fff3adb0000 - 0x00007fff3adc0000 	C:\Program Files\Android\Android Studio\jbr\bin\net.dll
0x00007fff3b590000 - 0x00007fff3b6bc000 	C:\Windows\SYSTEM32\WINHTTP.dll
0x00007fff40340000 - 0x00007fff403a9000 	C:\Windows\system32\mswsock.dll
0x00007fff236b0000 - 0x00007fff236c6000 	C:\Program Files\Android\Android Studio\jbr\bin\nio.dll
0x00007fff23b40000 - 0x00007fff23b50000 	C:\Program Files\Android\Android Studio\jbr\bin\verify.dll
0x00007fff23950000 - 0x00007fff23977000 	C:\Users\Annu pc\.gradle\native\c067742578af261105cb4f569cf0c3c89f3d7b1fecec35dd04571415982c5e48\windows-amd64\native-platform.dll
0x00007fff09750000 - 0x00007fff09894000 	C:\Users\Annu pc\.gradle\native\38dada09dfb8b06ba9b0570ebf7e218e3eb74d4ef43ca46872605cf95ebc2f47\windows-amd64\native-platform-file-events.dll
0x00007fff24660000 - 0x00007fff24669000 	C:\Program Files\Android\Android Studio\jbr\bin\management.dll
0x00007fff23eb0000 - 0x00007fff23ebb000 	C:\Program Files\Android\Android Studio\jbr\bin\management_ext.dll
0x00007fff43a30000 - 0x00007fff43a38000 	C:\Windows\System32\PSAPI.DLL
0x00007fff405a0000 - 0x00007fff405bb000 	C:\Windows\SYSTEM32\CRYPTSP.dll
0x00007fff3fdc0000 - 0x00007fff3fdf7000 	C:\Windows\system32\rsaenh.dll
0x00007fff40430000 - 0x00007fff40458000 	C:\Windows\SYSTEM32\USERENV.dll
0x00007fff40590000 - 0x00007fff4059c000 	C:\Windows\SYSTEM32\CRYPTBASE.dll
0x00007fff3f900000 - 0x00007fff3f92d000 	C:\Windows\SYSTEM32\IPHLPAPI.DLL
0x00007fff41cc0000 - 0x00007fff41cc9000 	C:\Windows\System32\NSI.dll
0x00007fff2ddd0000 - 0x00007fff2ddd9000 	C:\Program Files\Android\Android Studio\jbr\bin\extnet.dll
0x00007fff2fe40000 - 0x00007fff2fe48000 	C:\Windows\system32\wshunix.dll

JVMTI agents:
C:\Users\Annu pc\.gradle\wrapper\dists\gradle-8.7-bin\bhs2wmbdwecv87pi65oeuq5iu\gradle-8.7\lib\agents\gradle-instrumentation-agent-8.7.jar path:C:\Program Files\Android\Android Studio\jbr\bin\instrument.dll, loaded, initialized, instrumentlib options:none

dbghelp: loaded successfully - version: 4.0.5 - missing functions: none
symbol engine: initialized successfully - sym options: 0x614 - pdb path: .;C:\Program Files\Android\Android Studio\jbr\bin;C:\Windows\SYSTEM32;C:\Windows\WinSxS\amd64_microsoft.windows.common-controls_6595b64144ccf1df_6.0.22621.6060_none_2712eda17382d24b;C:\Program Files\Android\Android Studio\jbr\bin\server;C:\Users\Annu pc\.gradle\native\c067742578af261105cb4f569cf0c3c89f3d7b1fecec35dd04571415982c5e48\windows-amd64;C:\Users\Annu pc\.gradle\native\38dada09dfb8b06ba9b0570ebf7e218e3eb74d4ef43ca46872605cf95ebc2f47\windows-amd64

VM Arguments:
jvm_args: --add-opens=java.base/java.util=ALL-UNNAMED --add-opens=java.base/java.lang=ALL-UNNAMED --add-opens=java.base/java.lang.invoke=ALL-UNNAMED --add-opens=java.prefs/java.util.prefs=ALL-UNNAMED --add-opens=java.base/java.nio.charset=ALL-UNNAMED --add-opens=java.base/java.net=ALL-UNNAMED --add-opens=java.base/java.util.concurrent.atomic=ALL-UNNAMED -Xmx2048m -Dfile.encoding=UTF-8 -Duser.country=US -Duser.language=en -Duser.variant -javaagent:C:\Users\Annu pc\.gradle\wrapper\dists\gradle-8.7-bin\bhs2wmbdwecv87pi65oeuq5iu\gradle-8.7\lib\agents\gradle-instrumentation-agent-8.7.jar 
java_command: org.gradle.launcher.daemon.bootstrap.GradleDaemon 8.7
java_class_path (initial): C:\Users\Annu pc\.gradle\wrapper\dists\gradle-8.7-bin\bhs2wmbdwecv87pi65oeuq5iu\gradle-8.7\lib\gradle-launcher-8.7.jar
Launcher Type: SUN_STANDARD

[Global flags]
     intx CICompilerCount                          = 4                                         {product} {ergonomic}
     uint ConcGCThreads                            = 2                                         {product} {ergonomic}
     uint G1ConcRefinementThreads                  = 8                                         {product} {ergonomic}
   size_t G1HeapRegionSize                         = 1048576                                   {product} {ergonomic}
    uintx GCDrainStackTargetSize                   = 64                                        {product} {ergonomic}
   size_t InitialHeapSize                          = 268435456                                 {product} {ergonomic}
   size_t MarkStackSize                            = 4194304                                   {product} {ergonomic}
   size_t MaxHeapSize                              = 2147483648                                {product} {command line}
   size_t MaxNewSize                               = 1287651328                                {product} {ergonomic}
   size_t MinHeapDeltaBytes                        = 1048576                                   {product} {ergonomic}
   size_t MinHeapSize                              = 8388608                                   {product} {ergonomic}
    uintx NonNMethodCodeHeapSize                   = 5839372                                {pd product} {ergonomic}
    uintx NonProfiledCodeHeapSize                  = 122909434                              {pd product} {ergonomic}
    uintx ProfiledCodeHeapSize                     = 122909434                              {pd product} {ergonomic}
    uintx ReservedCodeCacheSize                    = 251658240                              {pd product} {ergonomic}
     bool SegmentedCodeCache                       = true                                      {product} {ergonomic}
   size_t SoftMaxHeapSize                          = 2147483648                             {manageable} {ergonomic}
     bool UseCompressedOops                        = true                           {product lp64_product} {ergonomic}
     bool UseG1GC                                  = true                                      {product} {ergonomic}
     bool UseLargePagesIndividualAllocation        = false                                  {pd product} {ergonomic}

Logging:
Log output configuration:
 #0: stdout all=warning uptime,level,tags foldmultilines=false
 #1: stderr all=off uptime,level,tags foldmultilines=false

Release file:
JAVA_VERSION="21.0.10" 
MODULES="java.base java.compiler java.datatransfer java.xml java.prefs java.desktop java.instrument java.logging java.management java.security.sasl java.naming java.rmi java.management.rmi java.net.http java.scripting java.security.jgss java.transaction.xa java.sql java.sql.rowset java.xml.crypto java.se java.smartcardio jdk.accessibility jdk.internal.jvmstat jdk.attach jdk.charsets jdk.internal.opt jdk.zipfs jdk.compiler jdk.crypto.ec jdk.crypto.cryptoki jdk.dynalink jdk.hotspot.agent jdk.httpserver jdk.internal.ed jdk.internal.le jdk.internal.vm.ci jdk.jartool jdk.javadoc jdk.jcmd jdk.jdeps jdk.jdwp.agent jdk.jdi jdk.jfr jdk.jlink jdk.jsobject jdk.localedata jdk.management jdk.management.agent jdk.management.jfr jdk.naming.dns jdk.naming.rmi jdk.net jdk.sctp jdk.security.auth jdk.security.jgss jdk.unsupported jdk.unsupported.desktop jdk.xml.dom" 
IMPLEMENTOR="JetBrains s.r.o." 
JAVA_RUNTIME_VERSION="21.0.10+-14961533-b1163.108" 
LIBC="default" 
OS_ARCH="x86_64" 
OS_NAME="Windows" 
SOURCE=".:git:1351622c2ff2" 

Environment Variables:
JAVA_HOME=C:\Program Files\Eclipse Adoptium\jdk-17.0.18.8-hotspot
PATH=C:\Program Files\Eclipse Adoptium\jdk-17.0.18.8-hotspot\bin;C:\Program Files\Eclipse Adoptium\jdk-25.0.2.10-hotspot\bin;C:\Program Files\Common Files\Oracle\Java\javapath;C:\Windows\system32;C:\Windows;C:\Windows\System32\Wbem;C:\Windows\System32\WindowsPowerShell\v1.0\;C:\Windows\System32\OpenSSH\;C:\Program Files\Git\cmd;C:\bazel\;C:\Users\Annu pc\AppData\Local\Microsoft\WindowsApps;C:\ProgramData\Annu pc\GitHubDesktop\bin
USERNAME=Annu pc
OS=Windows_NT
PROCESSOR_IDENTIFIER=Intel64 Family 6 Model 94 Stepping 3, GenuineIntel
TMP=C:\Users\ANNUPC~1\AppData\Local\Temp
TEMP=C:\Users\ANNUPC~1\AppData\Local\Temp




Periodic native trim disabled

JNI global refs:
JNI global refs: 27, weak refs: 0

JNI global refs memory usage: 835, weak refs: 833

Process memory usage:
Resident Set Size: 473172K (2% of 16692172K total physical memory with 1933308K free physical memory)

OOME stack traces (most recent first):
Classloader memory used:
Loader org.gradle.internal.classloader.VisitableURLClassLoader                         : 38372K
Loader bootstrap                                                                       : 27404K
Loader org.gradle.internal.classloader.VisitableURLClassLoader$InstrumentingVisitableURLClassLoader: 17872K
Loader org.gradle.initialization.MixInLegacyTypesClassLoader                           : 10352K
Loader org.gradle.internal.classloader.VisitableURLClassLoader                         : 1266K
Loader jdk.internal.loader.ClassLoaders$PlatformClassLoader                            : 511K
Loader jdk.internal.reflect.DelegatingClassLoader                                      : 331K
Loader jdk.internal.loader.ClassLoaders$AppClassLoader                                 : 230K
Loader org.gradle.groovy.scripts.internal.DefaultScriptCompilationHandler$ScriptClassLoader: 90624B
Loader org.codehaus.groovy.runtime.callsite.CallSiteClassLoader                        : 45480B
Loader sun.reflect.misc.MethodUtil                                                     : 2984B

Classes loaded by more than one classloader:
Class Program                                                                         : loaded 5 times (x 72B)
Class Build_gradle                                                                    : loaded 3 times (x 130B)
Class com.google.common.collect.PeekingIterator                                       : loaded 3 times (x 70B)
Class com.google.common.base.Preconditions                                            : loaded 3 times (x 71B)
Class org.gradle.internal.IoActions                                                   : loaded 3 times (x 71B)
Class org.gradle.api.GradleException                                                  : loaded 3 times (x 82B)
Class org.gradle.api.Action                                                           : loaded 3 times (x 70B)
Class org.gradle.internal.Cast                                                        : loaded 3 times (x 71B)
Class Build_gradle$1                                                                  : loaded 3 times (x 74B)
Class com.google.common.collect.ImmutableList                                         : loaded 3 times (x 206B)
Class com.google.common.collect.Iterators$9                                           : loaded 3 times (x 81B)
Class com.google.common.collect.Lists                                                 : loaded 3 times (x 71B)
Class com.google.common.collect.ImmutableCollection                                   : loaded 3 times (x 125B)
Class com.google.common.collect.Iterators$5                                           : loaded 3 times (x 82B)
Class com.google.common.collect.Iterators$4                                           : loaded 3 times (x 82B)
Class com.google.common.collect.Iterators$1                                           : loaded 3 times (x 81B)
Class com.google.common.collect.UnmodifiableListIterator                              : loaded 3 times (x 95B)
Class com.google.common.collect.Iterators$MergingIterator                             : loaded 3 times (x 81B)
Class com.google.common.collect.AbstractIndexedListIterator                           : loaded 3 times (x 96B)
Class com.google.common.collect.AbstractIterator                                      : loaded 3 times (x 82B)
Class com.google.common.collect.Lists$StringAsImmutableList                           : loaded 3 times (x 207B)
Class com.google.common.collect.Iterators                                             : loaded 3 times (x 71B)
Class com.google.common.collect.UnmodifiableIterator                                  : loaded 3 times (x 80B)
Class com.google.common.collect.Iterators$ArrayItr                                    : loaded 3 times (x 97B)
Class kotlin.collections.AbstractList$Companion                                       : loaded 2 times (x 71B)
Class org.gradle.internal.classloader.ClassLoaderVisitor                              : loaded 2 times (x 76B)
Class [Lcom.google.common.collect.ImmutableMapEntry;                                  : loaded 2 times (x 69B)
Class org.gradle.api.internal.classpath.EffectiveClassPath                            : loaded 2 times (x 90B)
Class com.google.common.collect.ImmutableEnumMap                                      : loaded 2 times (x 125B)
Class com.google.common.collect.ListMultimap                                          : loaded 2 times (x 70B)
Class org.gradle.tooling.internal.gradle.DefaultProjectIdentifier                     : loaded 2 times (x 86B)
Class com.google.common.collect.Sets$1                                                : loaded 2 times (x 139B)
Class org.objectweb.asm.AnnotationVisitor                                             : loaded 2 times (x 78B)
Class com.google.common.base.Splitter                                                 : loaded 2 times (x 72B)
Class sync_studio_tooling104334_7eadi87ts63ecio4yg1noj506                             : loaded 2 times (x 179B)
Class org.gradle.api.internal.DefaultClassPathProvider                                : loaded 2 times (x 76B)
Class com.google.common.collect.Sets$2                                                : loaded 2 times (x 139B)
Class [Lorg.gradle.api.internal.ClassPathProvider;                                    : loaded 2 times (x 69B)
Class org.gradle.api.internal.ClassPathProvider                                       : loaded 2 times (x 70B)
Class com.google.common.collect.Sets$3                                                : loaded 2 times (x 139B)
Class com.google.common.util.concurrent.AbstractFuture$SafeAtomicHelper               : loaded 2 times (x 79B)
Class com.google.common.cache.LocalCache$LocalLoadingCache                            : loaded 2 times (x 134B)
Class com.google.common.base.AbstractIterator$State                                   : loaded 2 times (x 79B)
Class org.gradle.internal.service.UnknownServiceException                             : loaded 2 times (x 83B)
Class com.google.common.collect.Sets$4                                                : loaded 2 times (x 139B)
Class org.objectweb.asm.ModuleVisitor                                                 : loaded 2 times (x 81B)
Class com.google.common.cache.LocalCache$Strength$1                                   : loaded 2 times (x 81B)
Class com.google.common.util.concurrent.SettableFuture                                : loaded 2 times (x 114B)
Class com.google.common.cache.LocalCache$Strength$2                                   : loaded 2 times (x 81B)
Class com.google.common.cache.LocalCache$Strength$3                                   : loaded 2 times (x 81B)
Class com.google.common.collect.MapDifference                                         : loaded 2 times (x 70B)
Class com.google.common.base.Splitter$1                                               : loaded 2 times (x 77B)
Class org.objectweb.asm.FieldWriter                                                   : loaded 2 times (x 78B)
Class com.google.common.cache.CacheBuilder$NullListener                               : loaded 2 times (x 82B)
Class org.gradle.internal.classpath.TransformedClassPath                              : loaded 2 times (x 96B)
Class com.google.common.cache.CacheLoader$FunctionToCacheLoader                       : loaded 2 times (x 75B)
Class com.google.common.base.CharMatcher$None                                         : loaded 2 times (x 112B)
Class com.google.common.collect.ImmutableCollection$Builder                           : loaded 2 times (x 76B)
Class kotlin.enums.EnumEntriesList                                                    : loaded 2 times (x 223B)
Class com.google.common.base.Joiner                                                   : loaded 2 times (x 79B)
Class com.google.common.base.MoreObjects                                              : loaded 2 times (x 71B)
Class [Lorg.objectweb.asm.Type;                                                       : loaded 2 times (x 69B)
Class com.google.common.collect.Platform                                              : loaded 2 times (x 71B)
Class org.gradle.internal.classloader.DefaultClassLoaderFactory                       : loaded 2 times (x 82B)
Class org.gradle.internal.service.ServiceLocator                                      : loaded 2 times (x 70B)
Class com.google.common.base.Ascii                                                    : loaded 2 times (x 71B)
Class com.google.common.collect.SingletonImmutableBiMap                               : loaded 2 times (x 143B)
Class com.google.common.cache.LocalCache$1                                            : loaded 2 times (x 89B)
Class com.google.common.collect.AbstractMapEntry                                      : loaded 2 times (x 81B)
Class com.intellij.gradle.toolingExtension.util.GradleVersionUtil                     : loaded 2 times (x 71B)
Class org.gradle.tooling.model.UnsupportedMethodException                             : loaded 2 times (x 82B)
Class com.google.common.collect.ImmutableList$Builder                                 : loaded 2 times (x 77B)
Class com.google.common.cache.LocalCache$2                                            : loaded 2 times (x 142B)
Class com.google.common.collect.AbstractMultimap                                      : loaded 2 times (x 123B)
Class com.google.common.util.concurrent.AbstractFuture$UnsafeAtomicHelper$1           : loaded 2 times (x 76B)
Class com.google.common.collect.RegularImmutableAsList                                : loaded 2 times (x 216B)
Class com.google.common.util.concurrent.AbstractFuture$Trusted                        : loaded 2 times (x 70B)
Class com.google.common.base.Platform$JdkPatternCompiler                              : loaded 2 times (x 75B)
Class com.google.common.base.CharMatcher$RangesMatcher                                : loaded 2 times (x 112B)
Class com.google.common.util.concurrent.UncheckedExecutionException                   : loaded 2 times (x 82B)
Class com.google.common.base.Suppliers                                                : loaded 2 times (x 71B)
Class org.gradle.kotlin.dsl.VersionCatalogAccessorsKt                                 : loaded 2 times (x 71B)
Class com.google.common.base.CharMatcher$JavaLetterOrDigit                            : loaded 2 times (x 111B)
Class org.gradle.internal.InternalTransformer                                         : loaded 2 times (x 70B)
Class org.objectweb.asm.ClassWriter                                                   : loaded 2 times (x 106B)
Class com.google.common.cache.CacheLoader$UnsupportedLoadingOperationException        : loaded 2 times (x 82B)
Class com.google.common.base.CharMatcher$And                                          : loaded 2 times (x 112B)
Class org.gradle.internal.time.DefaultTimer                                           : loaded 2 times (x 80B)
Class org.gradle.internal.classloader.ClasspathUtil$1                                 : loaded 2 times (x 76B)
Class org.objectweb.asm.FieldVisitor                                                  : loaded 2 times (x 77B)
Class com.google.common.collect.IndexedImmutableSet                                   : loaded 2 times (x 150B)
Class com.google.common.collect.ImmutableMap$1                                        : loaded 2 times (x 81B)
Class com.google.common.collect.BiMap                                                 : loaded 2 times (x 70B)
Class org.gradle.api.internal.classpath.DefaultModuleRegistry$DefaultModule           : loaded 2 times (x 86B)
Class com.google.common.primitives.Ints                                               : loaded 2 times (x 71B)
Class [Lcom.google.common.cache.CacheBuilder$OneWeigher;                              : loaded 2 times (x 69B)
Class com.google.common.math.MathPreconditions                                        : loaded 2 times (x 71B)
Class com.google.common.collect.Multiset                                              : loaded 2 times (x 70B)
Class com.google.common.collect.ArrayListMultimapGwtSerializationDependencies         : loaded 2 times (x 172B)
Class com.google.common.collect.ObjectArrays                                          : loaded 2 times (x 71B)
Class org.objectweb.asm.MethodTooLargeException                                       : loaded 2 times (x 83B)
Class org.gradle.internal.time.DefaultCountdownTimer                                  : loaded 2 times (x 88B)
Class com.google.common.collect.ImmutableMapEntrySet                                  : loaded 2 times (x 151B)
Class org.gradle.tooling.internal.gradle.DefaultBuildIdentifier                       : loaded 2 times (x 79B)
Class org.gradle.api.internal.classpath.Module                                        : loaded 2 times (x 70B)
Class com.google.common.cache.Weigher                                                 : loaded 2 times (x 70B)
Class org.gradle.api.internal.classpath.UnknownModuleException                        : loaded 2 times (x 82B)
Class org.gradle.cache.GlobalCache                                                    : loaded 2 times (x 70B)
Class com.google.common.base.Stopwatch                                                : loaded 2 times (x 72B)
Class com.google.common.cache.LocalCache$Strength                                     : loaded 2 times (x 81B)
Class com.google.common.cache.Cache                                                   : loaded 2 times (x 70B)
Class com.google.common.util.concurrent.AbstractFuture$Cancellation                   : loaded 2 times (x 72B)
Class com.google.common.collect.ImmutableMap$Builder                                  : loaded 2 times (x 82B)
Class com.google.common.base.NullnessCasts                                            : loaded 2 times (x 71B)
Class com.google.common.cache.RemovalListener                                         : loaded 2 times (x 70B)
Class org.gradle.tooling.internal.gradle.GradleProjectIdentity                        : loaded 2 times (x 70B)
Class org.gradle.api.internal.DefaultClassPathRegistry                                : loaded 2 times (x 76B)
Class com.google.common.primitives.IntsMethodsForWeb                                  : loaded 2 times (x 71B)
Class com.google.common.collect.Multimap                                              : loaded 2 times (x 70B)
Class sync_studio_tooling104334_7eadi87ts63ecio4yg1noj506$_run_closure1               : loaded 2 times (x 139B)
Class org.gradle.api.internal.ClassPathRegistry                                       : loaded 2 times (x 70B)
Class org.gradle.internal.classpath.DefaultClassPath$ImmutableUniqueList              : loaded 2 times (x 199B)
Class org.gradle.internal.operations.MultipleBuildOperationFailures                   : loaded 2 times (x 95B)
Class com.google.common.cache.CacheBuilder                                            : loaded 2 times (x 72B)
Class com.google.common.collect.SingletonImmutableList                                : loaded 2 times (x 207B)
Class Settings_gradle$1                                                               : loaded 2 times (x 75B)
Class org.gradle.internal.classpath.ClassPath                                         : loaded 2 times (x 70B)
Class org.gradle.api.UncheckedIOException                                             : loaded 2 times (x 82B)
Class com.google.common.collect.ImmutableList$ReverseImmutableList                    : loaded 2 times (x 208B)
Class com.google.common.base.JdkPattern                                               : loaded 2 times (x 75B)
Class org.objectweb.asm.SymbolTable$Entry                                             : loaded 2 times (x 74B)
Class com.google.common.util.concurrent.AbstractFuture$AtomicHelper                   : loaded 2 times (x 78B)
Class org.objectweb.asm.Edge                                                          : loaded 2 times (x 72B)
Class com.google.common.base.Suppliers$SupplierOfInstance                             : loaded 2 times (x 79B)
Class org.objectweb.asm.ClassVisitor                                                  : loaded 2 times (x 88B)
Class org.gradle.tooling.model.Model                                                  : loaded 2 times (x 70B)
Class com.google.common.cache.LocalCache$ComputingValueReference                      : loaded 2 times (x 96B)
Class com.google.common.collect.SingletonImmutableSet                                 : loaded 2 times (x 146B)
Class com.google.common.collect.ImmutableMap$IteratorBasedImmutableMap                : loaded 2 times (x 125B)
Class kotlin.UninitializedPropertyAccessException                                     : loaded 2 times (x 82B)
Class com.google.common.cache.LocalCache$Segment                                      : loaded 2 times (x 154B)
Class [Lorg.objectweb.asm.SymbolTable$Entry;                                          : loaded 2 times (x 69B)
Class com.google.common.cache.CacheLoader                                             : loaded 2 times (x 74B)
Class [Lorg.objectweb.asm.Symbol;                                                     : loaded 2 times (x 69B)
Class com.google.common.collect.ImmutableBiMap                                        : loaded 2 times (x 143B)
Class com.google.common.collect.AbstractListMultimap                                  : loaded 2 times (x 172B)
Class org.gradle.internal.installation.GradleInstallation$1                           : loaded 2 times (x 75B)
Class org.gradle.api.internal.classpath.ModuleRegistry                                : loaded 2 times (x 70B)
Class com.google.common.util.concurrent.internal.InternalFutureFailureAccess          : loaded 2 times (x 72B)
Class com.google.common.collect.ImmutableMap$MapViewOfValuesAsSingletonSets           : loaded 2 times (x 125B)
Class com.google.common.collect.ImmutableSet$JdkBackedSetBuilderImpl                  : loaded 2 times (x 76B)
Class com.google.common.base.Splitter$SplittingIterator                               : loaded 2 times (x 84B)
Class com.google.common.util.concurrent.AbstractFuture$UnsafeAtomicHelper             : loaded 2 times (x 78B)
Class com.google.common.cache.LocalCache$LocalManualCache$1                           : loaded 2 times (x 75B)
Class com.google.common.base.CharMatcher$ForPredicate                                 : loaded 2 times (x 112B)
Class com.google.common.collect.RegularImmutableMap                                   : loaded 2 times (x 121B)
Class com.google.common.base.CharMatcher$AnyOf                                        : loaded 2 times (x 112B)
Class org.gradle.api.internal.classpath.DefaultModuleRegistry                         : loaded 2 times (x 86B)
Class com.google.common.util.concurrent.ListenableFuture                              : loaded 2 times (x 70B)
Class com.google.common.cache.ReferenceEntry                                          : loaded 2 times (x 70B)
Class com.google.common.collect.ImmutableSet$CachingAsList                            : loaded 2 times (x 147B)
Class com.google.common.base.Converter                                                : loaded 2 times (x 90B)
Class org.gradle.api.internal.classpath.ManifestUtil                                  : loaded 2 times (x 71B)
Class com.google.common.base.CharMatcher$Any                                          : loaded 2 times (x 112B)
Class com.google.common.util.concurrent.AbstractFuture                                : loaded 2 times (x 106B)
Class com.google.common.base.FunctionalEquivalence                                    : loaded 2 times (x 83B)
Class com.google.common.collect.ImmutableList$1                                       : loaded 2 times (x 97B)
Class com.google.common.collect.AbstractMapBasedMultimap                              : loaded 2 times (x 139B)
Class com.google.common.collect.ImmutableAsList                                       : loaded 2 times (x 209B)
Class org.objectweb.asm.RecordComponentVisitor                                        : loaded 2 times (x 77B)
Class com.google.common.cache.CacheLoader$SupplierToCacheLoader                       : loaded 2 times (x 75B)
Class com.google.common.util.concurrent.ExecutionError                                : loaded 2 times (x 82B)
Class org.gradle.internal.time.MonotonicClock                                         : loaded 2 times (x 77B)
Class org.gradle.internal.service.ServiceLookupException                              : loaded 2 times (x 82B)
Class [Lcom.google.common.cache.LocalCache$EntryFactory;                              : loaded 2 times (x 69B)
Class com.google.common.base.CharMatcher$JavaLetter                                   : loaded 2 times (x 111B)
Class org.gradle.internal.classloader.ClassLoaderFactory                              : loaded 2 times (x 70B)
Class com.google.common.cache.LocalCache$LocalManualCache                             : loaded 2 times (x 99B)
Class com.google.common.base.CharMatcher$IsNot                                        : loaded 2 times (x 111B)
Class com.google.common.base.CommonPattern                                            : loaded 2 times (x 74B)
Class org.gradle.internal.service.CachingServiceLocator                               : loaded 2 times (x 82B)
Class com.google.common.math.IntMath                                                  : loaded 2 times (x 71B)
Class com.google.common.collect.Iterators$10                                          : loaded 2 times (x 81B)
Class com.google.common.collect.ImmutableMapEntry                                     : loaded 2 times (x 85B)
Class com.google.common.base.CharMatcher$JavaDigit                                    : loaded 2 times (x 111B)
Class org.gradle.internal.time.TimeSource                                             : loaded 2 times (x 70B)
Class com.google.common.base.Equivalence                                              : loaded 2 times (x 82B)
Class com.google.common.collect.ImmutableMapEntry$NonTerminalImmutableMapEntry        : loaded 2 times (x 85B)
Class com.google.common.base.Function                                                 : loaded 2 times (x 70B)
Class org.gradle.tooling.internal.gradle.GradleBuildIdentity                          : loaded 2 times (x 70B)
Class kotlin.enums.EnumEntries                                                        : loaded 2 times (x 70B)
Class com.google.common.collect.IndexedImmutableSet$1                                 : loaded 2 times (x 212B)
Class com.google.common.cache.CacheBuilder$OneWeigher                                 : loaded 2 times (x 82B)
Class com.google.common.collect.RegularImmutableList                                  : loaded 2 times (x 212B)
Class org.gradle.internal.exceptions.ResolutionProvider                               : loaded 2 times (x 70B)
Class com.google.common.collect.ImmutableBiMapFauxverideShim                          : loaded 2 times (x 120B)
Class org.gradle.tooling.model.ProjectIdentifier                                      : loaded 2 times (x 70B)
Class org.gradle.internal.classloader.ClasspathUtil                                   : loaded 2 times (x 71B)
Class org.jetbrains.kotlin.tooling.core.HasExtras                                     : loaded 2 times (x 70B)
Class com.google.common.base.Charsets                                                 : loaded 2 times (x 71B)
Class com.google.common.util.concurrent.Uninterruptibles                              : loaded 2 times (x 71B)
Class com.google.common.collect.Maps                                                  : loaded 2 times (x 71B)
Class com.google.common.base.CharMatcher$JavaUpperCase                                : loaded 2 times (x 111B)
Class org.gradle.internal.time.TimeSource$1                                           : loaded 2 times (x 77B)
Class kotlin.jvm.internal.DefaultConstructorMarker                                    : loaded 2 times (x 71B)
Class org.gradle.api.specs.Spec                                                       : loaded 2 times (x 70B)
Class [Lcom.google.common.collect.ImmutableEntry;                                     : loaded 2 times (x 69B)
Class com.google.common.cache.LocalCache$LoadingValueReference                        : loaded 2 times (x 96B)
Class com.google.common.collect.ImmutableEnumSet                                      : loaded 2 times (x 146B)
Class com.google.common.base.Platform                                                 : loaded 2 times (x 71B)
Class com.intellij.gradle.toolingExtension.impl.model.utilDummyModel.DummyModel       : loaded 2 times (x 70B)
Class org.gradle.internal.time.Clock                                                  : loaded 2 times (x 70B)
Class com.google.common.primitives.Ints$IntConverter                                  : loaded 2 times (x 90B)
Class com.google.common.collect.Maps$8                                                : loaded 2 times (x 82B)
Class kotlin.collections.AbstractList                                                 : loaded 2 times (x 197B)
Class kotlin.collections.AbstractCollection                                           : loaded 2 times (x 117B)
Class org.jetbrains.kotlin.tooling.core.Extras                                        : loaded 2 times (x 70B)
Class com.google.common.collect.Sets$SetView                                          : loaded 2 times (x 138B)
Class com.google.common.cache.LocalCache$StrongValueReference                         : loaded 2 times (x 90B)
Class com.google.common.util.concurrent.AbstractFuture$SynchronizedHelper             : loaded 2 times (x 78B)
Class com.google.common.base.CharMatcher$Invisible                                    : loaded 2 times (x 112B)
Class org.objectweb.asm.Type                                                          : loaded 2 times (x 72B)
Class org.gradle.internal.classloader.VisitableURLClassLoader$InstrumentingVisitableURLClassLoader: loaded 2 times (x 123B)
Class org.objectweb.asm.ByteVector                                                    : loaded 2 times (x 79B)
Class [Lcom.google.common.cache.CacheBuilder$NullListener;                            : loaded 2 times (x 69B)
Class com.google.common.math.IntMath$1                                                : loaded 2 times (x 71B)
Class org.gradle.internal.classloader.VisitableURLClassLoader$Spec                    : loaded 2 times (x 74B)
Class org.gradle.internal.classpath.DefaultClassPath                                  : loaded 2 times (x 90B)
Class org.objectweb.asm.Symbol                                                        : loaded 2 times (x 73B)
Class com.google.common.base.AbstractIterator                                         : loaded 2 times (x 80B)
Class org.gradle.util.internal.DefaultGradleVersion                                   : loaded 2 times (x 82B)
Class com.google.common.collect.RegularImmutableMap$Values                            : loaded 2 times (x 207B)
Class com.google.common.collect.ImmutableSet                                          : loaded 2 times (x 145B)
Class com.google.common.base.CharMatcher$BitSetMatcher                                : loaded 2 times (x 112B)
Class com.google.common.base.CharMatcher$Ascii                                        : loaded 2 times (x 112B)
Class org.gradle.internal.classloader.ClassLoaderSpec                                 : loaded 2 times (x 71B)
Class org.objectweb.asm.AnnotationWriter                                              : loaded 2 times (x 79B)
Class com.google.common.cache.CacheStats                                              : loaded 2 times (x 71B)
Class org.objectweb.asm.RecordComponentWriter                                         : loaded 2 times (x 78B)
Class com.google.common.util.concurrent.AbstractFuture$Listener                       : loaded 2 times (x 72B)
Class com.google.common.base.CharMatcher$Or                                           : loaded 2 times (x 112B)
Class Settings_gradle$1$1                                                             : loaded 2 times (x 75B)
Class org.objectweb.asm.Attribute                                                     : loaded 2 times (x 77B)
Class com.google.common.base.Supplier                                                 : loaded 2 times (x 70B)
Class org.gradle.internal.classloader.VisitableURLClassLoader                         : loaded 2 times (x 117B)
Class com.google.common.util.concurrent.AbstractFuture$Waiter                         : loaded 2 times (x 72B)
Class Settings_gradle                                                                 : loaded 2 times (x 128B)
Class org.gradle.internal.classloader.ClassLoaderHierarchy                            : loaded 2 times (x 70B)
Class com.google.common.base.CharMatcher$IsEither                                     : loaded 2 times (x 111B)
Class com.google.common.collect.Sets                                                  : loaded 2 times (x 71B)
Class org.objectweb.asm.Handler                                                       : loaded 2 times (x 72B)
Class com.google.common.base.Ticker                                                   : loaded 2 times (x 72B)
Class com.google.common.base.Strings                                                  : loaded 2 times (x 71B)
Class com.google.common.base.CharMatcher$FastMatcher                                  : loaded 2 times (x 111B)
Class org.gradle.internal.agents.InstrumentingClassLoader                             : loaded 2 times (x 70B)
Class [Lcom.google.common.cache.LocalCache$Segment;                                   : loaded 2 times (x 69B)
Class [Lcom.google.common.cache.LocalCache$Strength;                                  : loaded 2 times (x 69B)
Class com.google.common.cache.CacheBuilder$1                                          : loaded 2 times (x 85B)
Class com.google.common.collect.ImmutableMap                                          : loaded 2 times (x 120B)
Class com.google.common.base.Predicate                                                : loaded 2 times (x 70B)
Class org.gradle.internal.classpath.DefaultClassPath$ImmutableUniqueList$Builder      : loaded 2 times (x 75B)
Class com.google.common.cache.LocalCache                                              : loaded 2 times (x 187B)
Class com.google.common.cache.CacheBuilder$2                                          : loaded 2 times (x 72B)
Class com.google.common.base.CharMatcher$NegatedFastMatcher                           : loaded 2 times (x 113B)
Class [Lcom.google.common.collect.AbstractMapEntry;                                   : loaded 2 times (x 69B)
Class com.google.common.collect.ImmutableEntry                                        : loaded 2 times (x 82B)
Class com.google.common.collect.ArrayListMultimap                                     : loaded 2 times (x 172B)
Class com.google.common.base.AbstractIterator$1                                       : loaded 2 times (x 71B)
Class com.google.common.base.CharMatcher$Digit                                        : loaded 2 times (x 112B)
Class [Lcom.google.common.base.AbstractIterator$State;                                : loaded 2 times (x 69B)
Class org.gradle.internal.exceptions.NonGradleCauseExceptionsHolder                   : loaded 2 times (x 70B)
Class com.google.common.collect.CollectPreconditions                                  : loaded 2 times (x 71B)
Class com.google.common.base.CharMatcher$JavaIsoControl                               : loaded 2 times (x 112B)
Class com.google.common.collect.SortedMapDifference                                   : loaded 2 times (x 70B)
Class com.google.common.base.CharMatcher$JavaLowerCase                                : loaded 2 times (x 111B)
Class com.google.common.cache.LocalCache$EntryFactory                                 : loaded 2 times (x 83B)
Class org.jetbrains.kotlin.tooling.core.HasMutableExtras                              : loaded 2 times (x 70B)
Class com.google.common.cache.LocalCache$AbstractReferenceEntry                       : loaded 2 times (x 107B)
Class com.google.common.base.Splitter$1$1                                             : loaded 2 times (x 86B)
Class com.google.common.base.CharMatcher$Whitespace                                   : loaded 2 times (x 112B)
Class org.gradle.internal.classloader.FilteringClassLoader                            : loaded 2 times (x 105B)
Class kotlin.enums.EnumEntriesKt                                                      : loaded 2 times (x 71B)
Class org.objectweb.asm.SymbolTable                                                   : loaded 2 times (x 72B)
Class com.google.common.cache.CacheLoader$InvalidCacheLoadException                   : loaded 2 times (x 82B)
Class com.google.common.collect.ImmutableSet$RegularSetBuilderImpl                    : loaded 2 times (x 77B)
Class com.google.common.base.CharMatcher$SingleWidth                                  : loaded 2 times (x 112B)
Class org.gradle.internal.classloader.SystemClassLoaderSpec                           : loaded 2 times (x 71B)
Class com.google.common.cache.LocalCache$StrongEntry                                  : loaded 2 times (x 108B)
Class com.google.common.util.concurrent.AbstractFuture$TrustedFuture                  : loaded 2 times (x 114B)
Class com.google.common.cache.LoadingCache                                            : loaded 2 times (x 70B)
Class org.gradle.internal.exceptions.MultiCauseException                              : loaded 2 times (x 70B)
Class org.gradle.internal.time.CountdownTimer                                         : loaded 2 times (x 70B)
Class kotlin.jvm.internal.Intrinsics                                                  : loaded 2 times (x 71B)
Class org.objectweb.asm.MethodWriter                                                  : loaded 2 times (x 106B)
Class [Lcom.google.common.cache.Weigher;                                              : loaded 2 times (x 69B)
Class com.google.common.collect.RegularImmutableMap$BucketOverflowException           : loaded 2 times (x 82B)
Class org.gradle.tooling.model.ProjectModel                                           : loaded 2 times (x 70B)
Class kotlin.KotlinNullPointerException                                               : loaded 2 times (x 83B)
Class com.google.common.collect.RegularImmutableBiMap                                 : loaded 2 times (x 148B)
Class com.google.common.cache.LocalCache$ValueReference                               : loaded 2 times (x 70B)
Class com.google.common.base.CharMatcher$Negated                                      : loaded 2 times (x 113B)
Class com.google.common.base.CharMatcher$Is                                           : loaded 2 times (x 111B)
Class org.gradle.internal.exceptions.DefaultMultiCauseException                       : loaded 2 times (x 95B)
Class com.google.common.util.concurrent.AbstractFuture$Failure                        : loaded 2 times (x 72B)
Class com.google.common.base.Equivalence$Equals                                       : loaded 2 times (x 82B)
Class com.google.common.collect.Hashing                                               : loaded 2 times (x 71B)
Class com.google.common.base.PatternCompiler                                          : loaded 2 times (x 70B)
Class kotlin.NotImplementedError                                                      : loaded 2 times (x 82B)
Class com.google.common.base.Joiner$1                                                 : loaded 2 times (x 80B)
Class org.objectweb.asm.Label                                                         : loaded 2 times (x 73B)
Class org.objectweb.asm.CurrentFrame                                                  : loaded 2 times (x 73B)
Class org.objectweb.asm.ClassTooLargeException                                        : loaded 2 times (x 83B)
Class com.google.common.collect.RegularImmutableMap$KeySet                            : loaded 2 times (x 150B)
Class com.google.common.base.CharMatcher                                              : loaded 2 times (x 111B)
Class org.gradle.internal.time.Time                                                   : loaded 2 times (x 71B)
Class com.google.common.base.Joiner$2                                                 : loaded 2 times (x 79B)
Class org.objectweb.asm.Frame                                                         : loaded 2 times (x 73B)
Class org.objectweb.asm.MethodVisitor                                                 : loaded 2 times (x 105B)
Class com.google.common.cache.LocalCache$EntryFactory$1                               : loaded 2 times (x 83B)
Class [Lcom.google.common.cache.RemovalListener;                                      : loaded 2 times (x 69B)
Class com.google.common.base.CharMatcher$1                                            : loaded 2 times (x 113B)
Class com.google.common.base.CharMatcher$NamedFastMatcher                             : loaded 2 times (x 112B)
Class com.google.common.cache.LocalCache$EntryFactory$2                               : loaded 2 times (x 83B)
Class ijInit1_ao5nmjx43uqs5rk672v6dj5xg                                               : loaded 2 times (x 179B)
Class org.objectweb.asm.ModuleWriter                                                  : loaded 2 times (x 82B)
Class com.google.common.cache.LocalCache$EntryFactory$3                               : loaded 2 times (x 83B)
Class com.google.common.base.Ticker$1                                                 : loaded 2 times (x 72B)
Class com.google.common.collect.ImmutableMapEntrySet$RegularEntrySet                  : loaded 2 times (x 151B)
Class com.google.common.collect.Maps$BiMapConverter                                   : loaded 2 times (x 90B)
Class org.gradle.tooling.model.BuildIdentifier                                        : loaded 2 times (x 70B)
Class kotlin.NoWhenBranchMatchedException                                             : loaded 2 times (x 82B)
Class com.google.common.cache.LocalCache$EntryFactory$4                               : loaded 2 times (x 83B)
Class com.google.common.collect.ImmutableSet$Builder                                  : loaded 2 times (x 85B)
Class com.google.common.base.CharMatcher$InRange                                      : loaded 2 times (x 111B)
Class com.google.common.cache.LocalCache$EntryFactory$5                               : loaded 2 times (x 83B)
Class com.google.common.base.Equivalence$Identity                                     : loaded 2 times (x 82B)
Class com.google.common.cache.LocalCache$EntryFactory$6                               : loaded 2 times (x 83B)
Class org.gradle.internal.time.Timer                                                  : loaded 2 times (x 70B)
Class kotlin.jvm.internal.markers.KMappedMarker                                       : loaded 2 times (x 70B)
Class org.gradle.internal.installation.CurrentGradleInstallationLocator               : loaded 2 times (x 71B)
Class com.google.common.cache.LocalCache$EntryFactory$7                               : loaded 2 times (x 83B)
Class com.google.common.collect.ImmutableSet$EmptySetBuilderImpl                      : loaded 2 times (x 76B)
Class com.google.common.collect.Maps$EntryTransformer                                 : loaded 2 times (x 70B)
Class org.gradle.internal.service.DefaultServiceLocator                               : loaded 2 times (x 83B)
Class com.google.common.cache.LocalCache$EntryFactory$8                               : loaded 2 times (x 83B)
Class com.google.common.collect.ImmutableSet$SetBuilderImpl                           : loaded 2 times (x 76B)
Class org.gradle.util.GradleVersion                                                   : loaded 2 times (x 81B)
Class org.gradle.internal.installation.CurrentGradleInstallation                      : loaded 2 times (x 73B)
Class com.google.common.cache.CacheLoader$1                                           : loaded 2 times (x 75B)
Class com.google.common.collect.ImmutableList$SubList                                 : loaded 2 times (x 208B)
Class org.gradle.util.internal.GUtil                                                  : loaded 2 times (x 71B)
Class com.google.common.util.concurrent.AbstractFuture$SetFuture                      : loaded 2 times (x 75B)
Class com.google.common.cache.AbstractCache$StatsCounter                              : loaded 2 times (x 70B)
Class com.google.common.base.PairwiseEquivalence                                      : loaded 2 times (x 83B)
Class com.google.common.collect.RegularImmutableSet                                   : loaded 2 times (x 148B)
Class org.gradle.internal.installation.GradleInstallation                             : loaded 2 times (x 75B)
Class com.google.common.collect.Iterables                                             : loaded 2 times (x 71B)
Class com.google.common.base.Splitter$Strategy                                        : loaded 2 times (x 70B)

---------------  S Y S T E M  ---------------

OS:
 Windows 11 , 64 bit Build 22621 (10.0.22621.5415)
OS uptime: 4 days 1:17 hours

CPU: total 8 (initial active 8) (4 cores per cpu, 2 threads per core) family 6 model 94 stepping 3 microcode 0xd6, cx8, cmov, fxsr, ht, mmx, 3dnowpref, sse, sse2, sse3, ssse3, sse4.1, sse4.2, popcnt, lzcnt, tsc, tscinvbit, avx, avx2, aes, erms, clmul, bmi1, bmi2, rtm, adx, fma, vzeroupper, clflush, clflushopt, rdtscp, f16c
Processor Information for the first 8 processors :
  Max Mhz: 3408, Current Mhz: 3408, Mhz Limit: 3408

Memory: 4k page, system-wide physical 16300M (1887M free)
TotalPageFile size 34940M (AvailPageFile size 24M)
current process WorkingSet (physical memory assigned to process): 462M, peak: 462M
current process commit charge ("private bytes"): 494M, peak: 534M

vm_info: OpenJDK 64-Bit Server VM (21.0.10+-14961533-b1163.108) for windows-amd64 JRE (21.0.10+-14961533-b1163.108), built on 2026-03-02T19:58:50Z by "builder" with MS VC++ 16.10 / 16.11 (VS2019)

END.
